:040000006F209013CA
:10000400000000000000000090000020D00B002041
:10001400A9BDF9F3900000200000000000000000DA
:10002400900000209000002000000000000000006C
:10003400900000200000000090000020000000005C
:1000440090000020900000209000002090000020EC
:100054009000002090000020EE0C00209000002072
:1000640090000020900000209000002090000020CC
:10007400D00C002090000020900000209000002070
:1000840090000020900000209000002090000020AC
:1000940001A0B717004041119387870398433AC6DC
:1000A40094433247E39CE6FE32454101828041118C
:1000B400814601468145114506C6EF001051B72718
:1000C400004011472383E780B7F700E0938707D008
:1000D400984B6D9B98CB984B5D9B98CB73005010BD
:1000E40001000100B2404101828041118146014674
:1000F4008145114506C6EF00504DB7270040114712
:100104002383E780B717004003C7E70203C6E70469
:1001140083D6870391671366360063E5F600719B07
:1001240013671700F3260080A18A9387019E81CA72
:10013400F326008094C39443DD9A739006800F10D5
:100144000000B716004093860604930570052380CB
:10015400B600930580FA2380B6000F100000B7158F
:1001640000402382050223800600F3250080944387
:10017400A18ACD8E7390068023A0019E0F100000EB
:10018400F3260080A18A81CAF326008094C3944395
:10019400DD9A739006800F100000B7160040938616
:1001A4000604930570052380B600930580FA238026
:1001B400B6000F100000B71500402387E50223871F
:1001C400C50423800600F32600809843218B558FB5
:1001D4007310078023A0019E0F1000007327008076
:1001E400218B01CB7327008098C398435D9B7310C8
:1001F40007800F1000003717004013070704930609
:1002040070052300D700930680FA2300D7000F104F
:100214000000B716004003C6B60413660602A385A1
:10022400C60423000700F32600809843218B558FD2
:100234007310078023A0019E0F10000037F700E021
:10024400130707D0144B93E6460014CB144BDD9AE6
:1002540014CB730050100100010073270080218B20
:1002640001CB7327008098C398435D9B731007806C
:100274000F1000003717004013070704930670059A
:100284002300D700930680FA2300D7000F10000044
:10029400B716004003C6B6041376F60DA385C6044C
:1002A40023000700732700809C43A18BD98F739090
:1002B400078023A0019E0F100000B24041018280FC
:1002C4000111B7F5070026CA8146AA840A86E1050A
:1002D400194506CE22CC02C023120100EF00F02EF5
:1002E400B717004003C7E70413673700F3270080FC
:1002F400A18B1384019E81CBF32700801CC01C407A
:10030400DD9B739007800F100000B71700409387A0
:100314000704930670052380D700930680FA238090
:10032400D7000F100000B716004023820602238076
:100334000700F32600801C40A18BD58F73900780A3
:1003440023A0019E0F100000F3270080A18B81CB16
:10035400F32700801CC01C40DD9B739007800F10A6
:100364000000B717004093870704930670052380A5
:10037400D700930680FA2380D7000F100000B71629
:1003840000402387E60423800700732700801C4075
:10039400A18BD98F7390078023A0019E0F100000BA
:1003A40037F700E0832707D193E747002328F7D0E6
:1003B40083D7060293F7076033E7F400E5779107E4
:1003C4005D8F0100F3270080A18B81CBF327008090
:1003D4001CC01C40DD9B739007800F100000B717F2
:1003E400004093870704930670052380D700930683
:1003F40080FA2380D7000F100000B716004003C610
:10040400F60013660604A387C600B716004003C6A9
:10041400B60413660602A385C604B71600402390EB
:10042400E60223800700732700801C40A18BD98F2C
:100434007390078023A0019E0F100000B7F400E022
:1004440083A704D1DD9B23A8F4D0730050100100CE
:1004540001001305C012EF005004B7F507008146F0
:100464003000E105194502C423160100EF00F01520
:1004740022478247E316F7FCF3270080A18B81CB48
:10048400F32700801CC01C40DD9B739007800F1075
:100494000000B717004093870704130770052380F3
:1004A400E700130780FA2380E7000F100000B71657
:1004B400004003D70602460745832390E6022380C3
:1004C4000700732700801C40A18BD98F739007808D
:1004D40023A0019E0F100000F3270080A18B81CB85
:1004E400F32700801CC01C40DD9B739007800F1015
:1004F4000000B71700409387070413077005238093
:10050400E700130780FA2380E7000F100000371775
:1005140000408346B70493F6F60DA305D704238061
:100524000700732700801C40A18BD98F739007802C
:1005340023A0019E0F10000051458527F24062441C
:10054400D24405618280411126C281460146AA84B3
:100554008145114506C622C4EF0030073717004015
:10056400B717004083C7E7028346E70403568703AF
:10057400116793E636006365E600F19B93E7170085
:1005840073270080218B1384019E01CB7327008085
:1005940018C018405D9B731007800F1000003717B8
:1005A400004013070704130670052300C700130651
:1005B40080FA2300C7000F10000037160040230202
:1005C400060223000700732600801840218B518FF8
:1005D4007310078023A0019E0F1000007327008072
:1005E400218B01CB7327008018C018405D9B7310CA
:1005F40007800F1000003717004013070704130685
:1006040070052300C700130680FA2300C7000F10EB
:100614000000371600402307F6022307D604230000
:100624000700732700801C40A18BD98F739007802B
:1006340023A0019E0F10000013055002B92A37F7BA
:1006440000E0832707D193E747002328F7D0F32757
:100654000080A18B81CBF32700801CC01C40DD9B54
:10066400739007800F100000B717004093870704AA
:10067400130770052380E700130780FA2380E7003F
:100684000F100000371700408346F70093E6060476
:10069400A307D70023800700732700801C40A18B89
:1006A400D98F7390078023A0019E0F100000F327B9
:1006B4000080A18B81CBF32700801CC01C40DD9BF4
:1006C400739007800F100000B7170040938707044A
:1006D400130770052380E700130780FA2380E700DF
:1006E4000F1000006577458FB71600402390E6028F
:1006F40023800700732700801C40A18BD98F73903F
:10070400078023A0019E0F10000037F700E0832725
:1007140007D1DD9B2328F7D073005010010001009E
:1007240081460146814511454D25F3270080A18B63
:1007340081CBF32700801CC01C40DD9B7390078095
:100744000F100000B71700409387070413077005C4
:100754002380E700130780FA2380E7000F100000CE
:1007640037170040FD562316D7028346670493E6E5
:1007740016002303D70423800700732700801C403E
:10078400A18BD98F7390078023A0019E0F100000C6
:10079400B240224492444101828073270080218B1D
:1007A4009387019E01CB7327008098C398435D9B78
:1007B400731007800F100000371700401307070459
:1007C400930670052300D700930680FA2300D70010
:1007D4000F100000B716004003C6B6041376F60DDA
:1007E400A385C60423000700F32600809843218BC9
:1007F400558F7310078023A0019E0F1000001377FC
:1008040005026300071A371700400347A700118B3E
:100814003DE773270080218B01CB7327008098C3A9
:1008240098435D9B731007800F100000371700403A
:1008340013070704930670052300D700930680FA74
:100844002300D7000F100000B716004003C6A6000F
:10085400136646002385C60023000700F3260080A4
:100864009843218B558F7310078023A0019E0F108E
:1008740000001307004B010001007D176DFF732773
:100884000080218B01CB7327008098C398435D9B24
:10089400731007800F100000371700401307070478
:1008A400930670052300D700930680FA2300D7002F
:1008B4000F100000B71600407D892394A6000100A4
:1008C40001000100010023000700F3260080984383
:1008D400218B558F7310078023A0019E0F100000F9
:1008E40073270080218B01CB7327008098C3984322
:1008F4005D9B731007800F1000003717004013072B
:100904000704930670052300D700930680FA23009A
:10091400D7000F1000000F100000B7260040130688
:100924001005A383C68023000700F32600809843A4
:10093400218B558F7310078023A0019E0F10000098
:1009440073270080218B01CB7327008098C39843C1
:100954005D9B731007800F100000371700401307CA
:100964000704930670052300D700930680FA23003A
:10097400D7000F100000B716004003C6B604136674
:1009840006F8A385C60423000700732700809C4350
:10099400A18BD98F7390078023A0019E0F100000B4
:1009A4008280137705046305071637170040034751
:1009B400A700418B3DE773270080218B01CB732770
:1009C400008098C398435D9B731007800F1000004C
:1009D4003717004013070704930670052300D70058
:1009E400930680FA2300D7000F100000B7160040CA
:1009F40003C6A600136606012385C600230007006C
:100A0400F32600809843218B558F7310078023A011
:100A1400019E0F1000001307007D010001007D17E7
:100A24006DFF73270080218B01CB7327008098C34F
:100A340098435D9B731007800F1000003717004028
:100A440013070704930670052300D700930680FA62
:100A54002300D7000F1000009376F50193E60604F7
:100A6400371600402314D6000100010001000100E4
:100A740023000700F32600809843218B558F7310C1
:100A8400078023A0019E0F10000013076004631168
:100A9400E50473270080218B01CB7327008098C362
:100AA40098435D9B731007800F10000037170040B8
:100AB40013070704930670052300D700930680FAF2
:100AC4002300D7000F100000B7260040094691BD4F
:100AD40073270080218B01CB7327008098C3984330
:100AE4005D9B731007800F10000037170040130739
:100AF4000704930670052300D700930680FA2300A9
:100B0400D7000F100000B72600401306200511BDC2
:100B140073270080218B01CB7327008098C39843EF
:100B24005D9B731007800F100000371700401307F8
:100B34000704930670052300D700930680FA230068
:100B4400D7000F100000B716004003D686001366C6
:100B5400060C2394C600C1BB411181460146814560
:100B6400114506C69D24F3270080A18B9386019E20
:100B740081CBF32700809CC29C42DD9B739007804D
:100B84000F100000B7170040938707041307700580
:100B94002380E700130780FA2380E7000F1000008A
:100BA4003717004003466704136616002303C7047F
:100BB40023800700732700809C42A18BD98F7390F8
:100BC400078023A0019E0F100000B24041018280E3
:100BD4008146014681451145CD2A73270080218B2A
:100BE4009387019E01CB7327008098C398435D9B34
:100BF400731007800F100000371700401307070415
:100C0400930670052300D700930680FA2300D700CB
:100C14000F100000B71600407D562396C60223002D
:100C24000700F32600809843218B558F73100780AB
:100C340023A0019E0F10000073270080218B01CB9D
:100C44007327008098C398435D9B731007800F102F
:100C540000003717004013070704930670052300AC
:100C6400D700930680FA2300D7000F100000B716B0
:100C7400004003C66604136616002383C6042300DB
:100C84000700732700809C43A18BD98F7390078042
:100C940023A0019E0F10000001A0BD473305F502FB
:100CA40001007D1575FD8280411122C426C206C64D
:100CB400AA84014463179400B2402244924441013F
:100CC400828005041305803E4204C13F4180DDB7A4
:100CD400B7170040130700032388E702854723A6BC
:100CE400F1A473002030411106C6AD2DFDBF03C72A
:100CF40081AA85476318F700979000E0E780C01841
:100D04007300203097A000E0E780808AD5BF2303DA
:100D1400048015472303E48001002302A480828019
:100D240083076480E3CE07FE230304808280830765
:100D34006480E3CE07FE0345448082808307648099
:100D4400E3CE07FE2302A4808280411126C44AC256
:100D54004EC006C61377F50BAD47AA892E89954474
:100D64006306F70019456537653F8D444E85453761
:100D7400FD59FD1463983401B240A24412498249DA
:100D840041018280135509011375F50F453F22096E
:100D9400CDB7011126CC06CEB7040800513715454E
:100DA400BD37713769372AC6A53F32459377150099
:100DB40089EB136515001375F50FF240E2440561E4
:100DC4008280FD14E9FC0145CDBF397126DC4ADA85
:100DD4004ED852D656D45AD25ED006DE62CE66CCF7
:100DE400B7E700E07D5783AA070022C603AA47009D
:100DF40023A0E71823A2E718B717004013077005CC
:100E04002380E704130780FA2380E70483C7470499
:100E1400930B75FFB684E20793FBFB0F8546AA8903
:100E24002E8B328937240040E187015763FA76011B
:100E34006308D5008946130700026313D5000157E0
:100E4400D98F93F7F70FB71C00402382FC04114796
:100E54002303E4801305F00F5D3D094CD135636D28
:100E64007C11B7050700DA9537870700795563F2D7
:100E7400E504B3879500636EF702370B0800A947B2
:100E840033EB65016399F90689E48144513D268574
:100E94000DA0DA850945553D05090345F9FFFD1403
:100EA400050B693D81C49377FB0FFDF7DD3569FDC3
:100EB4007D55B7170040130770052380E704130717
:100EC40080FA2380E70403C74704418B2382E704A5
:100ED400F250B7E700E023A0571123A24711E254D0
:100EE40032445259C259325AA25A125B825B724C32
:100EF400E24C21618280A5476395F906856913094F
:100F0400F00FB3069900B3742B01B6941349F9FF9B
:100F1400B3749900856B33796901416B9387F9FF49
:100F2400B3F7270199E363FC340193D94900C1471E
:100F3400E3E637FF99BF0569C1697D19D9B7130580
:100F4400800D638869011305000263847901130528
:100F54001008CA85DD3B353D21DD4E99B38434410B
:100F6400D9B7DA852D45D533CA94E30099F205093A
:100F74007D3BA30FA9FED5BF9387F9FF93F7F70F26
:100F84006361FC0C83C71C0413073008631FF70458
:100F940037070800636BEB04B3079B00B706100028
:100FA40063F5D704334BEB0089476393F9068980D3
:100FB400D549E38C04ECDA850945413B1109032743
:100FC400C9FF91472320E48003076480E34E07FEB2
:100FD40023033481FD17EDFBFD14110B81C49377BA
:100FE400FB0FE9FF7D3371F5E1B5B717004003C787
:100FF4005704B70708001377070219E3B7870700F8
:101004007955E378FBEA33079B00E3FFE7F855B52E
:101014008547E382F9F2DA852D45053B9389F4FF90
:10102400E38504E6293393F7390091EB83260480A2
:101034000327090093074900E39AE6E43E89CE8436
:10104400F1BFB5476396F9001305900BC93135BD5F
:10105400B1471305B00AE38BF9FE99476391F9048C
:10106400B7050800B365BB002D45C53181448D4BE0
:10107400A149753963967401832704802320F900FC
:101084008504E39834FF8327048013172B016355E9
:1010940007002312F900D5BB2322F900FDB39D47B5
:1010A4006399F90281451305B0044531BD442320F9
:1010B400090023220900FD599D3993F77400CA974A
:1010C40003C70700FD14398D2380A700E39634FF7E
:1010D4006DBBA1476392F9046D398144630D0B0024
:1010E4008D479304C0036308FB0093040005630465
:1010F4008B01930440041375C507E30895D819457B
:10110400393139390545213126850D3909453D31B6
:101114004931E31C05D669BB91476399F90013056E
:101124006006F536F53E130590090DB7E38F09D433
:10113400F154A9BB19CD91CD09CE81473387F50070
:10114400834607003307F50085072300D700E3171C
:10115400F6FE828019C991C909CA910583A7C5FF02
:1011640011057D16232EF5FEC5BF828001C919C65F
:101174002A960505A30FB5FEE31DA6FE82808147CE
:101184003307F5000307070019E33E8582808507CE
:10119400C5BF01112E8626CAAA841315060193051C
:1011A400F004418122CC06CE32C6EF00906C2A8432
:1011B40001C53246A685BD3F2285F2406244D24431
:1011C40005618280854715C18DC105C28147B3067B
:1011D400F5003387F50083C60600034707006398CC
:1011E400E6008507E315F6FE85473E858280814744
:1011F400EDBF9307F6FFBE952A966313C500828060
:10120400FD1583C715000505A30FF5FEFDB7AA87D5
:10121400014581CF09CE3E96850703C7F7FF6317C3
:10122400B700E39BC7FE054582808280014582802A
:1012340079719387C1AE22D4804306D626D24AD090
:101244004ECE52CC56CA5AC85EC65DCCB7C4C9018C
:10125400014B938941AE9384F437175A0000130A63
:101264006AD0975A0000938AAAD317590000130929
:1012740069D78357240085E35C44631B0B0023A6D2
:10128400F1AE832BC4002285EF00106B5E84B9A8F5
:101294002326FB00FDB783A7090082971C4433076C
:1012A400F5406376F500032749001D8F2A9763E014
:1012B400E4089757000023AD07CE83552400034567
:1012C400040097A000E0E78080E65C405844A1CB8E
:1012D4000C4403264900AE97BE8663E4B70063E47A
:1012E400C700B386C74014C4228B3A8459F0975779
:1012F40000009387E7CA9C4B09476370F706F91708
:10130400175700002326F7CAB250225492540259A8
:10131400F249624AD24A424BB24B4561828063151C
:101324000B0023A6E1AEB1BF2326EB0099BF032730
:101334004A0209CF63EFA7003385A74083A70A01B8
:101344006376F5009757000023A4A7C6228B404478
:1013540071BF03274900BA97C5B79757000023A95F
:1013640007C45DB7411122C4175400001304C4C557
:101374001C4006C626C24AC091C7829797570000F0
:1013840023A407C49757000083C7D7DD858B9754E0
:1013940000009384E4DC95C397570000A38407DC22
:1013A40083C774001547637AF700052B83C774005D
:1013B400F5178A07A2979C4382971C4491C382978E
:1013C400138981AD0327090017560000034656BD53
:1013D4009757000083C7C7BC93961700BA9683D665
:1013E4000600C5CE9757000083C787BB63E1C70CCF
:1013F40097570000238607BA1C4063950712975736
:10140400000083C777D691CF83C7740093F7F70F93
:1014140089EB97570000A38907D497A001E0E780E0
:101424002004938741AE9C43638E070E97570000B8
:10143400938747BBDC4317570000232BF7B6CD3BFC
:1014440097570000938707B2DC53E9CF1757000082
:10145400130707B5184B9757000083C7F7B16363A9
:10146400F70C83C774001547636EF70A975700009B
:1014740083C787D3918BDDE70326090097560000C5
:1014840083C616B263C6D70A2244B24092440249C4
:10149400410117C302E06700E321850793F7F70FC3
:1014A40097560000238EF6AEE3E4C7F225BF860705
:1014B4003E978355070023100700239001AE9387BE
:1014C40001AF9C4317550000034585AD1317250054
:1014D400BA979C43829783D701AE175700000347FE
:1014E40027AC93C7F7FF7D8D9317170003270900D7
:1014F4003E97835707005D8D2310A7009757000080
:1015040083C707AA91C7850717570000230AF7A8BE
:10151400175700000347C7A89757000083C757A869
:10152400E378F7ECB24022449244024941018280BC
:10153400139717003297035707006DF7850799B77C
:10154400AD6737C70040BD072326F7200F10000002
:10155400975700009387C7A4C84F83278726BD6683
:10156400BD0693C7F7FF99836A052326D7205D8DAF
:1015740082804111B7170040985F3AC6945F3247A2
:10158400E39CE6FE3245410182801305F00F828020
:101594000111975700009387E7C822CC03A4070CD6
:1015A40026CA06CE2AC42EC6854419E40145F24053
:1015B4006244D2440561828083479100034714004A
:1015C400858B6304F7000044CDB719469305A10049
:1015D40013052400C53EE31895FE0545C9BF1387CE
:1015E400C1BA1C439306001094C30100010001001A
:1015F40001001C4323A0070083461500034825006F
:10160400A2064208C29603480500C2960348350064
:101614006208C29694D78346550003486500A20623
:101624004208C29603484500C29603487500620802
:10163400C296D4D7834695000348A500A206420863
:10164400C29603488500C2960348B5006208C29654
:1016540094DB8346D5000348E500A2064208C296FF
:101664000348C5000345F500C2966205AA96D4DB7B
:1016740083C6150003C52500A2064205AA9603C524
:101684000500AA9603C535006205AA9694CF83C6C1
:10169400550003C56500A2064205AA9603C5450088
:1016A400AA9603C575006205AA96D4CF83C6950091
:1016B40003C5A500A2064205AA9603C58500AA96FD
:1016C40003C5B5006205AA9694D383C6D50003C5A5
:1016D400E500A2064205AA9603C5C50083C5F50028
:1016E400AA96E205AE96D4D3D443F59AD4C3D44390
:1016F40093E61600D4C3944393E6160094C3BA87C2
:101704009443D842058B59E3984E01452300E600E3
:101714009843184F2183A300E6009843184F418350
:101724002301E6009843184F6183A301E6009C431C
:10173400D84F2302E600D84F2183A302E600D84FF6
:1017440041832303E600D84F6183A303E600985343
:101754002304E60098532183A304E60098534183AD
:101764002305E60098536183A305E600D8532306B6
:10177400E600D8532183A306E600D8534183230708
:10178400E600DC53E183A307F600828001008DBFED
:10179400138701BB1443411122C49C5E4AC006C690
:1017A400998326C2858B3A841389C1BAD1C79C5EBA
:1017B400975400009384C49A93F7F7F99CDE175763
:1017C40000000347479A93070008631BF700832729
:1017D40009009C4393F70704175700002305F79863
:1017E40083C7040093F707048DC3938741AE9C43DA
:1017F40082979757000023ADA79683C7040093F7F9
:10180400F70B17570000230DF79483C7440093F791
:1018140007049DE3854717570000A305F7949387B2
:10182400C1BB9C43096798C7130700FC9756000087
:10183400238AE692D844F8D31C40985F1183058B21
:1018440009CB985F3D9B98DF054797560000238B93
:10185400E690985F1D83058B11CB985F1377F7F79C
:1018640098DF854717570000230EF78E832709005A
:10187400D8430583058B19C7D843759BD8C3D84370
:10188400799BD8C3B24022449244024941018280E8
:10189400397106DE16DC1ADA1ED82AD62ED432D2D4
:1018A40036D03ACE3ECC42CA46C872C676C47AC254
:1018B4007EC0F93DF250E2525253C2533255A25502
:1018C400125682567247E2475248C248324EA24EDE
:1018D400124F824F2161730020309387C1BB944320
:1018E400975700009387C78703C70700058B11CB61
:1018F400975700002388078697570000A38407861C
:10190400828003C71700058B65F7F85271FF83C700
:101914005700DDB7138801BB032708001C5F9583BC
:10192400858BD1E709C61C5BBD832300F60085CAFD
:1019340083270800985B460793576701635607009F
:1019440093E707C0C207C18303970600C207C18794
:1019540009C7BA970947B3C7E7022390F60085CDB4
:10196400834715008DCB9746000083C6C67F93F648
:1019740006041387970089478DCA3A9503470500E3
:10198400854699471376F7066311D6026207618785
:10199400B947634C0700832708009C5FED838D8B58
:1019A40017470000A303F77C81473E858280854763
:1019B400EDBF411122C406C61384C1BB18402DE9F2
:1019C400AE877453FDFE3E85B28597470000238A97
:1019D4000778979001E0E780E07D938701BB9C4303
:1019E400B70680009843558F98C3D857719BD8D7B2
:1019F40097470000A388077697470000A3820776DD
:101A04001C40094798C31440174700001307477543
:101A140083472700858B89EB83473700858BD9C3A0
:101A24009747000023800774B2402244410182801A
:101A34008D47631EF500938701BB9C43B706800066
:101A44009843558F98C3D857719BD8D76DBF854796
:101A5400E31BF5FA5447F977FD17F58F5CC70F10B0
:101A640000001C40096798C7130700F817460000D8
:101A7400230AE66E138701BB1043184231830D8B92
:101A840011E713076019F8D3D4C7B5BF1842094644
:101A940031830D8B6315C7001307E043EDB71307BC
:101AA400E01BD5B7FC52ADF741B75D71A2C4A6C225
:101AB4002A84130680022800AE849305100886C683
:101AC400CAC04EDE52DCEFF06FEA354597A001E064
:101AD400E780C0AA138301BB832703009376F41F16
:101AE400138E41BC23A40700984B938EC1BB370FC0
:101AF400FCFF1367F70398CBF84F130510F8B702F0
:101B04000400137707E0558FF8CF9843F576FD1658
:101B1400758F98C39843B7063300930380251377D2
:101B2400F7E798C3984311497D1F1377F7E71367C5
:101B3400071098C303270E008549930F80021C47A2
:101B4400D58F1CC783A70E001307900D3400B8CBA4
:101B5400014793553700A69583C705001376770090
:101B6400B3D7C740858BE1C38327030083280E00C6
:101B7400239C07042390070603A8C8021378D8FF00
:101B840023A6080383A807001378F70793F808F837
:101B940033E8080123A0070103A84702336858006B
:101BA40023A2070383A80E00014823A2780603DAC0
:101BB40007066307480303A80703038A06001358AC
:101BC400F80062081358884163580A0103A8070300
:101BD4001358F8002380060103D807061378F80F7A
:101BE40003AA480663060A0003DA8705E37F49FB74
:101BF40003A847023378E80123A20703838706007A
:101C0400635CF40003C805003396C9001346F6FF6D
:101C1400337606012380C5003E8663D3A7002A8657
:101C240013158601618505071377F70F8506E312FF
:101C3400F7F3B640264496440649F259625A616164
:101C440082809386C1BB9C42D84713161701635503
:101C54000602984713161701635006027D57B8D73A
:101C6400174700001307C733584F050717460000EE
:101C74002326E634116798C798470D83058B1DCB3F
:101C8400174700000347E74D136717001746000086
:101C94002309E64C130700F8174600002304E64C1A
:101CA400214798C7138701BB10435856719B13678C
:101CB400170058D69847058B0DC7174700000347F0
:101CC400374A1367170017460000A30BE648054779
:101CD40098C7138701BB10435856719B13671700AD
:101CE40058D698470983058B09E798470583058BE0
:101CF40021CF98471746000013068646138501BB7B
:101D04000983058B630307101841184331830D8B36
:101D140075EBAC4B184E93F5050203471700CDCD78
:101D240079EF13077006D8CF03470600136717002F
:101D3400174600002306E642114798C718415C572E
:101D4400F19B93E717005CD79C42984793163701A1
:101D540063D606029746000083C64654C18A1747D5
:101D640000001307274CC5CE0347870713670702F4
:101D7400974600002384E652056798C79847931650
:101D8400270163D10602174700000347A73D6207F6
:101D94006187635707000547974600002384E63CA4
:101DA400096798C798479316070163D606029746B2
:101DB400000083C6B64E858A17470000130787467E
:101DC400ADCE034797071367270097460000A38704
:101DD400E64C216798C7828029D785456315B700EB
:101DE4001307B00689B789456315B7001307F006D2
:101DF4001DBF8D456315B700130730072DB71307B3
:101E0400500715B71307600739BF03473600136738
:101E1400170017460000A306E634094739BF834676
:101E240087070946BD8A6388C600034787078D462E
:101E34003D8BE313D7F4114725BF83469707918A57
:101E4400C9DA034797071367870041B7397106DE7C
:101E540016DC1ADA1ED82AD62ED432D236D03ACE8E
:101E64003ECC42CA46C872C676C47AC27EC0D13B52
:101E7400F250E2525253C2533255A2551256825670
:101E84007247E2475248C248324EA24E124F824F26
:101E9400216173002030174700001307272E834663
:101EA400B7019747000083C737304C4BB697FD8B7B
:101EB40033D7F50097460000A382F62C974600001E
:101EC400A384F62E058B15EF174700000347172E42
:101ED400B3F7E702814601471305000233D6E50054
:101EE400058A1378F70F19CA6397D700974700003C
:101EF400A38607298280850693F6F60F0507E31F5C
:101F0400A7FC82809747000083C7D725D9E793872A
:101F140041AE9C43411122C426C206C6829797470C
:101F240000009387A7278047BE846303A4066368E1
:101F34008504018D135455009747000083C7A725D6
:101F44006368F404893F98449747000083C7A72433
:101F54009396570036971D8C9746000023A4E624D9
:101F6400E372F4FE2244B240924417450000034554
:101F7400F5208145410117A301E0670083A7974736
:101F8400000093872706DC433384874022955DB79E
:101F9400B24022449244410182808280938741AEC0
:101FA4009C43011122CC4AC806CE26CA4EC682974B
:101FB400974700009387871E804701496301A40661
:101FC400BE8463668506018D13545500974700004F
:101FD40083C7671C1379F5016360F4049749000013
:101FE400938949004D3D03A884009746000083C6A9
:101FF400861A139756004297158C3A8683A5490092
:10200400636407016364B7003306B7409747000071
:1020140023AAC718E378D4FC160433692401F240D8
:1020240062444A85D2444249B24905618280974755
:102034000000938727FBDC4333848740229569B7EC
:102044009387C1BB98438567938707777CD393872E
:1020540041BC9C4383A607091396560063580600A7
:1020640083A6070913966600634406007453FDF2C1
:10207400828061C1AA870145DDCD8D07C207C18376
:10208400F19BC207C18313074003636BF7021387F5
:10209400C1C40843138741C414436396A602174777
:1020A4000000130727EC185B014551C74111C20713
:1020B40006C60545DD8D0297B24001454101828087
:1020C400138781C4F9B70357650035E30357450007
:1020D400636FF704B306F7402146637CD6020328F6
:1020E4000500938687001D8FAA9661171746000086
:1020F400035666EB2392E60023A006012393060011
:1021040014C12312F500130786FF97460000239C91
:10211400E6E82313B5009745000083D5C5E8B387E7
:10212400F540174700002310F7E821058280084195
:10213400ADB701458280828009CD9387C1C403A3D2
:102144000700938741C483A8070081469A8763E305
:102154001701828003A807006369F50A6367A80A68
:1021640013878700E367E5FE03D667002167050749
:102174006317E60003C741B805072382E1B8974512
:1021840000009385E5E103D6470003D76500239358
:102194000700329742074183174500002315E5E005
:1021A40063886702138581C408416303F50203D57C
:1021B400660019ED83D7460023A0060121073E9649
:1021C40021062392C60097470000239EE7DCB687CA
:1021D4009843E30017F9938681C49442E30BD7F63E
:1021E40083566700BDF683D647000356470018435D
:1021F400A106B2962392D70098C383D76500A1079E
:10220400174700002311F7DA8280BE86C28781B7A0
:102214000327851163020712411122C406C68347AE
:10222400C5008345E5042A8493F7C70F2306F50008
:10223400834697000356C70013958601618563F2B0
:10224400C508635B05060345870093F6F607A304F8
:10225400D700054693E627006314C50093E61700EC
:102264002306D4005C4389075CC3A30AB400032596
:1022740004112E864C430905EFE0DFEB832784111C
:1022840003465401D44303D7C700B296118FD4C375
:102294002396E7008947A30DF40003476403974797
:1022A400000083C747CD6378F7048347C40093E7EE
:1022B40007012306F40081A093E717002306F40026
:1022C4006DB79376F60F635D050203458700854578
:1022D40013E627006314B50013E617002306C400B1
:1022E400A30AD400A30407008547A30DF4008327A1
:1022F40084119C43DDF3B2402244014541018280B4
:1023040093E717002306F400A30AD400A3040700EC
:10231400032504114C430905EFE0DFE18327841111
:1023240003465401D44303D7C700B296118FD4C3D4
:102334002396E7008D4755BF054582809387C1C525
:102344009C43411122C406C6858B2A84C5EF41658E
:10235400130525F5975002E0E780600145C58347E2
:10236400A5002315F50083270412BDE72320A4123A
:102374002322A41285472311F40423200500834754
:10238400640154412316F5000347D4002304E500F7
:102394000547A304E50017470000130767DC184F3F
:1023A4001385170215811C437D151375F50F9CC207
:1023B4005C43DCC21C479CC65C47DCC61C4B9CCA05
:1023C4005C4BDCCA1C4F9CCE5C4FDCCE19CD938693
:1023D400060213070702C1BF8327441288C3835729
:1023E40024042322A412850779B79747000083D7D2
:1023F400E7E3850717470000231AF7E2B2402244B7
:10240400410182808347C40023090400054593C722
:1024140047002306F400DDB78347850193F7E70FF0
:10242400C5EF83479501CDEB034625018346C500DF
:1024340009CA83456503174700000347D7B363E719
:10244400E50013F7060151CB014709C6C18A0357BA
:10245400651C81C68356A51C369741C31307C71252
:1024640017450000035585B8B335A70237460F005A
:10247400411113060624814622C426C206C67D5491
:102484003305A702978002E0E780600097470000C9
:1024940083C7D7AEB384A70097470000938787D834
:1024A40003A787098327070963F387003E8418433A
:1024B40075FB938741AE9C43829781476364A40074
:1024C400B307A440B2402244B3B7970093C71700A0
:1024D40092443E854101828081473E858280938774
:1024E400C1BB98437C53FDFF8280797126D206D606
:1024F40022D44AD04ECE52CC56CA5AC85EC683475E
:10250400550303447513AA843E941374F40F93077C
:10251400400263F687001304B4FD1374F40F03AA96
:10252400841383AAC413A38B841222865285D6856E
:10253400978002E0E78060F0058915E503CBD412AB
:1025440001498149337B6403930B50024A865285C7
:10255400D685978002E0E78040EE058915C5639132
:1025640069031374F90F238B8412B25022549254CA
:102574000259F249624AD24A424BB24B45618280C7
:102584008509E20993D989410509E31179FDE1BF80
:102594008327850903560504797193D60701BD8EF7
:1025A400C206C182358E1357764093575640898BA5
:1025B400058B5D8F93573640918B5D8F93571640F3
:1025C400A18B5D8F93171600C18B5D8F9317360017
:1025D40093F707025D8F931756009355860093F780
:1025E40007041E065D8F1376F60F518F93D755405F
:1025F40013D63540118A898BD18F13D67540D18F6C
:1026040013D61540218AD18F13961500418AD18F94
:102614001396350013760602D18F13965500137660
:1026240006049E05D18F93F5F50FCD8FA20745467D
:102634005D8F3307C70222D42A8426D252CC56CACD
:10264400032A8413832AC4135AC806D6369742072A
:10265400418393577740135557400989858BC98F18
:10266400135537401189C98F135517402189C98FD4
:10267400131517004189C98F131537001375050207
:10268400C98F1315570093558700137505041E074A
:10269400C98F1377F70FD98F13D5354013D755400A
:1026A4001189098B498F13D57540498F13D515406E
:1026B4002189498F139515004189498F1395350058
:1026C40013750502498F13955500137505049E056E
:1026D400498F93F5F50F4D8F2207D98FB387C70222
:1026E4004AD04ECE5EC662C4B697C207C18313D722
:1026F400774013D557400989058B498F13D5374047
:102704001189498F13D517402189498F13951700D3
:102714004189498F1395370013750502498F139525
:10272400570093D58700137505049E07498F93F7C7
:10273400F70FD98F13D5354013D755401189098B1D
:10274400498F13D57540498F13D515402189498F79
:10275400139515004189498F1395350013750502AA
:10276400498F13955500137505049E05498F93F5FC
:10277400F50F4D8F2207D98FB387C7021306500276
:102784005285D685B697BD8E93940601C18033F6E3
:10279400C402137BF60F978002E0E78000CA058924
:1027A4000DED8347D41201498149B3849702130C78
:1027B4005002C1804A865285D685978002E0E78020
:1027C400C0C70589937BF90F11C563863403850956
:1027D40093F9F90F0509E31F89FD230B6413B25024
:1027E400225492540259F249624AD24A424BB24BA1
:1027F400224C456182805E8BCDB7797122D406D696
:1028040083C735002E8423160100A307F10083C774
:102814004500100802C02307F10083C755008A85CC
:1028240002C2A306F10002C402C802CA02CC02CE4C
:10283400EFE0FFDA0347F101834704000145631029
:10284400F7020347E1018347140001456319F700C8
:102854000345D101834724001D8D13351500B25063
:102864002254456182800111974700009387879B1A
:1028740022CC03A4870C26CA4AC84EC606CEAA8414
:1028840013092500854915C083C714000347340084
:10289400858B6304F700405CFDB71946930544003B
:1028A4004A85EFE03F92E31835FF2285F240624407
:1028B400D2444249B24905618280411197470000E0
:1028C4009387479622C403A4870C26C24AC006C62F
:1028D40093042500054901E82285B240224492442C
:1028E400024941018280A6851305A4023937E30514
:1028F40025FF405CCDB7411197470000938787922D
:1029040022C403A4870C26C24AC006C69304250029
:10291400054901E82285B24022449244024941011A
:102924008280A6851305A401C93DE30525FF405C0B
:04293400CDB700001B
:102938009711002093818117175100201301016C12
:102948001305400097D5FF1F9385456B1706002098
:10295800130606FE63FAC5008322050023A055006E
:1029680011059105E3EAC5FE17B50200130585E1D7
:10297800970500209385C5FB17160020130606B19E
:1029880063FAC5008322050023A0550011059105AF
:10299800E3EAC5FE1385019E97450020938545A36C
:1029A8006377B500232005001105E36DB5FEFD42F0
:1029B800739002BC8D42739042809302800873909A
:1029C800023097D2FF1F9382626393E232007390C2
:1029D800523037170040930770052300F704930718
:1029E80080FA2300F7040F1000003C47B70600FAEE
:1029F800E116F58FB70600069506D58F3CC79752A6
:102A080000009382C2DA73901234730020302A8354
:102A180011C62300B3007D16050365FE82802A8354
:102A280009CA83830500230073007D160503850505
:102A38006DFA828015C22A8385466367B500FD5604
:102A48001307F6FF3A93BA958383050023007300B2
:102A58007D163693B6956DFA8280B717004003C786
:102A680077051A0592051377E70F4D8DA38BE704B9
:102A780013653500B7170040A38CA7048280B717E9
:102A8800004003C777051377E70FA38BE704B71751
:102A98000040130700F8A38DE7043D47238CE704A3
:102AA80013075003A38CE7048280B717004093876D
:102AB800A70505472380E70003C70700058B6DFFBF
:102AC800B717004003D5C705520551818280B71753
:102AD800004083C7E704120593F7F70833E7A70018
:102AE800F3270080A18B9386019E81CBF32700807A
:102AF8009CC29C42DD9B739007800F100000B717A3
:102B0800004093870704130670052380C700130647
:102B180080FA2380C7000F100000371600402307F3
:102B2800E60423800700732700809C42A18BD98F7D
:102B38007390078023A0019E0F1000008280B717B2
:102B4800004083C7E7020D8993F7C70F33E7A70053
:102B5800F3270080A18B9386019E81CBF327008009
:102B68009CC29C42DD9B739007800F100000B71732
:102B7800004093870704130670052380C7001306D7
:102B880080FA2380C7000F10000037160040230783
:102B9800E60223800700732700809C42A18BD98F0F
:102BA8007390078023A0019E0F10000082804111BE
:102BB8002A838148130F407E130E0019930F400695
:102BC8001318030113580801636E0F15337EC503EC
:102BD800854E0D4FA14FFD4263EBBE167D16B29890
:102BE8007946C20893D808013307C70213D61700DD
:102BF800858BBE0732976146B3F6C602130680700E
:102C0800B386C60236974207D98F37170040130795
:102C1800F7028346070093F60608A307D100034688
:102C2800F1008346070093F60608E314D6FE03472F
:102C3800F10009EB371700401307F7028346F1004C
:102C480063860614F3260080A18A1387019E639E7B
:102C580006140F100000B7160040938606041306EA
:102C680070052380C600130680FA2380C6000F1063
:102C7800000037160040232A1603B715004003C585
:102C8800150313064603136505F8A388A5022380D8
:102C98000600F32500801443A18ACD8E7390068028
:102CA80023A0019E0F100000B71500409385C503AF
:102CB80014428841A98E139526017DF9F3260080D8
:102CC800A18A81CAF326008014C31443DD9A739045
:102CD80006800F100000B7160040938606041306FE
:102CE80070052380C600130680FA2380C6000F10E3
:102CF8000000371600405CDAB287034616031366F5
:102D08000604A388C70223800600F32600801C431C
:102D1800A18BD58F7390078023A0019E0F10000010
:102D2800410182807D13B36EC3031308E016638EDE
:102D38000E00B36EF3031308D01663880E001378E1
:102D48003300133818001308D816C29895BD639637
:102D5800E5030548630D0E0013034006337365024F
:102D6800014863060300137835001338180071080A
:102D7800FD15C205C298C18185B513F315003388C6
:102D88006240E3F7BFFE1308E301DDB7834607009F
:102D980093F60608A307D1000346F100834607000F
:102DA80093F60608E314D6FE51BDF326008014C33B
:102DB8001443DD9A7390068069BD5971DAC886D6C6
:102DC800A2D4A6D2CAD0CECED2CCD6CADEC6E2C44F
:102DD800E6C2EAC06EDE2A8B02D6EF1040037327E4
:102DE8000080218B938C019E11CB7327008023A038
:102DF800EC0003A70C005D9B731007800F10000008
:102E0800B716004093860604130770052380E60072
:102E1800130780FA2380E6000F10000037170040E0
:102E28000346F7021376760FA307C7020346F70295
:102E380013668600A307C70223800600F3260080D6
:102E480003A70C00218B558F7310078023A0019EC8
:102E58000F10000073270080218B11CB732700808F
:102E680023A0EC0003A70C005D9B731007800F10D4
:102E78000000B716004093860604130770052380E8
:102E8800E600130780FA2380E6000F1000003717CA
:102E980000400346E7021376C60F2307C70203461E
:102EA800E702136616002307C70223800600F326ED
:102EB800008003A70C00218B558F7310078023A077
:102EC800019E0F1000001167130707E8B347E502DA
:102ED800130780C113095002BD66938606A6130620
:102EE80060FB0544331464010D84814481493347F0
:102EF800E5023EC6330927033349D9023306C70220
:102F0800B30720413ECC3307E040B347D602B7466B
:102F18000F00938606243EC8B347D5023304E40263
:102F2800130760553ECA3304E40273270080218BDF
:102F380011CB7327008023A0EC0003A70C005D9B36
:102F4800731007800F100000371D0040130D0D048B
:102F5800930A700523005D01130A80FA23004D01CE
:102F68000F100000B71D004003C63D05938D3D05B9
:102F78001376860F2380CD0003C60D001366160056
:102F88002380CD0023000D00F325008003A60C004C
:102F9800218A4D8E7310068023A0019E0F10000019
:102FA800916B138CFBFF73260080218A11CA73264C
:102FB800008023A0CC0003A60C005D9A7310068045
:102FC8000F100000930770052300FD0023004D013A
:102FD8000F10000003C60D006175136606022380FA
:102FE800CD003716004083550605B3E57501231853
:102FF800B60483550605C98D2318B60423000D00B1
:10300800F325008003A60C00218A4D8E73100680DC
:1030180023A0019E0F10000003C60D0013760602C0
:103028006306064803C60D00218A6DDE6810EF00AE
:10303800F06173260080218A11CA7326008023A0BC
:10304800CC0003A60C005D9A731006800F100000D8
:1030580023005D0123004D010F10000003C60D0081
:1030680061751376F60D2380CD0003C60D00136637
:1030780006022380CD003716004083550605B3E5C8
:1030880075012318B60483550605C98D2318B6049F
:1030980023000D00F325008003A60C00218A4D8E25
:1030A8007310068023A0019E0F10000003C60D00B8
:1030B800137606026308064203C60D00218A6DFED8
:1030C80097D0FF1FE780A0FC2ACE97D0FF1FE7808C
:1030D80000FCF247E30BF5FE371600408355060562
:1030E8003255B3E575012318B604EF00305803C60E
:1030F8000D00218A6DDE37160040B71500400356D3
:10310800060583C52505B24733768601B385850351
:103118002E961D8E6355C900E2476341F6408945E6
:1031280063F0354173270080218B11CB7327008012
:1031380023A0EC0003A70C005D9B731007800F1001
:103148000000B71600409386060493057005238097
:10315800B600130580FA2380A6000F100000371769
:10316800004003463705130737051376860F2300FB
:10317800C700034607003366CB002300C70023803F
:1031880006007328008003A60C00218A3366060116
:103198007310068023A0019E0F100000034607004D
:1031A8001D8A631A663F73270080218B11CB732712
:1031B800008023A0EC0003A70C005D9B7310078020
:1031C8000F100000B716004093860604930570059B
:1031D8002380B600130580FA2380A6000F10000094
:1031E80037170040034637059168130737051376EC
:1031F800F60D2300C70003460700136606022300E6
:10320800C70037160040035806053368180123180D
:10321800060503580605E1783368180123180605E2
:10322800238006007328008003A60C00218A3366D9
:1032380006017310068023A0019E0F1000000346AC
:10324800070013760602630E0636B716004093860B
:10325800360503C70600218B6DDF6810EF00103FAD
:1032680073270080218B11CB7327008023A0EC00EB
:1032780003A70C005D9B731007800F100000B716A2
:10328800004093860604930570052380B600130555
:1032980080FA2380A6000F1000003717004003466D
:1032A80037059168130737051376F60D2300C70015
:1032B80003460700136606022300C70037160040BE
:1032C8000358060533681801231806050358060530
:1032D800E17833681801231806052380060073284F
:1032E800008003A60C00218A33660601731006804D
:1032F80023A0019E0F100000034607001376060264
:10330800630D062EB71600409386360503C70600E0
:10331800218B6DFF97D0FF1FE78060D72A8A97D04F
:10332800FF1FE780C0D6E30C45FF371700408356E0
:10333800070511663255D18E2318D704EF001033D4
:10334800B71600409386360503C70600218B6DDF4C
:10335800F3260080A18A1387019E81CAF326008084
:1033680014C31443DD9A739006800F100000B7163B
:10337800004093860604130670052380C6001306D2
:1033880080FA2380C6000F100000371600408345DE
:10339800360593F5F50DA309B604238006007326B8
:1033A80000801443A18AD18E7390068023A0019EC9
:1033B8000F100000B716004083D5060503C6260582
:1033C8009166FD16F58DB306D602D2471306001096
:1033D800B6958566938606FAB3966601B386F602B5
:1033E800B3C6C6021306800C8E06958DBD669386FD
:1033F80006A6B346D4023386C5023346D6028946AA
:103408006359B0220506B346D602371600401306A4
:10341800C6026352D022035606009305F00F1582A8
:10342800369663DEC52C894663F39626F32700801B
:10343800A18B81CBF32700801CC31C43DD9B7390B9
:1034480007800F100000B717004093870704930602
:1034580070052380D700930680FA2380D7000F10C9
:103468000000B716004003D6C602896581154D8E47
:103478002396C60223800700F32600801C43A18BF5
:10348800D58F7390078023A0019E0F100000B650BF
:10349800265496540659F649664AD64A464BB64BC0
:1034A800264C964C064DF25D65618280732600803D
:1034B800218A11CA7326008023A0CC0003A60C0021
:1034C8005D9A731006800F10000023005D01230031
:1034D8004D010F10000003C60D001366060223807D
:1034E800CD0029BE73260080218A11CA7326008068
:1034F80023A0CC0003A60C005D9A731006800F1061
:10350800000023005D0123004D010F10000003C6D9
:103518000D00136606022380CD009DBEE39409C00A
:10352800C247850993151600B3C5F50293F9F90F3B
:1035380009456350C006850533C6A502F3250080FA
:10354800A18991C9F325008023A0BC0083A50C00A4
:10355800DD99739005800F10000023005D012300A2
:103568004D010F100000B715004003D5C5022A967B
:103578002396C50223000D00F325008003A60C0046
:10358800218A4D8E7310068023A0019E0F10000023
:1035980019BCFD1555B773260080218A11CA7326F8
:1035A800008023A0CC0003A60C005D9A731006804F
:1035B8000F1000002380B6002380A6000F10000023
:1035C8004DBE73260080218A11CA7326008023A06D
:1035D800CC0003A60C005D9A731006800F10000043
:1035E8002380B6002380A6000F10000003460700C2
:1035F800136606022300C70025B173260080218ABE
:1036080011CA7326008023A0CC0003A60C005D9A83
:10361800731006800F1000002380B6002380A600D8
:103628000F10000003460700136606022300C700B8
:103638006DB17D16C9BBE1C603560600B305D0407F
:103648001582635EB60A894663F39604F327008001
:10365800A18B81CBF32700801CC31C43DD9B739097
:1036680007800F100000B7170040938707049306E0
:1036780070052380D700930680FA2380D7000F10A7
:103688000000B716004003D6C6027D8AD5B3F326DC
:103698000080A18A81CAF326008014C31443DD9AEE
:1036A800739006800F100000B7160040938606043A
:1036B800130670052380C600130680FA2380C6000F
:1036C8000F100000B715004003D6C50205650115A7
:1036D8001376F60F498E2396C50223800600F3263B
:1036E80000801843218B558F7310078023A0019EFB
:1036F8000F100000850493F4F40F6FF01F83F32775
:103708000080A18B81CBF32700801CC31C43DD9B69
:10371800739007800F100000B717004093870704C5
:10372800130670052380C700130680FA2380C7009C
:103738000F100000371600408355C6029606AE9655
:103748002316D60205BB914763E6B70697870200A2
:10375800938747728A05BE9598413E97B7170040F0
:103768009387470B028798431345F5FF698F98C3E2
:10377800B71700409387070B9843698F98C3B7170B
:1037880000409387070A9843798D88C382809443C1
:103798001347F5FFF98E94C3B71700409387070BBB
:1037A8009443C98E94C3B71700409387070A94437C
:1037B800758F98C382809843498F98C3B717004084
:1037C8009387070B98431345F5FF45BF9443134769
:1037D800F5FF758F98C3B71700409387070A98437A
:1037E800498FC1BF9843498FF5B7914763E6B7063C
:1037F80097870200938747698A05BE9598413E9747
:10380800B71700409387470D028798431345F5FF84
:10381800698F98C3B71700409387070D9843698F3E
:1038280098C3B71700409387070C9843798D88C3CE
:10383800828094431347F5FFF98E94C3B71700406D
:103848009387070D9443C98E94C3B7170040938795
:10385800070C9443758F98C382809843498F98C307
:10386800B71700409387070D98431345F5FF45BFE9
:1038780094431347F5FF758F98C3B7170040938794
:10388800070C9843498FC1BF9843498FF5B7131761
:10389800050189474183638FF50463E6B702B717CB
:1038A8000040938747091346F7FF9DE983D6070031
:1038B800F18E2390D700B71700409387C70A944327
:1038C800C98E94C321A08D47638EF502B7170040B7
:1038D800239EE70883D60709558F2398E708828037
:1038E80083D60700F18E2390D700B717004093873F
:1038F800870AF1B7B717004083D64709D98E239AAC
:10390800D70855BFB717004083D64709D98E239AE1
:10391800D708E1BFB757004003D7078093870780D0
:1039280011C5136717002390E7008280C166F91656
:10393800758FD5BFB757004003D707809387078097
:1039480011C5136707102390E7008280C16693862C
:10395800F6EF758FCDBFB757004003D70780938721
:10396800078011C5136707202390E7008280C1668E
:103978009386F6DF758FCDBFB75700402398A78091
:1039880082809377E50F99C19367150037570040F8
:103998002318F7808280B757004003D707809387A2
:1039A800078011C5E176558F2390E700828046078E
:1039B8004583DDBF797122D43754004026D2AA84CA
:1039C8000355048061782ECE3365050132CC36CAA2
:1039D8003AC83EC606D62310A48001456D3F052986
:1039E800035844804163130303FC337868002312AF
:1039F800048137480F00130808243358050303537C
:103A08004480F245B2474247D246624633630301D7
:103A1800231264808358048041637913B3F86800E3
:103A280023101481E1689388086A63E2B808860560
:103A3800B355B502114613D525001375F53F01C5D9
:103A480005667D166D8E05089305F00363F3050181
:103A58002E88B755004023900583B7550040239E14
:103A6800C5802E8683D505804165130555BF93E52E
:103A780015002310B68083550680B2502254E98D74
:103A88002310B68083550680D58DC58D2310B6804A
:103A9800B756004003D686802394068003D68680D6
:103AA80092545D8E598E2394C680456182808568C4
:103AB80015EA0D463386C502FD183356C502B3759F
:103AC80016012E86C205C18191E10546E1754D8E2C
:103AD8009305C0123308B8029305803E3358B802E4
:103AE800050885BF6546B385C502FD183356B5027E
:103AF8009165337616014D8ED1BFB757004003D775
:103B0800478183D78781C207D98FE98FA207A1830D
:103B18003385A740133515008280411102C4B75779
:103B2800004002C6938707803EC69357C5013EC42E
:103B3800224722059357850019CB324751073AC6C9
:103B48003247084341017D8D3335A00082803247DA
:103B5800C1836107EDB7411122C4B717004006C6FB
:103B680003C7270283D707021384019E3DE593F715
:103B7800F79FF3260080A18A81CAF326008014C02B
:103B88001440DD9A739006800F100000B7160040AD
:103B980093860604130670052380C600130680FA70
:103BA8002380C6000F100000371600401377F70770
:103BB8002301E6022310F602238006007327008003
:103BC8001C40A18BD98F7390078023A0019E0F10F2
:103BD8000000B240224441018280136707F893E74E
:103BE8000740F3260080A18A81CAF326008014C00A
:103BF8001440DD9A739006800F100000B71600403D
:103C080093860604130670052380C600130680FAFF
:103C18002380C6000F100000371600402301E6027B
:103C28002310F60223800600732700801C40A18B16
:103C3800D98F7390078023A0019E0F10000029459B
:103C480097D0FF1FE7802005F3270080A18B81CB49
:103C5800F32700801CC01C40DD9B739007800F1069
:103C68000000B717004093870704130770052380E7
:103C7800E700130780FA2380E7000F1000003717CA
:103C880000408356070293E606202310D7022380BC
:103C980007002DB79387019E3DE173270080218B94
:103CA80001CB7327008098C398435D9B73100780EE
:103CB8000F1000003717004013070704930670051C
:103CC8002300D700930680FA2300D7000F100000C6
:103CD800B716004003C6E60093C5F5FF6D8E23872F
:103CE800C60023000700732700809C43A18BD98F4F
:103CF8007390078023A0019E0F1000008280930616
:103D0800F6FFB336D00073270080218B01CB7327D1
:103D1800008098C398435D9B731007800F100000C4
:103D28003717004013070704130670052300C70060
:103D3800130680FA2300C7000F1000003715004053
:103D48000346E5004D8E136606042307C5002300CD
:103D58000700732600809843218B518F73100780CA
:103D680023A0019E0F10000073270080218B01CB38
:103D78007327008098C398435D9B731007800F10CA
:103D880000003717004013070704130670052300C7
:103D9800C700130680FA2300C7000F10000037166B
:103DA80000408345F60093F5C50FA307B60023002E
:103DB8000700732600809843218B518F731007806A
:103DC80023A0019E0F10000073270080218B01CBD8
:103DD8007327008098C398435D9B731007800F106A
:103DE8000000371700401307070413067005230067
:103DF800C700130680FA2300C7000F10000037160B
:103E080000408345F600CD8EA307D600D9BDB7176D
:103E1800004003D787009317070113770704C1836E
:103E280009EBFD8B3755E801130505803345F5028D
:103E38008280216513F7070C93060004130505D04B
:103E4800E318D7FEFD8B37459C1CF9BF37E700E028
:103E58001C435443A183E206D58F1CC1FD57232080
:103E6800F7182322F7180F10000082801317850017
:103E7800B7E700E023A0E710618123A2A7108280A2
:103E8800B7F700E08847CC47828017F7FF1F130772
:103E9800E741AA87084397460020938626F6AA9703
:103EA80063EAF600972600209386865263E4D700DB
:103EB8001CC382807D55828037870040230007001D
:103EC8009307C0FC2306F700A306F70083A6019F0B
:103ED800C9473A862318D70083A6C19E231AD7005C
:103EE80083A6819E231CD70083A6419E231ED7004C
:103EF80089462301D7022303F7022305F702230784
:103F0800F7022309D702A3010700930790022300B1
:103F1800F700B717004003D7A7011367070C239DC5
:103F2800E7007D572303E600130710F8A300E60017
:103F38001D472301E6008280B78700402382A7023D
:103F480003C767021377C70F2383E702828083A71B
:103F5800819F91C7411106C68297B24041016F30D7
:103F680060232D452DE7DC41011122CC06CE03C785
:103F7800070083C717003284A207D98F0D6713077C
:103F880097A16396E70236C6D93783C76180B246E0
:103F98006375F5002383A180AA8705472390E6006F
:103FA8002300F4000145F2406244056182800D67F8
:103FB800130787902945E398E7FECC4509462390E7
:103FC800C600228597D0FF1FE7808016E1BF828058
:103FD800DC41411122C406C626C203C8070083C7B4
:103FE80017002944A207B3E707010D6813082890B2
:103FF800639607038547B284EFC0101C2A8419ED25
:1040080003A7C19F01CF83C7140083C60400A2077A
:10401800D58F93B71700138517000297B2402285F2
:10402800224492444101828083474500858BBDC369
:10403800011122CC2A8403552500938541C806CE58
:10404800EFC05012058939C1035524000147814644
:104058000546ED45EFC0604B2AC60DC997F7FF1F0F
:1040680083D7679001462C002314F1008547231558
:10407800F10083C761802300F50003552400EFD0C9
:10408800406B09C5ED452800EFC0E05FF24062448F
:1040980005618280828041654111938541C87D1503
:1040A80006C6EFE08058B24097F6FF1F9386468811
:1040B8004146954517F5FF1F1305458841016FE0F7
:1040C800E04B23AEA19E828085476316F5028347A5
:1040D8000600238AF19E03C761806370F7024111CD
:1040E80017050000130585F406C6EF00510EB2400F
:1040F80001454101828009458280014582808947C6
:104108006303F50263E9A70001ED83C7618023809B
:10411800F500014582800D47630EE5003E858280EB
:1041280083C7419FEDB797F7FF1F83D7C7812390B8
:10413800F500C5B797F7FF1F83D787172392F500B8
:1041480097F7FF1F83D727822390F50097F7FF1F64
:1041580083D767822391F50085472383F50055BFF0
:10416800411106C6ED3383C76180637AF500238366
:10417800A18017050000130565EBEF005105B2405B
:1041880001454101828041677917630CE5024111BD
:1041980022C42E8706C685452A84631AB70022855D
:1041A8002244B240938541C841016FE000488947E5
:1041B8006315F700EF00217C7DD1B2402244410114
:1041C800828082803285D041411106C6834506002F
:1041D800034616000D681308A8A222064D8E9315F3
:1041E8000601C1856349B8020D68130828A26359FE
:1041F800B802F5759385C55D2E96420641829945AC
:1042080063E4C50297850200938545C90A062E9680
:1042180010422E9602860D66130606A56385C51004
:1042280023900600A94525A01D46B2856361E602D4
:104238002146198E63F3C7003E862390C6009385F6
:1042480001A0BA9597D0FF1FE78080EE8145B24064
:104258002E854101828011469D45E36AE6FE15469A
:10426800198E63F3C7003E862390C6009385C18EDE
:10427800C9BF21469D45E36CE6FC2546198E63F3CC
:10428800C7003E862390C60097F5FF1F9385C58318
:104298004DBF11469D45E36CE6FA1546198E63F34A
:1042A800C7003E862390C6009385418E59BF1146AC
:1042B8009D45E36EE6F81546198E63F3C7003E8602
:1042C8002390C6009385C18DADBF11469D45E3601F
:1042D800E6F81546198E63F3C7003E862390C6009C
:1042E8009385418DB9BF29469D45E362E6F62D4683
:1042F800198E63F3C7003E862390C6009785020097
:10430800938585BC3DBF35469D45E362E6F4394655
:10431800198E63F3C7003E862390C6009785020076
:10432800938585B939BF1D461948B285E361E8F21E
:10433800198E63F3C7003E862390C60097F5FF1FCA
:10434800938545F7FDBD4111AA851D4617F5FF1F49
:10435800130545F606C6EFE08FECB24041018280B6
:1043680097E6FF1F938686624146CD4517E5FF1FF6
:10437800130585626FE08020411122C44164130552
:10438800F4FF938541CA06C626C24AC0EFE0E02979
:104398001305F4FF938541C9EFE0202997E6FF1F35
:1043A800938646734146E14517E5FF1F130545739C
:1043B800EFE0C01C97E4FF1F93848472CC4C2A89D9
:1043C8000945353B83D70182138441CB03D7C1818B
:1043D8002312F40083D7A40C2316E40003D7A410F7
:1043E8002310F40083D7A40D938541CC0D452311E8
:1043F800F40085472303F4002314E4002307F400A2
:1044080023150400ED39A2850D454526B240224406
:1044180092444A850249410182808D67938727A388
:1044280035456306F6048D679387D7A46310F604B1
:1044380089476391F502A14763EAD7024111BA851A
:1044480036861385C1A006C6EFE06FDDB240014590
:10445800410182808D472945639BF5008547354595
:104468006397F600834707002384F1A00145828003
:104478008D67938727A36302F6028D679387D7A476
:104488000145631DF60089476389F5008D476397E9
:10449800F50083C781A02300F70005452390A600F7
:1044A80001458280828082800111930500030D45B9
:1044B80006CEEF908000930500051145EF80F07F50
:1044C8009305C0030545EF80507F85451306F1002D
:1044D80013055030A307B100EFD0E174F240056135
:1044E8008280011122CC26CA03A441A283C401A25E
:1044F8004EC606CE4AC8AA8999E0014405A083574A
:10450800040063873701FD1493F4F40F2104EDB719
:1045180003496400EF100053E317A9FEF240228517
:104528006244D2444249B249056182808547AA85DE
:10453800631AF50003C541A31166130686A98945C8
:104548006F60705589476316F50003C541A36F6016
:104558001076828085476398F50019E22386B1A218
:104568002384C1A2828009EAF91599E503D5A1A29D
:104578002386F1A26F00406B828003A7C1A1AE879A
:1045880001C7184711C3028701116C001305704059
:1045980006CE22CC3E84EFB071603246228581453A
:1045A800EFC02122F2406244056182804111939755
:1045B800050122C406C6C1872E8463DF070003C530
:1045C80041A3EF60700419C1EF60E07C2165218D83
:1045D800B24022444101828093F7150085C303C588
:1045E80041A317E6FF1F1306666897E5FF1F93852B
:1045F8002567EFD0413913451400D9BF13F52500BD
:1046080061D9B93E03C541A31166130686A9894538
:10461800EF6070481345240065BF797126D24ECEED
:1046280056CA06D622D44AD052CC9147AA84AE8A1A
:10463800938901A36314F50483D7A5001306E10049
:104648008545130550302395F1A2230701002386E1
:1046580001A2EFD0415D83A7C1A191C7DC4781C703
:10466800D68526858297B250225423A099000259F4
:104678009254F249624AD24A4561828003A70900EE
:10468800E31BF7FC03D5A1A28545F53C03D5A1A200
:104698008545FD2303DAA1A2C167F917631BFA0256
:1046A8000545238601A2EF10603A9305E100130542
:1046B800504123070100EFB0714E8347E100A1E3A9
:1046C80003C781A29147E318F7F8F93B238401A2B5
:1046D80059B703A941A203C401A279D003552900FF
:1046E80011C99305E100EFC0500D09C54C4552852D
:1046F800EFD0B0737D141374F40F2109F9BF83A7A9
:1047080081A183C74700898BC5DF9305000A0D4542
:10471800EF80B05A9305000A1145EF80105A814581
:104728000545EF80905985451306E1001305503083
:104738002307B100EFD0214F61B701111705000021
:10474800130505E706CE22CCEF60507A138441A307
:1047580085451306F1002300A40013054041A30773
:10476800B100EFC0A12C7D55EFB070227D55EFD080
:10477800B068FD36EFF03F92BD291705000013051C
:1047880025DBEFF01F9417050000130505D251290A
:10479800034504006244F240854505616F60701866
:1047A80023AEB1A023ACA1A0828023A2B1A2238012
:1047B800A1A2828083A701A3397122DC06DE26DA52
:1047C8004AD84ED652D456D21144639F870A83C71B
:1047D800C1A2D5CF03A441A283C401A22A8AB28967
:1047E800B68A81EC5544F25022856254D25442591B
:1047F800B259225A925A21618280834744006387C2
:104808004701FD1493F4F40F2104E1BF83475400DA
:10481800E399B7FE034964002EC6EF10A022B24503
:10482800E311A9FE0355240093056101EFC0E07868
:1048380055D94C4503D5A1A2EFC0C01205895DD159
:1048480003D5A1A2014781464E86ED458354040055
:10485800EFB0B04B2ACE4D4459D54E86D685231C91
:104868009100231D310197D0FF1FE780608C03D58D
:10487800A1A201462C08EFC0D06B2A842DD5ED45A6
:104888002808EFB0506085B709476394E7004144B2
:1048980099BF2C0813055041230C0100EFB01130CB
:1048A8008347810185CB930500020D45EF80F040D9
:1048B800930500032285EF80504095450545EF801C
:1048C800D03F8545300813055030230CB100EFD098
:1048D800813575BFD13E65BF411122C406C6094462
:1048E80015E12E848DE503A701A391476316F70010
:1048F80003D5A1A2EFD0815E014681451305004191
:10490800EFC0C112B2402285224441018280614435
:10491800D5BF011126CABE84DC414AC84EC652C45E
:1049280056C206CE22CC03C417003A8A03C7070032
:1049380022042E89B28AB689598C63020A020D674D
:104948001307B7A4AD476301E408F2406244D244B8
:104958004249B249224A924A3E8505618280F577EA
:104968009387E75DA29799CFF5779387375BA297EF
:1049780091CBF5779387E75CA297C207C183054778
:10498800636FF7020355A900A93E15C583A7C1A106
:104998002286624403A8070083455500F240D244AA
:1049A8004249224A03454500D6874E87924AB24972
:1049B80085460561028823900900814779B78D678C
:1049C8009387B7A4631FF402EF1040079D47E37E67
:1049D800AAF6EF10A0063305454163C8A400EF10FE
:1049E800E005B3044541C204C1808325C900239072
:1049F80099002686D295568597C0FF1FE780407399
:104A08006DBF8D679387A7A46318F40011468325AB
:104A1800C9002390C900C5B78D6793878790631431
:104A2800F4000946EDB78D679387E7A4631AF4008D
:104A3800DC452390E60083C707002300F600B5BFD6
:104A48008D6793877790E31AF4F6E1BF011106CEDC
:104A580022CC26CA4AC82317D100631D070EDC41A1
:104A68002E89B28403C4170083C60700F577220491
:104A7800558C9387E75CA29791C7F5779387375B47
:104A8800A29795EB0355A900EFF0BFA535CD83A7F5
:104A9800C1A1834555000345450003A80700130736
:104AA800E100A687814622860298F2406244D244F9
:104AB8004249056182808D679387C7A46314F40215
:104AC8000357E10085473545E311F7FE83470600A4
:104AD80013050008E36BF7FC03A7C1A13E85584303
:104AE80002971DA08D6793872790631AF402835657
:104AF800E1008547EFB0506C4DF90357A90003A5B5
:104B080041A283C701A299E3014545B78356250011
:104B18006384E604FD1793F7F70F2105EDB78D675A
:104B28009387E7A4E312F4FE0357E1008547354570
:104B3800E31DF7F68347060013050008E367F7F659
:104B4800D8453335F00009052300F70003A7C1A1B4
:104B5800584379B72D4591BF83A7C1A183C61400D7
:104B68008345550003A8070083C70400A206034530
:104B78004500DD8EFD16B336D0000D66A6871307F7
:104B8800E1008906130626900298BDBF0145828080
:104B980025E3DC41AE8803C8070083C71700A207D6
:104BA800B3E707010D681308F8A4639A0703914750
:104BB80035486390F60403A5C800328E4111368645
:104BC800F28506C697C0FF1FE780805683A701A419
:104BD80005458297B24001484285410182808D682F
:104BE8009388289029486396170185476FB0D05C51
:104BF8002D4842858280416541119385C1CC7D1540
:104C080006C6EFD09022B24097E6FF1F9386C606ED
:104C18004146994517E5FF1F1305C50641016FD0A9
:104C2800F01523A0A1A4828001119385C1CC22CCC8
:104C380006CE2A84EFB0105305891DCD0147814661
:104C48000546ED452285EFB0500C2AC615C597E7F5
:104C5800FF1F83D7C70801462C002314F10085479E
:104C68002315F100230005002285EFC0902C09C50B
:104C7800ED452800EFB03021F240624405618280A2
:104C880041677917630CE502411122C42E8706C6D5
:104C980085452A84631AB70022852244B240938549
:104CA800C1CC41016FD0701889476315F700EFF048
:104CB800904C7DD1B24022444101828082804111D2
:104CC80022C441641305F4FF9385C1D006C626C2E9
:104CD8004AC0EFD090151305F4FF9385C1CEEFD0ED
:104CE800D01497E6FF1F9386E6FF4146E94517E58E
:104CF800FF1F1305E5FFEFD0700897E4FF1F9384AB
:104D080024FFCC4C2A890945EFF06FBF9387C183F4
:104D1800138781838346070003C6170003471700DC
:104D28001384C1D183C5070083D7A40CA302C40090
:104D3800A306E400A30AC400A30EE40003D6A41348
:104D480003D7A4162310F40083D7A40D03D5A41009
:104D58002318C400231CE40003D6A41403D701833A
:104D68002311F40085472303F4002306D400230706
:104D7800F4002319C400230ED4002302B400231422
:104D8800A400230AB40023150400230B0400231DE8
:104D98000400230F04002312E40203D7A418938508
:104DA80041D40D452310E4022303F4022311040225
:104DB800EFF0EFB4A2851D45EFF03F9FB2402244CB
:104DC80092444A85024941018280AE878D65938568
:104DD80025A36307B6048D659385D5A4631AB60425
:104DE8004111BA8506C6094736866390E702C1476E
:104DF800354563E9D7001385C1CF97C0FF1FE7800A
:104E080020330145B240410182800D472945E39B8B
:104E1800E7FEC1473545E3E7D7FE1385C1CDF1BFAE
:104E2800854735456398F600834707002382F1A438
:104E38000145828082808D67938727A3630AF608DD
:104E48008D679387D7A4631EF608011122CC26CA62
:104E580006CE8947BA8436846393F5024146938522
:104E6800C1CF3A8597C0FF1FE780802CC147231028
:104E7800F400F2406244D2440145056182808D47C6
:104E88006395F5041305F100A3070100EF00D03383
:104E98000346F100C147AA8563F5C702A307F100DD
:104EA8003E861385C1CD97C0FF1FE7806028034663
:104EB800F1009385C1CD268597C0FF1FE780402765
:104EC80011A065F28347F1005DB72390060055B73E
:104ED80083C741A42300F70085472390F6000145C6
:104EE800828023900600E5BF11456FD01FED411168
:104EF80093962500AA852D4506C697C0FF1FE78013
:104F080080ECB240014541018280011122CC26CAC1
:104F1800939625002A84B284AA850146254506CEA3
:104F280036C697C0FF1FE78000EAB2462686A285EC
:104F3800294597C0FF1FE78000E9F2406244D24448
:104F48000145056182800111B717004006CE22CCC9
:104F580026CA4AC84EC603C4770583C9B70503C91C
:104F6800870583C49705EFD09FB1B717004003C7E3
:104F7800A7059387A705136717002380E70003C7D2
:104F88000700058B6DFFB717004003D5C705A38D34
:104F98003705238C2705A38C9704A38B8704F2403D
:104FA8006244D2444249B2490561828041119397D3
:104FB800050126C206C622C4C187AE8463DE070087
:104FC800EF50906419C1EF50105D2165258DB240F6
:104FD800224492444101828093F7150013C51500BD
:104FE800FDF793972501096463D10702EF60F10586
:104FF800E53D37F60200130606E003C5A1A4A28525
:10500800EF60602933C58400D9B7116433F5850092
:105018005DDD13060064D5B71D714946977502001A
:1050280093850501178502001305C51086CEA2CC0D
:1050380097C0FF1FE780C01811E101A037F700E013
:10504800795610CBFD5654CBB7E700E0056423A092
:1050580087109306F00214C323A087180F100000CE
:105068001306C0038145480897C0FF1FE780C00F9B
:1050780097F7FF1F938787E63ECA8967938707805C
:10508800231CF100B5472304F102A167938707C0E9
:105098003ECEB7070405938707103ED0ED4723128D
:1050A800F10285472303F10297070000938767E41D
:1050B800BEC497070000938787E5BEC6930714D040
:1050C8002315F10297F7FFFF9387C7DB3EDAB7F5A1
:1050D800070097070000938747E73EDE814697075A
:1050E80000009387A7E07000E1051945BEC097C08E
:1050F800FF1FE78040CD19466C001305E102EFD091
:105108001F92D24789C78357810163F3870001A0A3
:105118004808EF60206111C101A0F640664425618E
:105128008280411117050000130585E806C622C4D0
:10513800EF60C05B1384A1A42300A40019280345D1
:1051480004002244B24013060032896541016F60B1
:105158008014411106C673270080218B9387019E16
:1051680001CB7327008098C398435D9B7310078019
:105178000F10000037170040130707049306700547
:105188002300D700930680FA2300D7000F100000F1
:10519800B716004003C6F6021376A60FA387C60209
:1051A80023000700F32600809843218B558F731046
:1051B800078023A0019E0F10000073270080218B19
:1051C80001CB7327008098C398435D9B73100780B9
:1051D8000F100000371700401307070493067005E7
:1051E8002300D700930680FA2300D7000F10000091
:1051F800B716004003C6F60213662600A387C60248
:1052080023000700732700809C43A18BD98F7390DC
:10521800078023A0019E0F1000000545EFD03F92A4
:10522800E13105461305407E814701478146B28535
:10523800EFD0FF97B240014541016F603003411143
:105248009397050122C406C626C24AC0C1872E8488
:1052580063DF0700EF50503B19C1EF50D033216591
:10526800218DB24022449244024941018280AA849D
:1052780013F515007DD51705002013052546EF20E9
:10528800307989451705002013054545EF20100B97
:105298002A89B1451705002013054544EF20100A57
:1052A800631309069707002083C7B748054709E530
:1052B8001707002003470748B1C329C383C701A5BF
:1052C80095E783D721A58507C207C1832399F1A450
:1052D8001307301F637CF700854701468145014568
:1052E8002388F1A4239901A4EFF00FDF41468545F7
:1052F8002685EF50507A13451400A5B7239901A4C9
:10530800238801A4E5B7854745D54DBF03C7A184C8
:105318009307F00F6312F7024111170500001305F8
:1053280045F206C6EF60803CB2402385A184414621
:10533800854541016F503076828003D5C1828280D5
:1053480003C531828280A381A1828280138541991D
:1053580082800145828003D58184828003C5F183E0
:105368008280A38FA18282804111CD472306F1005C
:10537800B24517E5FF1F1305A5B44101828041110D
:10538800B5472306F100B24517E5FF1F130505B120
:10539800410182801385C1988280239201A62383CC
:1053A80001A617060020130666338147938541A698
:1053B80051480347860493D6370093F87700AE9692
:1053C8003317170183C806008507050633671701D9
:1053D8002380E600E39F07FD8D472300F5004CC1BD
:1053E80023040500828003D5E185828003C5F18608
:1053F8008280A387A18682804111D1472306F100CC
:10540800B24517E5FF1F130565AA410182804111C6
:10541800B1472306F100B24517E5FF1F130545A75D
:105428004101828085476304F50035458280014546
:1054380082806FF05FA06FF05F996FF05F886F00F8
:10544800B0446F00B03E6F00B02D011122CC97051B
:1054580000209385A5282A840A8506CE26CAEF202F
:10546800606E938441D641468A852685EFD02FDB2E
:10547800414685472300C4002304F40044C0F24099
:1054880022856244D244056182807971138501FFC7
:1054980006D622D4EF50F26DB7070503138441D71F
:1054A800938727101CC0F177938797412312F40044
:1054B8008D472303F400930715002A86A303F400FD
:1054C8002AC6A547938501FF1385D1D72304F40085
:1054D800EFD0EFD43246B250228522542506230E4F
:1054E800C100A383C1A6F2454561828001111385DD
:1054F80001FF06CEEF50F267F24005052306A10032
:10550800B245138501FF056182806FE07FF66FE089
:10551800DFF06FE07FE6239C01A417060020130646
:10552800E61B01478146977802009388A8F01D433F
:10553800154E938EA1A5054F4948834746008DC750
:10554800B387160183C7070085C39385070293F5C0
:10555800F50F636DB30283C581A5938707F2B3176F
:10556800FF00CD8F238CF1A485060506E39706FD81
:105578009547938681A563D3E702A1472300F500E9
:10558800938781A55CC1230405008280E347EEFE72
:10559800B305D7012380F5000507F9B73306D7000F
:1055A800230106000507C1BF1385C1988280131720
:1055B80085016187FD57635EF7229377F5070145FB
:1055C800638B0722FD1793F7F70F11476365F722DF
:1055D80017770200130787DC8A07BA979C4379710B
:1055E80006D6BA9722D426D24AD04ECE52CC56CA24
:1055F8005AC88287938781EA0144C14603C7871442
:1056080009C705048507E31BD4FEBD4426868145EA
:10561800138551D5EFD0AFBF8D47238AF1D419C870
:10562800228663F384002686938501FF138551D56E
:10563800EFD0EFBEC14741A083A781EA3546814537
:1056480013DB270113D9070113DA370193D4470174
:1056580093DAC70193D98701138571D5F58313F4BC
:105668001700EFD0CFBABD888547238AF1D41379C4
:105678003900137A1A0093B7540093F97900060990
:105688000E0A1387B4FFFD17137B1B00336949010A
:10569800F98F86091204920793FA1A00336969018F
:1056A800B3E989003369F900B3E95901A38A21D51F
:1056B800238B31D58D47B25022542380F1A69254C2
:1056C8000259F249624AD24A424B054545618280F5
:1056D8008547014463FAC70003C41500CD47137416
:1056E800E40F63F387000144138781EA93174400AA
:1056F800BA97130841000147280091468C473306A2
:10570800E80091072300B600CC4B3306E5000507F7
:105718002300B600E314D7FE1D4681451385D1D575
:10572800EFD0EFAE8947238AF1D4A38A81D4835777
:105738004100239BF1D483576100239CF1D4835704
:105748008100239DF1D48357A100239EF1D4A9475A
:105758009DB7280002C423160100EF40A05623AECF
:1057680001D423A001D6A24683A781EA23AAD1D4D3
:105778008356C10013D7B701E183058B9D8B239C0A
:10578800D1D4238DE1D4A38DF1D46DB513071100C5
:1057980034005000930521000A8523000100A3006E
:1057A8000100231101002312010023140100EF005E
:1057B800307A03440100035A2100835941000359F8
:1057C8008100834411001D4681451385D1D5EFD052
:1057D8000FA4954733348000238AF1D4A38A81D457
:1057E800239B41D5239C31D5239D21D5238E91D44C
:1057F800B9BF0145828082806386051C6304051C4D
:10580800011122CC26CA06CEAA842A8603C5050021
:105818002E84EFF0DFD905E5834704001307000263
:10582800638AE70A6364F7060D476385E718636EC2
:10583800F7000547638BE70C09476384E716F240D6
:105848006244D2440145056182801147E399E7FE2D
:105858000A85EF4020472C000A85EF40603C65D15F
:105868002146930514003305C100EF50921F61F9DA
:10587800138581EA1C4137070008D98F1CC1EF1036
:105888006013138581EAEF10800955BF13073002B2
:10589800638AE7066369F700130710026391E70656
:1058A800EF00703F69BF1307F00FE39AE7F813851D
:1058B80081EAEF102010138581EAEF1040061305E6
:1058C800400697B0FF1FE780E03D97B0FF1FE780D5
:1058D8006028B5B78947014663FC9700F914268606
:1058E800C204C180B94763F397003E8642064182ED
:1058F8000345140093052400EF00B03F89B7EF007B
:10590800304E35BFEF00B0611DBF034714009386CA
:1059180081EA9C423706F8FF7D16218B4207F18FFA
:10592800D98F9CC203471400370610FF7D161183D8
:1059380015073D8B5207F18FD98F9CC2034714007E
:105948003706FDFF7D16198B3E07F18FD98F9CC254
:10595800034714003706FCFF7D16058B4A07F18FB5
:10596800D98F9CC203472400370600F07D16058BAB
:105978007207F18FD98F9CC203472400370600E0D5
:105988007D16418B6607F18FD98F9CC2034724008F
:10599800370600F97D16398B5E07F18FD98F9CC2C7
:1059A80079BD8345140013062400138581EAEF00AE
:1059B800B07E71B5414693051400138501FFEF5081
:1059C800B20CB5BD3545828083C701A6B9EB01117C
:1059D80022CC2A84280006CE02C423160100EF40F8
:1059E800602E23AE01D423A001D6A24683A781EA64
:1059F80023AAD1D48356C10013D7B701E183058BFD
:105A08009D8B239CD1D4238DE1D4A38DF1D401C4E3
:105A1800C1472300F400F2406244138541D5056173
:105A2800828019C12300F500138541D5828003A522
:105A380041A5828083A7C1849C43828783A7C184B0
:105A4800DC47828783A7C1849C4B828783A7C18454
:105A5800DC4B828783A7C184DC43828783A7C18408
:105A68009C47828783A7C18441119C4F410182874B
:105A780083A7C1844111DC4F4101828783A7C18478
:105A88009C538287411123AAA1A406C68547630FA8
:105A9800F50089476303F502977702009387C79655
:105AA80011C9E93FB24041016FE0FF8997770200D1
:105AB8009387C79223A6F184EDB79777020093875F
:105AC800278FCDBF83A7C184011106CEDC532AC618
:105AD8008297F24032450561828083A7C1849C5732
:105AE80082878280011122CC06CE1374F5008D477F
:105AF8006309F40491476302F4028547631BF400C9
:105B08002C0013054030EFC041022C002285EF9095
:105B18001030F24062440561828003C72500954732
:105B2800E319F7FE83D7A500A2856244F24003C5B6
:105B3800C1852398F1840566130606C805616F5070
:105B4800807503C7250099476317F70003C5C1850A
:105B58008945EF50D0158545300013055030230492
:105B6800B100EFC0410C75B7011122CC06CE26CA90
:105B78004AC83A843E87A1E69387E5FF2A89AE841E
:105B880091E7F5759385355BB29599C9834604000D
:105B98006244F240A6854A85D244424905615DBD0A
:105BA80003450400BA8532C63AC4053F2247324647
:105BB80071DDF2406244D2444249056182808547E2
:105BC800639AF600A2866244F240D24442490561D3
:105BD8006FF0DFE88947639DF60003C5C1851306AA
:105BE8000032B685238601A6239501A6EF50A06A48
:105BF8000145C1B779719397050122D406D626D2FB
:105C08004AD0C1872E8463D2070203C5C185EF50ED
:105C1800A01F19C1EF502018A164A18CB2502254C2
:105C28000259268592544561828093F7150093C4E2
:105C38001500EDF793F7450099CF83C7C18503D5C4
:105C4800018519461307401F8146B285EFB0114DF3
:105C580093444400E1B793F7850093C48500DDFFC2
:105C680093F72500C5CB17050020130525A7EF20BE
:105C7800205A4808EFF01FE5034641019307000446
:105C88009344240063F9C70003C5C18519468945B3
:105C9800EF50606061B703C9C1A6E24603D4A1A66C
:105CA8006309090283C7D1A66396C702368593851F
:105CB80081DA32C636C4EF50C25AA246324619E9D2
:105CC8009307F004014963E787000504239581A63B
:105CD80065BF05490345C1018545EFE0BFAD0DE549
:105CE800034441019307000463ED8700E2452286DF
:105CF800138581DAEFC0BFD2A38681A685472386A4
:105D0800F1A6239501A649B71334040535FCE31D14
:105D180009F6C5BF93F70502638B070A170500202C
:105D28001305C59BEF20C04E938481EA9C401397CE
:105D3800C70063590704EFF09FCF85476304F50454
:105D480083C781A6B5EB5146970500209385859DAD
:105D5800138541D9EFC0BFCC03C5C1858547C1456F
:105D68002384F1A6EF50A0749C405D66130606706C
:105D7800D183BD8B3386C70203C5C185C145EF50AA
:105D880080510DA003C5C185C145EF5040725146F1
:105D98009705002093850599138541D9EFC03FC821
:105DA800238401A603C5C185414693050002EF502F
:105DB800804E934404029DB55146938541D91705F9
:105DC800002013052596EF50C24969DDADBF93F455
:105DD8000501E38504E485451165EFD0DF96894523
:105DE8001165EFD0DFAA05463285C145EFD09FEA9D
:105DF800294597B0FF1FE780E0EA494597A0FF1FB4
:105E0800E78020749344040111BD797117050000DF
:105E1800130585DE06D622D426D20544EF50100D90
:105E28009384C18550082380A400A28513055030AF
:105E3800230A8100EFB0315FEFF0DFC22A862ACC57
:105E48002ECE1305603093F5F50FEFB0D15D17D660
:105E5800FF1F13062609BD4513057030EFB0B15C6E
:105E6800EFF01FC12A862ACC2ECE014593F5F50FF7
:105E7800EFA080208D475008914513057040A30876
:105E8800F100A309F100A30781002309810002CAD8
:105E980023080100EFA091391306F100A28513052C
:105EA8000040EFA0B1381008A28513051040EFA0FC
:105EB800F13713061101A28513052040EFA0113711
:105EC80013062101A28513055040EFA031361306B1
:105ED8003101A28513056041EFA05135994750085B
:105EE800A2852285230AF100EFE00F9EEFF09FB410
:105EF80097D5FF1F938505FE13854185EFE05F8ADF
:105F080003C50400930500024146EF50C038A2853E
:105F1800225403C50400B250925445616F5060206A
:105F2800411122C441641305F4FF938581DF06C63D
:105F380026C24AC0EFC0606F1305F4FF938581DE67
:105F4800EFC0A06E97D6FF1F9386C6FA4146E94573
:105F580017D5FF1F1305C5FAEFC0406297D4FF1F7E
:105F6800938404FACC4C2A890945EFE04F9993872A
:105F7800C186138781868346070003C61700034737
:105F88001700138481E083C5070083D7A40CA302FC
:105F9800C400A306E400A30AC400A30EE40003D6C9
:105FA800A41303D7A4162310F40083D7A40D03D594
:105FB800A4102318C400231CE40003D6A41403D798
:105FC80001862311F40085472303F4002306D40037
:105FD8002307F4002319C400230ED4002302B400BD
:105FE8002314A400230AB40023150400230B04007F
:105FF800231D0400230F04002312E40203D7A4186E
:10600800938501E30D452310E4022303F4022311D1
:106018000402EFE0CF8EA2851D45EFE00FF9B240F4
:10602800224492444A850249410182808D679387C0
:1060380027A36301F6048D679387D7A4631DF60031
:106048008947639CF50085473545639EF60283477B
:106058000700A388F1A6014582808D4729456394EE
:10606800F502854735456390F60283470700238785
:10607800F1A6D5B7854735456397F60083470700EE
:10608800A387F1A6C9BF82808D67938727A3630A78
:10609800F6028D679387D7A40145631AF6008947EE
:1060A800639BF50083C711A72300F70005452390DC
:1060B800A600014582808D47E39BF5FE83C7E1A6D4
:1060C800E5B783C7F1A6CDB7C9476308F5084111FD
:1060D80022C406C626C22A8463E0A702894763074A
:1060E800F50691476305F50285476304F502B2405A
:1060F8002244924441018280930720026305F506F9
:1061080093074002630FF506D147E312F5FE914568
:106118008DA083C701A803C7E1A7938401A88D8B2D
:10612800D98FF1F79C40138701E41CC7EF60C11FAA
:10613800138501E4EF50F13283C701A8F19B93E77F
:1061480027002380F400238F81A655B7239E01A63C
:1061580083070600238DF1A659BF83D7C1A78507FA
:10616800239EF1A6828003C541A88945EF502034BB
:10617800A1452244B240924403C541A841016F4061
:10618800507AC145FDB701119397050122CC06CE7F
:1061980026CA4AC8C1872E8463D00702EF40D0467A
:1061A80019C1EF40503FA164A18CF24062444249BA
:1061B8002685D2440561828013F91500630C090015
:1061C80003C541A81306803E8945EF50C00C93448F
:1061D8001400E1BF93F725006385070E83C7E1A785
:1061E80093C42500A9C383D6C1A71307A00F637C56
:1061F800D702239E01A6238F01A683A78187138731
:1062080001E41CC7EF604112138501E4EF507125CA
:1062180003C541A88945EF50802903C541A8A14578
:10622800EF40307059B723A001A8B5E3B7F50700D0
:1062380081463000E105194597B0FF1FE780A0B8F7
:10624800930700052380F1A88347B100A380F1A834
:106258008357C1002391F1A89306F00F3686914524
:10626800138501A8EF50F13983D761A71307900F61
:106278008507C207C1836363F7003E8903C541A848
:1062880011468945239B21A7EF50E00039BF17F538
:10629800FF1F1305A544EF10B07701C58547238C70
:1062A800F1A6938501A817F5FF1F13052543EF10E5
:1062B800504383D701A8F19B93E717002390F1A8D7
:1062C80061BF93F745009DC7EF60010697D7FF1F91
:1062D80083C707DD9306F00F17D5FF1F130545DCAD
:1062E80085073686A9452300F50093444400EF50FE
:1062F800F15F65BD93F7050291C7EF60E102934432
:10630800040265B593F785009DC34145EF60810B95
:10631800AA8703C541A889CB13064006A145EF40CB
:1063280090779344840051B529468945CDBF93F7AA
:10633800050193C40501E39A07E693F40520E38673
:1063480004E683C781A7ADC3A38C01A6238C01A64D
:10635800814703C7A1EA994611833307D70263C966
:10636800E70285451165EFD00FBE89451165EFD06D
:106378000FD205463285C145EFD0DF91294597B048
:10638800FF1FE7802092494597A0FF1FE780601B09
:1063980003C541A81166130606E893050020EF40DF
:1063A800906F9344042011B583C791A7850793F78D
:1063B800F70FA38CF1A671BF4111130600028145A6
:1063C80022C42A84138501E406C697B0FF1FE7801C
:1063D800A0D917050000130545DBEF5020312382B3
:1063E800A1A8B7575500138501E4938757555CC595
:1063F800FD575CC98567938717802310F5009707B9
:1064080000009387A7CC1CC9ED57230EF5009147D0
:10641800A30CF50000C5EF50D10403C541A8A14560
:10642800EF40305083A781EA1397C700635E0700E7
:106438002244B24003C541A81166130606E8930535
:10644800002041016F403065B24022444101828002
:1064580003A581876FF05FF62E9642064182975614
:1064680002009386E67B93970501C1836393C70077
:10647800828083C70500850593F7F70FA207A98FC8
:1064880013D78700060736970355070093F7F70FCA
:10649800A2073D8DC9BF011123A001EA238201EAA9
:1064A800FD57239EF186A38301A8238301A885476E
:1064B80022CC06CEA382F1A8930500201304006025
:1064C80093060010014625452EC697B0FF1FE780AA
:1064D800808FB24509C989472383F1A80145F24055
:1064E80062440561828093850510E39B85FC054520
:1064F800FDB783C751A8011106CE22CC26CA4AC8C7
:106508004EC652C456C29DC383C771A86382A702F0
:1065180085472383F1A80144F24022856244D2448E
:106528004249B249224A924A056182809547D5B7C5
:106538008507328AAE84A383F1A80149938901E6CD
:10654800930AF03F93060004131409014180637A0B
:10655800440183D521EA83D701EA3387B70063F57D
:10656800EA0209C803D5C1872286A685EFF0DFEEC7
:10657800239EA18683C741EAC5D383C761A8C9FF03
:1065880089472383F1A849BF3387240103460700BD
:106598001387170042074183CE972390E90423808D
:1065A800C700631DD702138601E693850520294598
:1065B80097B0FF1FE78020819306000401C90504F6
:1065C8004204854741802382F90469BF83D721EAC1
:1065D800938707042391F904239001EA0509ADB7CD
:1065E8005971CAD003C951A886D6A2D4A6D2CECE94
:1065F80095476301090283D521EA83D701EA930607
:10660800F03F138401E63387B7004207418363EE06
:10661800E6008D472383F1A80149B65026549654C5
:10662800F6494A8506596561828081EB83C741EA4C
:1066380093C71700A9EF8947F1BF63E8B60233078C
:10664800F4009306F00363F5F6029306000413863C
:1066580001E693850520294597A0FF1FE780A076CE
:1066680019CD85472302F404F9B7239001EA7DBFC9
:106678008507C20723000700C1830507E9B783D749
:1066880021EA938707042311F404239001EA83C7BE
:1066980061A8D9F34164930400207D149309006034
:1066A800930600041008A6852D4597A0FF1FE780D4
:1066B800807119C19147B9BF2285130600040C08DF
:1066C800EFF09FD9938404042A84E39B34FD83D795
:1066D800C187E391A7FEB75747319387C7F43EC4F4
:1066E8002316A10093070040930600100146A685D3
:1066F80025452317F10097A0FF1FE780C06C05FD13
:10670800A1463306D100A685294597A0FF1FE7803B
:10671800806B15F1A38201A8238301A8FDBD411157
:1067280093060010014693050060254506C697A00C
:10673800FF1FE780406911E9A38201A88147054549
:10674800B2402383F1A84101828089470145CDBF2A
:10675800397122DC26DA4AD84ED62A84AE843289A8
:10676800B6893008A146930500602D453AC606DE75
:1067780097A0FF1FE780206532471DC9230004004A
:10678800814781462390F4002310D90083D721EA5A
:1067980083D601EAB6972390F90083C761A823003E
:1067A800F700F2506254D2544259B25921618280A2
:1067B8008356E101E24737B6B8CE1306460BB297C7
:1067C800138606C093B7170013361600F18F2300FF
:1067D800F4008357C1017DB71D71A1463306D1006E
:1067E800930500602D4586CEA2CCA6CACAC897A03C
:1067F800FF1FE780405D01C90145F6406644D64465
:106808004649256182802247B75747319387C7F4A5
:10681800E314F7FE0357E10093070040E31EF7FC7B
:106828004164930400207D1413090060930600045A
:106838001008A6852D4597A0FF1FE780C0584DFD7D
:106848002285130600040C08EFF01FC1938404048A
:106858002A84E39D24FD0355C100018D13351500DD
:1068680069BF3307C5009307004063C2E7024111BF
:10687800B2862E86930505202D4506C697A0FF1FD4
:10688800E7806054B240133515004101828001450C
:106898008280231E05141306C01581456FC02F97EB
:1068A8002E96416542067D1541821767020013073F
:1068B800A7BD93970501C1836313F600828083C641
:1068C8000500935785001375F50FB58F8607BA979E
:1068D80083D70700220585053D8DE1BF95CD03C609
:1068E80005009306F00A81476319D60203C615000E
:1068F80085466314D60201111306801506CE2EC6EE
:10690800EFF01FFA3247F240835787150561898FE8
:1069180093B717003E85828081473E8582808347F2
:10692800D51581E78347C515ADE7411113068015D5
:10693800AA8506C622C42A84EFF09FF69307F01AA8
:106948002310F400231CA41493060010014681456B
:10695800254597A0FF1FE780004793060010B685DE
:106968000146254597A0FF1FE780E0459306C0151F
:1069780022868145294597A0FF1FE780C0448147AB
:1069880001E5A30E04148547B24022443E85410127
:10699800828085473E85828092052E9581471147E2
:1069A800B306F60083C606008507110554C1E399AE
:1069B800E7FE82808547A30EF51482809205A10523
:1069C8002E95CD4710C15CC11CC55CC582804111A4
:1069D80006C622C41C413707F80023220500F98F98
:1069E800370704001307F71AD98F1CC1231D051494
:1069F800214681452A84EFF07FFC2285254685457E
:106A0800EFF0DFFB228529468945EFF03FFB228521
:106A18002D468D45EFF09FFA1146B2852285EFF09D
:106A2800FFF91546B2852285EFF05FF922854146C8
:106A38009945EFF0BFF8228545469D45EFF01FF8D0
:106A480022851946A145EFF07FF722851D46A54509
:106A5800EFF0DFF622850146A945EFF03FF62285E3
:106A68000546AD45EFF09FF522853946B145EFF073
:106A7800FFF422853D46B545EFF05FF422853546A3
:106A8800B945EFF0BFF322853146C145EFF01FF35A
:106A980022850946BD45EFF07FF222852146C5458E
:106AA800EFF0DFF191472324F41295472326F412DF
:106AB80099472328F4129D47232AF412C147232C0F
:106AC800F412C547232EF412CD472320F4142322B1
:106AD800F414230B0414A30B04143946975502002D
:106AE8009385455613058414EFB07FF3A28522855C
:106AF80013068015EFF0DFDA93071010B240231C5D
:106B0800A414231EF414224441018280411122C49A
:106B18002A862A849306C01581452D4506C697A066
:106B2800FF1FE780402A11E5A2852285EFF01FDBD1
:106B380001ED2285EFF0BFE92285EFF05FDE014528
:106B4800B2402244410182808547231EF414CDBF00
:106B5800011106CE2AC6EFF09FE73245F2400561E3
:106B68006FF0FFDB138581EA6FF0BFD2B707000231
:106B7800FD1723A4F1A882808280411117F5FF1F19
:106B88001305C5BB06C6EF206009B240410117A333
:106B9800FF1F670023FC85476315F6000CC10145FC
:106BA800828075FE23200500DDBF85476315F6004A
:106BB8000CC10145828075FE23200500DDBF854795
:106BC8006315F6000CC10145828089476309F60008
:106BD8008D47E30AF6FE65FA23200500EDB79C41D0
:106BE8001CC1D5B785476315F6000CC101458280E5
:106BF80075FE23200500DDBF85476315F6000CC12F
:106C08000145828075FE23200500DDBF41111385F3
:106C180081EA06C6EFF0DFF317F5FF1F130505B28B
:106C2800EF10D07F294597A0FF1FE780A007B2404B
:106C3800410117A3FF1F6700E3F11841F57593851C
:106C480005F08347C73D8326873E41118A078D8A11
:106C5800D58F8346D73D06C6138681EA8E06D58F23
:106C68008326073EBD8A9206D58F8346C73EB20665
:106C7800D58F8346D73E0327473EB606D58F8D6608
:106C88009386F60FF58F83D6A1EAED8ED58F231163
:106C9800F600A146814763DAE600E5469D4763C6EC
:106CA800E60059178947B347F7021842B70600F9B3
:106CB800FD169D8B758FE207D98F1CC2138581EA5B
:106CC800EFF05FCF138581EAEFF07FC517F5FF1F5F
:106CD8001305C5A6EF109074294597A0FF1FE780FC
:106CE80060FCB240410117A3FF1F6700A3E64111F2
:106CF80017F5FF1F1305859E06C6EF10605D17F593
:106D0800FF1F1305A59DEF10607CB240410117A33A
:106D1800FF1F670023E4411117F5FF1F130505A2A4
:106D280006C6EF103070854517F5FF1F130505A13E
:106D3800EF206020838701FF938501FF89E797553E
:106D4800020093852531614617F5FF1F1305059F3E
:106D5800EF20E02D130680029755020093858530B9
:106D680017F5FF1F1305859DEF20602CB240130611
:106D78000003975502009385A52F17F5FF1F1305EC
:106D8800E59B41016F20A02A1D71A2CC2A8417F52A
:106D9800FF1F1305A59ACEC686CEA6CACAC8EF108D
:106DA800306AAA8911ED228597A0FF1FE78080EF3E
:106DB800F6406644D64446494E85B64925618280E8
:106DC800EFF09FA135C98144130900401306000460
:106DD8008A852685EFF0FFA825C193D644009384C1
:106DE8000404C20491471307000893F6F60F0146FE
:106DF8008A8517F5FF1F13056594C180EF20C0131E
:106E0800E39624FD17F5FF1F13054593EF10D047B0
:106E1800930704F61334040A7D147D8C13150401BA
:106E2800418197A0FF1FE780E0E717F5FF1F1305D3
:106E3800E590EF10B05EADBFEFF0FFEDE1B71C4598
:106E4800AA8599C30D46828782809C41397122DCCC
:106E580006DE1CC1DC4102D002D25CC19C452A84FA
:106E68001CC5DC455CC59C4998551CC9DC495CC9F6
:106E78009C4D1CCDDC5189CBD44D23A2050223A403
:106E8800050236D0945136D2484C925602562AD032
:106E9800085014D054505CD01C542AD250CC18D46A
:106EA80008102EC63ED636D4EFF07FF9B245F25020
:106EB800DC555CD483C705032308F40283C7150394
:106EC800A308F4026254216182805C4189CF0347A0
:106ED800850083C68700637AD7009306400333078B
:106EE800D702DC43BA973E8582808147EDBF83276E
:106EF800853E0D476375F7002324053E81471757E4
:106F080002001307E77B8A07BA979C430327050A01
:106F18006308F7002320F50A9305C5096F20201C94
:106F280082808325053F85C58327453F411122C4BB
:106F380006C6DCC12A84EF20801AB2402328043E0A
:106F4800232A043E231C043E22444101828082807D
:106F5800411122C426C206C6AA841304050D63097A
:106F680094001304C4FC1305C401EFF05FEDC5BF22
:106F7800B240224492444101828041111385C13CB0
:106F880006C622C426C2EFF09FEB13858139EFF0C5
:106F98001FEB1385C12AEFF0BFFB1385C11DEFF06E
:106FA8003FFB1384C11D938401071304C4FC13051C
:106FB800C401EFF0DFE8E31A94FEB24022449244A1
:106FC80041018280797122D42A8417E5FF1F1305B5
:106FD800E57052CC06D626D24AD04ECE56CA5AC8EA
:106FE8005EC662C4EF10C02283474442130A44427B
:106FF80095EB175902001309E9699304A43F832507
:10700800090017E5FF1F1305656D9904EF0010339C
:107018003335A000238DA4FE1109E3129AFE85479B
:107028002302F442975902009389C9669304A43F46
:10703800A54A05490D4B975B0200938BEB6403ACA3
:10704800090017E5FF1F13056569E285791CEF0044
:10705800F02E63EE8A135E9C030C0C00630D051082
:1070680083C70400A9EB2380240123910400238211
:1070780004002285631D2C03EFF03FE5AA8515C99E
:10708800834705039DC7184589476314F7025C4188
:107098002328A43E231C043E232AF43E97570200CB
:1070A8009387C7FDDCC12285EF206003A1A8EFF01C
:1070B8005FE7E2852DA063172C098325043FB9C13A
:1070C8008357843F130730068507C207C183231CF3
:1070D800F43E637AF7002285EFF0BFE4CA85228583
:1070E800EF20406405A0130740068A07B3D7E702DC
:1070F800175702001307C75B8A07BA979C43D84102
:10710800E312F7FA99049109E31B9AF28324043FE6
:1071180089C82285EFF07FDB6385A4002285EFF024
:107128005FE02285EFF0BFDC22852254B2509254F2
:107138000259F249624AD24A424BB24B224C45614B
:107148006F2040289307DCFFE36EFBFA03D7240087
:1071580083C744000507420793B717004183960782
:107168002391E400A107E36FF7F885472391040012
:107178002382F4003DBF63152C012285EFF07FDAEE
:10718800238004002391040023820400A5BF6DD945
:10719800014CF9B5411122C426C206C6B7170040F2
:1071A8000D47238CE704C1440144EFB01F90FD1440
:1071B8002A94E5FC13554440EF30B25B97C5FF1F96
:1071C80083A5C519EF30E27F97C5FF1F83A5451931
:1071D800EF30227F97C5FF1F83A5C518EF30D22156
:1071E80097C5FF1F83A54518EF30425A97C5FF1F63
:1071F80083A5C517EF30E27CEF303252B24022440B
:1072080092441375F50F4101828023200500232243
:10721800050023240500232605008280411122C48D
:1072280026C206C69304C5011304C50E2685938499
:107238004403EFF09FFDE39B84FEB2402244924456
:10724800410182801171A2DD97E5FF1F9385054FEB
:107258002A84A6DBCAD9D2D586DFCED7D6D3DAD14F
:10726800130A8406EF10B062930444081309041F3C
:10727800268593844403EFF05FF9E39B24FF930A88
:10728800441D5685EFF09FF91309442A4A85EFF00B
:10729800FFF813050439EFF05FF71305443CEFF0EE
:1072A800DFF61306A00281452328043E232A043E64
:1072B800231C043E1305A43FEFB06FF517560200D8
:1072C8001306C6DCB2C2054697570200938787DBD0
:1072D800B2CA175602001306E6DB1307843E97541A
:1072E8000200938424FE9D463EC8B2DC930710102A
:1072F80009463ACEBAC83AC332C52302044226CA5E
:1073080036CC02D002D202D402D602D802DA02DC8B
:1073180002DE2310F104A6C4B6C682CC82CE82D087
:1073280082D282D482D682D8231AF106A6DE36C14A
:1073380002C717560200130666D63ADD0D4702C982
:1073480002CB02CD02CF02D102D32314F10A32D7E5
:1073580026D936DB3ADF82C182C382C582C782C999
:1073680082CB82CD231EF10C568B0C08CA895A8514
:107378002EC6EFF09FADB245130B4B039385450323
:10738800E31769FF0808EFF0BFBC0D4697570200E6
:10739800938707D132CCB2C61306D43D5CD4B2C8A9
:1073A800975702009387C7D017F6FFFF1306067D8D
:1073B8003EC8B2D69307C43D1706000013060684DC
:1073C8001147A9463ECEB2D49307101017560200B3
:1073D800130686CF97550200938545CE232854037C
:1073E800230AE402B2DC232C040217560200130617
:1073F80066CE230ED40226CA02D002D202D402D606
:1074080002D802DA02DC02DE2310F104AEC2A6C4FE
:1074180082CA82CC82CE82D082D282D8231AF10646
:10742800B2DE1306043E32C3154632C551463AC190
:1074380032C73ADB05461307443E32C93ADD1756D0
:107448000200130666C9614732D7BAC1175602004F
:10745800130646C9094702CB02CD02CF02D102D397
:107468002314F10A32D936DFBAC382C582C782C96A
:1074780082CB82CD231EF10C930A0101130B4437F2
:10748800D6854E8593894903EFF03F9C938A4A033A
:10749800E39869FF0808EFF0BFAB9757020093879E
:1074A800A7C43CC091472304F4049757020093876C
:1074B800E7C4A94A3EC81307C43E8D4723222405C2
:1074C80023085405130910103ECC3ACEBEC61757F0
:1074D8000200130727C39307D43E0C084E852326C2
:1074E8000404BAC2BEC826CA23102105A6C4231A9A
:1074F800210702D002D202D402D602D802DA02DC74
:1075080002DE82CA82CC82CE82D082D282D482D655
:1075180082D8EFF09F93CC001305843AEFF0FF92E6
:107528008810EFF0DF916810EFF07F919757020015
:10753800938707BE7CC8094B97570200938747BEBD
:107548000C08232C3405230E6405230254073EC877
:10755800528593070404232004063ECE26CA23102E
:10756800210502CC02D002D202D402D602D802DA15
:1075780002DC02DEEFF07F8D6810EFF05F8C97572A
:1075880002009387A7BA0C083EC83ECA1305C4096F
:107598009307C4023ECE2310210502CC02D002D2AA
:1075A80002D402D602D802DA02DC02DEEFF0FF894A
:1075B8006810EFF0DF88975702009387A7B73EC897
:1075C80097F7FFFF9387E77285490C083EDC1305A0
:1075D800040D97F7FFFF938727613EDA26CA4ECC42
:1075E8002310210502CE02D002D202D402D602D83C
:1075F80002DEEFF09F856810EFF07F849757020056
:107608009387C7B30C083EC8130544109307440575
:107618003ECE26CA2310210502CC02D002D202D4C3
:1076280002D602D802DA02DC02DEEFF01F8268100E
:10763800EFF0FF80975702009387C7B03EC897576F
:1076480002009387A7B03ECA97F7FFFF9387275F8B
:107658000C083EDC1305841397F7FFFF93876756E2
:107668003EDA4ECC22D62310210502CE02D002D219
:1076780002D402D802DEEFF04FFD6810EFF02FFCC5
:1076880097570200938787AD3EC8975702009387A4
:1076980067AD3ECA97F7FFFF9387674E0C083EDC3D
:1076A8001305C41697F7FFFF938767503EDA4ECC51
:1076B8002310210502CE02D002D202D402D602D86B
:1076C80002DEEFF08FF86810EFF06FF797570200BF
:1076D800938707AA3EC8975702009387E7A93ECA2F
:1076E80097F7FFFF9387C7520C083EDC1305041A6F
:1076F80097F7FFFF9387674A3EDA5ACC2310210594
:1077080002CE02D002D202D402D602D802DEEFF0B4
:10771800CFF36810EFF0AFF297570200938747A6B0
:107728001CCC9D472300F40283A781EA232E440141
:107738002304540313D7270133773701230EE43C7E
:1077480013D707010D8B2324E43E13D747013D8B44
:107758002320E43E13D7370133773701A30EE43CE7
:1077680013D7C701337737012306E43E13D7D70170
:10777800E1839D8B9507337737018607228523227E
:107788000402A306E43E2322F43EEFF04FF69305ED
:10779800840122856E54FE50DE544E59BE592E5A2D
:1077A8009E5A0E5B11616F10704C3971054506DEEB
:1077B80022DC26DAEFC02FBA130580049790FF1F4A
:1077C800E78060FD81450965EFB0FFF78945014510
:1077D800EFB0AFA8138581EAEFF04FB3138481EAC5
:1077E800034534001D89EFB08FAEB717004083C73B
:1077F800E70417E5FF1F130565EEEF00F00417E532
:10780800FF1F1305A5EDEF00B02097E7FF1F83C703
:1078180077F199CB97E7FF1F83C7F7F0C5E797E79D
:10782800FF1F83C747F0C5EBEF20F04A1305004B55
:10783800EFF08FD5AA8417E5FF1F130525EAEF009F
:10784800301D97E7FF1F83C7E7EE91C797E7FF1F34
:1078580083C737EEC9E703C581AA8547631FF50CBF
:10786800EFE04FA2B78700403787004083C7370053
:1078780003476700058BD98F6386071003C781AA62
:1078880085470144631DF70A17E5FF1F130505E542
:10789800EF00101815C117E5FF1F130525E4D52BB8
:1078A80093578500230EA1004181230FA10068088A
:1078B800A30EF100EF20A05A09459790FF1FE7801B
:1078C800603ED9B72285EFF0AFA897E7FF1F83C7BF
:1078D80077E5B1F791BF85472384F1AAB1B717E5DA
:1078E800FF1F1305A5E5B9C4EF10C032138401A921
:1078F800830704000F00300293F7F70F95E3228502
:10790800EF20F22B11CD13858100EFF0BF9317F50F
:10791800FFFF1305C566EF3002762285EF20F22BB4
:1079280013858100EFF00FEA29459790FF1FE78044
:107938006037FDB7EF10C03055BF014515B717E5E3
:10794800FF1F1305A5D9EF00B00C97E5FF1F93851E
:10795800E5D86808CD2619C451462C006808EF30D0
:10796800521011C96808EF20B03319C551466C0888
:107978002800EFB0CF8A054405459790FF1FE780A0
:10798800603275BFEFD04FE9EFD0AFF9EFA04157A4
:107998001C401397D70063480700EFE07FAB979030
:1079A800FF1FE7800034EFC05FD9EFE00FC6EFD0CC
:1079B800FF95F5B703A781EAB707002093163700AC
:1079C800F98F63DE06000347250111C793B7170037
:1079D80013951700828003473501054565FFF58338
:1079E800C5BF397126DAAA8417E5FF1F130505D527
:1079F80006DE22DC4AD836842E8932C6EF10802271
:107A08000146974502009385E57917E5FF1F1305A1
:107A1800E5D2EF10C061A686174602001306467924
:107A2800930500020808EF30427D0C08294617E547
:107A3800FF1F1305A5D0EF10805F3247930619008A
:107A48001746020013068677930500020808EF30F0
:107A5800C27A0C08514617E5FF1F130525CEEF1013
:107A6800005D7946974502009385457617E5FF1F27
:107A78001305C5CCEF10A05B1306800297450200E2
:107A88009385057617E5FF1F130545CBEF10205AA0
:107A980013062003974502009385C57517E5FF1F58
:107AA8001305C5C9EF10A0581C40544017460200E2
:107AB80013068670930500029D8E89860808EF30AC
:107AC800C2730C081306800317E5FF1F130505C7CB
:107AD800EF10E05517E5FF1F130545C6EF00D07AF4
:107AE800F2506254D254425921618280411122C419
:107AF80006C62A84232C0500232E05002320050210
:107B08002322050223140502514681451305A502C7
:107B1800EFA0FFEF93074400230E0404130764014A
:107B2800631AF700B240A30E0404230F040422448E
:107B380041018280238007008507DDB72E95034524
:107B4800450082800111214622CC26CA2A84AE84AF
:107B58003295814506CE4AC84EC652C456C2EFA0D9
:107B68001FEB930700F82685A300F400A301F40097
:107B7800A302F400A303F40023000400230104007B
:107B88002302040023030400EFF0DFE2894783CADD
:107B9800C40003CAD40083C9E40003C9F400631B0A
:107BA800F51063860A0EA14763940900930719002C
:107BB8000347C400BD8B419BD98F2306F40083C7BC
:107BC800940003C8840003C704018607B3E70701CC
:107BD80003C8A40003C5140183C564000E08B3E7F5
:107BE800070103C8B40003C6240183C63401120880
:107BF800B3E7070103C844001A08B3E7070103C83D
:107C080054001E08B3E707010348D40093F7B7FDF3
:107C180013784802B3E70701A306F4009317370067
:107C280013172500D98F13974500D98F13175600BE
:107C3800D98F13976600D98F0347E40093F7C707D6
:107C4800137737F8D98F2307F40083C7440191CB02
:107C5800FD572304F4008347940093E73700A304F7
:107C6800F40083C7540191CBFD572305F4008347E3
:107C7800B40093E73700A305F400F240228562447C
:107C8800D2444249B249224A924A05618280630934
:107C98000A009947E39E09F09547B387274109BF32
:107CA8009D47E39709F03339200133092041937741
:107CB8003900FDBD631209061397F9004207418791
:107CC800631F0A049397FA00C207C18763940900E7
:107CD8006302090263940A00630E0A009966938698
:107CE80026A83307D7022166B387D7023347C702CE
:107CF800B3C7C702E1763306D7008545BE96218211
:107D0800A1826311B5022302E400A302C400230385
:107D1800F400A303D40065B521677D1755B7A167A3
:107D2800FD176DB72300E400A300C4002301F4008D
:107D3800A301D40069B501114AC851462E8981456D
:107D480006CE22CC26CA4EC652C456C2AA84EFA07A
:107D58001FCC4A85EFF01FC689478349C9000344F1
:107D6800D900834AE900034AF9006312F50493171E
:107D78009400A209B3E73701AA0AB3E757012E0A0C
:107D8800B3E74701014581458146014701468148DE
:107D9800454E175302001303A393854E6362CE0822
:107DA800131826001A98032808001A9802886319DD
:107DB8000A041397FA004207418781466384090041
:107DC800A166FD1611C0E17663940A0063010A02F8
:107DD80019E0638E09009967938727A83307F7028C
:107DE8002166B387F6023347C702B3C6C702854781
:107DF800631BF5003685BA8581460147814779B707
:107E080021677D175DBF01458145CDBF3308C90096
:107E180003484800630608003398CE00B3E707011B
:107E28000506ADBF034849014546E30908F693082E
:107E3800F00FADB7034659015148A380040133063A
:107E4800C04013D8870023810401A381F400238252
:107E58001401A382C400F24062442383E400238413
:107E6800D4002385B4002386A40021832181A18224
:107E7800A181A386A400A383E400A384D400A385DE
:107E8800B4004249B249224A924A2685D244056141
:107E98008280411123140100230501008147854593
:107EA80051463307F500034787040DC393D63700BF
:107EB80013870601B306270003C886FF13F7770068
:107EC8003397E50033670701238CE6FE8507E39ABD
:107ED800C7FC8347A10003558100C2075D8D41019E
:107EE80082800347C5008343D5008342B5000A0753
:107EF8008E0313671700336777008343E5008347D2
:107F0800A500834F45019203336777008343F5004B
:107F1800034F5501834E45008602034E55009603D4
:107F2800B3E757008A0F0343250103481501336758
:107F38007700B3E7F701834385000E0F83483501C7
:107F48008346050103466500B3E7E701034595004D
:107F5800920EB3E7D701160E9A03B3E7C7011A03C7
:107F68000608336777001E05B3E767009E08B3E687
:107F780006010A06498FB3E71701D18E2380E50071
:107F8800A380F5002381D500A3810500828001111B
:107F98004EC652C4B7190040371A004022CC26CA30
:107FA8004AC856C206CEAA842A8413098500854A7F
:107FB8009389890C130A8A0A6314240313842401FD
:107FC80085496310890693846402639B8406F240A2
:107FD8006244D2444249B249224A924A05618280A7
:107FE80003451400834704008D453395AA008DE3AB
:107FF800EFB06FF58347140003470400B397FA0006
:1080080019EB03270A00D98F2320FA0009046DB75A
:10801800EFB0AFFDC5B703A70900D98F23A0F900BA
:10802800F5B7034519008347090085453395A9002D
:1080380089E7EFB04FF1090969B7EFB00FFBE5BF6A
:1080480023000400050451B70111540022CC06CEC8
:108058002A841386819C6C003687B6870345060000
:1080680009070906230FA7FE0345F6FFA30FA7FE7E
:10807800E316B7FE130584012A861307040283C595
:10808800060009068906230FB6FE83C5F6FFA30F6F
:10809800B6FEE316E6FE174602001306E66C9305E5
:1080A800E100BE860348060089060906238F06FFFD
:1080B8000348F6FFA38F06FFE396D5FE9306A402B6
:1080C80003C6070009078907230FC7FE03C6F7FF82
:1080D800A30FC7FEE316D7FEEFF07FEB938701EB04
:1080E8001CC083D7A1EAF2408D8BA30EF404854708
:1080F800230FF40462440561828079719307250196
:1081080022D462C406D626D24AD04ECE52CC56CA03
:108118005AC85EC666C22A84130765023E8C631776
:10812800F70CB7190040371A0040B71B0040B71CBE
:108138000040B71A0040930414000149054B938985
:10814800C90C130ACA0A938B4B0A938C4C0C938A5A
:108158008A0C83C7040003C7F4FFB317FB0059EB6D
:1081680003270A00D98F2320FA0011459790FF1F93
:10817800E78060B203A60B0013078400B30624014E
:1081880010D483A50C004CD483471700034507007F
:10819800B317FB0035E5F18FB337F00093C717002D
:1081A8002389F60009078506E310ECFE83C704005F
:1081B80003C7F4FFB317FB0031E737170040130775
:1081C800870A1443D58F1CC31509D1478904E312C4
:1081D800F9F8B250225492540259F249624AD24AEA
:1081E800424BB24B224C924C45618280238007005F
:1081F800850735B703A70900D98F23A0F900B5B7BC
:10820800ED8F59BF03A70A00D98F23A0FA006DBFCD
:10821800797122D426D22A840441610506D64AD02F
:10822800EFF0BFED51469305A4026800EFA02FFFC1
:108238005146930584046800EF30A2022DC19307CC
:108248004400130764016312F70651466C001305D6
:108258008404EFA0CFFC03A781EAA68781466D833B
:10826800058B134717004D488548514513B6C6007E
:10827800938507011DEE15CF8506AE87E398A6FE08
:108288008347D4051305C4051307F4009306E400D7
:108298001306D4009305C400EF10D0380545B2503A
:1082A8002254925402594561828023800700850731
:1082B80059BF3306D400034686045DDEE38EB7FA61
:1082C8009043E30B06FB2296230216019107FDB7A4
:1082D800717156CB832A050022D526D34AD14ECFB9
:1082E80006D752CD5AC95EC762C566C36AC1EEDEFB
:1082F800AA8402D802DA02DCD68713840A14930906
:10830800C1024D49631AF40213064004974502005E
:10831800938505B14E85EFA08FF02685EFF05FEFCE
:1083280083C7640081E783C7040185C32945979003
:10833800FF1FE7802097D5B73E854146CE854AD6B0
:10834800EFA0EFED9307050175BF1305401F979048
:10835800FF1FE7802095054901444D4BC14B514C07
:108368002685EFF0FFEA93172400CE9717D5FF1F55
:108378001305C53C03AA070003CD6400EF00900A6B
:10838800014697450200938525E817D5FF1F130579
:10839800E53AEF00D049930C140097460200938603
:1083A80026E663694B010A0A974702009387C73696
:1083B800D297944317460200130606E69305000277
:1083C8006800EF20926341466C0017D5FF1F130524
:1083D800E536EF00D045454793F6FC0F17460200F7
:1083E8001306C6DD930500026800EF20126161469E
:1083F8006C0017D5FF1F13056534EF0050431306B3
:108408008002974502009385A5DD17D5FF1F130548
:10841800E532EF00D04117D5FF1F130525321306AB
:108428000003974502009385E5DFEF00504017D51C
:10843800FF1F1305A530892D630A0D06630909007E
:10844800514566849790FF1FE780C08501499317BF
:108458002400CE97904381479306E6FFB336D000B9
:108468001397470056970C4363966505B385F40048
:1084780083C5850495CD10C32322670105042945CA
:108488009790FF1FE7800082E3FC8BECBA502A54D8
:108498009A540A59FA496A4ADA4A4A4BBA4B2A4C58
:1084A8009A4C0A4DF65D01454D618280054945B7F4
:1084B80033F926018507E39587FBD1B71C4191C79E
:1084C8000C453E859D8D6F10726F82801971EAC8C8
:1084D800032D0500A2DCA6DACAD8CED6D2D4D6D2CD
:1084E800DAD086DEDECEE2CCE6CAEEC62A8B81443E
:1084F800014481490149CD4A514A93174900EA97F5
:108508009C4363975701630D9406232024011104AB
:108518000509E31449FF17D5FF1F130525226394A6
:10852800890CEF0020704A8697450200938585D212
:1085380017D5FF1F13058520EF00702F17D5FF1FD4
:108548001305C51F91231305007D9780FF1FE78042
:10855800607563870900B38534414E85EF10126654
:10856800F6506654D6544659B659265A965A065B5A
:10857800F64B664CD64C464DB64D01450961828096
:10858800B30B34413707002093D72B409306F7FFEE
:108598006398D70017450200130505CAEF10326724
:1085A800BE8491E38544BE9463E4E4009304F7FF3A
:1085B8008A042685EF103263B307750123A02701CB
:1085C8002A8C63860B005E86CE85EFA04FC5138488
:1085D8004B00629463860900DE854E85EF10125EBB
:1085E800E294E28935B73D2D4A8697450200938586
:1085F80025C817D5FF1F13056514EF0050237946CA
:1086080097450200938585C717D5FF1F13050513E6
:10861800EF00F02117D5FF1F13054512B5211305EB
:10862800803E9780FF1FE780E0673304344193570B
:1086380024403EC4054C814AB70C0020A2476396EB
:10864800570717D5FF1F1305650FE92B51469745A7
:108658000200938565C617D5FF1F1305250EEF0089
:10866800101D714697450200938505C617D5FF1F53
:108678001305C50CEF00B01B17D5FF1F1305050C1C
:108688002121138581EAEFE0EFB2138581EAEFE05B
:108698000FA91305007D9780FF1FE780A06017D5FD
:1086A800FF1F1305A5099D2B6DB593972A00CE973B
:1086B8009C43224614103E85D6853EC202D002D283
:1086C80002D4EFF00FB20810EFF05FDF0149814BE1
:1086D800014A5A85EFF0DFB303476B002246124583
:1086E8005408D6853AC652CA5ECC4ACEEFF06FAF70
:1086F80032470DEF054C0147B306EB0083C6460031
:10870800A5C6D286639EDB0463852B0723A0EB00F6
:10871800910B1305C0129780FF1FE780A05813051F
:1087280040069780FF1FE780E05765B7E3050CFC1C
:1087380092474D4793964700EA96B3874B4198C2B4
:10874800D8C298C6D8C613D727408147630FF70603
:108758001396270052961042850790C29106FDB7DE
:1087680090429106E310C7FA0507C947E316F7F8E0
:108778007DB733844B41935724409386FCFFE38BAA
:10878800D7E03E8991E305493E99636499011389CD
:10879800FCFF0A094A853AC6EF10F2443247B3078C
:1087A8008500AA8D98C309C42286D285EFA02FA779
:1087B80093074400B38BFD0063060A00A285528527
:1087C800EF10D23F6E996E8AA9B717D5FF1F130510
:1087D800E5F63AC681295146974502009385C5AA10
:1087E80017D5FF1F130585F5EF0070043247924631
:1087F8009305000217460200130686AA3305B10046
:10880800EF20B21F79460C1017D5FF1F130505F38B
:10881800EF00F00117D5FF1F130545F2B524130526
:10882800C0129780FF1FE780E0474808850AEFF0ED
:10883800FFC8014C21B517D5FF1F130525EA6FF0B6
:10884800EFAA1306004081456FA06F9C4111854532
:108858000D6506C6EFA07FF91167B72506009307D7
:108868002004930600403A86938505A80145EFB099
:108878006F940545EFB00F8AB240054541018280EB
:10888800011126CA89644AC84EC652C406CE22CCF3
:108898002E89B289368A9384047137050200EFB0B5
:1088A800CFA72A8429E505458964EFB0AF8893846A
:1088B8000471370503000505EFB02FA421C58145D4
:1088C8004A858964EFB0EF8B9384047137050700FC
:1088D80013052508EFB06FA205CD93170401C183D6
:1088E80063EB47030545EFB00F87054521A0FD144D
:1088F800CDF40145F2406244D2444249B249224A89
:1089080005618280FD14D5F40545EFB0CF84D5B755
:10891800FD14CDFCD5BFB387890003C50700896462
:1089280093840471EFB04F85370507001305450898
:10893800EFB0AF9C19C105044DB7FD14F5F4E9B7C4
:10894800011126CA89644AC84EC652C456C206CE08
:1089580022CC2E89B289368ABA8A93840471370563
:108968000200EFB08F9B2A8435E105458964EFA0AA
:108978007FFC93840471370503000505EFB0EF977A
:1089880035C181454A858964EFA0BFFF938404718E
:108998003705070013052508EFB02F9631C956850E
:1089A8008964EFA07FFD93840471370507001305E0
:1089B8004508EFB08F9421C193170401C18363EF79
:1089C80047030545EFA03FF9054521A0FD14C1F86F
:1089D8000145F2406244D2444249B249224A924A8D
:1089E80005618280FD14C1F80545EFA0DFF6CDB71B
:1089F800FD14D9FCD5BFFD14CDF8FDB7B3878900A8
:108A080003C50700896493840471EFA0FFF6370556
:108A1800070013054508EFB04F8E19C1050469BF5B
:108A2800FD14F5F4D1B71DCE3D47AA870145636D06
:108A3800C70279711305110106D622D432C63E84C5
:108A480023080100EF90BFFDB24610082285850675
:108A5800C206C18293058007EFF09FE2B25022540C
:108A6800456182800545828082800111A306B1009C
:108A7800700089469305800706CE23060100EFF0B3
:108A88003FE0F24005618280B7077F22011193879A
:108A980017023EC42C0093070070194606CE22CC5C
:108AA8002316F1002A84EFF01FF822862285130787
:108AB80000049306004093058007EFF07FE8F2403A
:108AC8006244056182809D4763E6B7040111B707D8
:108AD8007F2222CC938717022E842306B100A30697
:108AE800B10019462C0006CE26CA3EC4AA84EFF06F
:108AF8009FF3131674002696268513070004930621
:108B0800000893058007EFF0BFE3F2406244D244C7
:108B180005618280828041119305E00A06C622C45D
:108B28002A84EFF09FF4930500022285EFF0FFF30B
:108B380081452285EFF07FF3930500042285EFF04D
:108B4800DFF29305100A2285EFF03FF29305800AC1
:108B58002285EFF09FF19305F0032285EFF0FFF0F7
:108B68009305800C2285EFF05FF09305300D228588
:108B7800EFF0BFEF81452285EFF03FEF9305A00DA1
:108B88002285EFF09FEEC9452285EFF01FEE930591
:108B980010082285EFF07FED9305F00C2285EFF0A9
:108BA800DFEC9305500D2285EFF03FEC93050008AC
:108BB8002285EFF09FEB9305900D2285EFF0FFEAF9
:108BC8009305100F2285EFF05FEA9305B00D22851B
:108BD800EFF0BFE9930500042285EFF01FE9930544
:108BE800D0082285EFF07FE8D1452285EFF0FFE736
:108BF8009305400A2285EFF05FE79305600A228516
:108C0800EFF0BFE622852244B2409305F00A410105
:108C18006FF0BFE59305F00A6FF03FE59305E00AB2
:108C28006FF0BFE4411113060040814506C6EF907E
:108C38001FDEB240A38C01A8238C01A841018280C9
:108C4800411106C622C42A84EFF05FC0130540060E
:108C58009780FF1FE78000052285EFF0DFEB228574
:108C6800EFF05FFC2285EFF03FE2B2402244054579
:108C78004101828093D775009DE39337060485C32D
:108C8800935736009E07BE952E951D8A0547834744
:108C980005003317C70089C6D98F2300F5008280E5
:108CA8001347F7FFF98FD5BF5D714EDEB6898D8EFC
:108CB80013D8F641B346D800A6C2B304C740B3865A
:108CC800064113D8F44156DA5AD8B3449800139B96
:108CD800060186C6A2C4CAC052DC5ED6135B0B412D
:108CE800B3840441854A63E33501FD5A7D5A6373B1
:108CF800E600054A368433899640B30B9040BE8619
:108D08003ACE3ECC32CA2EC82AC6EFF0BFF652463B
:108D180072473245C245E2476314E600638435036F
:108D280093161900C206C18663D7DB00D6953309AE
:108D3800994093F5F50FE3D466FD52962299137680
:108D4800F60F75BFB640264496440649F259625A52
:108D5800D25A425BB25B61618280FD167971AE9630
:108D680026D293F4F60F52CCA6863A8A328706D6D4
:108D780022D44AD04ECE32842A89BE892EC6EFF03C
:108D8800BFF21307FAFFB24522971377F70FCE8782
:108D9800A6863A864A853AC4EFF01FF1B2452247C3
:108DA800CE87AE8622864A85EFF01FF022862254AF
:108DB8002247B250624ACE87A686F249A6854A85DE
:108DC8009254025945616FF03FEE011122CC26CA38
:108DD8004AC806CE32893384D500B304E60063CC92
:108DE8008502F2406244D244424905618280BE86CF
:108DF8003EC632C42EC22AC0EFF0DFE72246024543
:108E08009245B24705061376F60FE34296FE8505AE
:108E180093F5F50FE9B74A86CDBFA38CB1A8238C8B
:108E2800C1A88280797122D4138405FE06D626D281
:108E38004AD04ECE52CC56CA5AC85EC662C466C222
:108E48001374F40F1307E00583C781A963718704BE
:108E580029470144639DE502A38C01A8A10793F764
:108E6800F70F1307F0036361F702238CF1A8B250E0
:108E7800225492540259F249624AD24A424BB24BA6
:108E8800224C924C4561828093078003F9BF83C6C8
:108E980091A91307A007637DD700A38C01A8A10798
:108EA80093F7F70F1307F0036363F706238CF1A812
:108EB800954933043403AA8C8144174A0200130AE3
:108EC8006A8B9D4AB3079400D29703CB0700A68B01
:108ED800014C03C991A903C681A9B3578B41B305B6
:108EE80079016296858B93F5F50F1376F60F854613
:108EF80091E381466685050CEFF0DFD7E31B5CFD47
:108F08008504E39134FD1909A38C21A98DB7930732
:108F1800800369BF011122CC06CE2E84830504008C
:108F280089E5F2406244056182802AC6EFF09FEF2E
:108F380032450504E5B78280397122DC5AD03A847B
:108F48003E8B1357760093B7150006DE26DA4AD80B
:108F58004ED652D456D25ECE62CCD98FA1E793B703
:108F68000604A9C3B30786001307000822896357BC
:108F7800F700130400F8118C1374F40F338766019B
:108F88009307000463D5E700958F13FBF70F1D09BE
:108F9800B68A328AAE8B81491359394013F7F90FD3
:108FA800636D6705F2506254D2544259B259225A3D
:108FB800925A025BF24B624C2161828013D73400D3
:108FC8006297420741835E978346070093C7F4FF81
:108FD8009D8BB3D6F640B3854401858A93F5F50F8A
:108FE80032C62AC4EFF01FC922453246850493F4DD
:108FF800F40FE31594FC850955B75697330C3903DC
:1090080081441376F70FF5B7014581CD83870500B5
:10901800138767FF11C399E7B337A0001D8D137538
:10902800F50F828019051375F50F8505C5B7B9C108
:10903800011122CC26CA32C606CEAE842A84EFF0AD
:10904800BFFC13070008B307A7408946B3C7D70278
:10905800324693F7F70F6373F7008147228562441E
:10906800F240A685D244A38CF1A8238CC1A805613F
:109078006FF05FEA828017C5FF1F1305256C6FF03C
:109088004FFC17C5FF1F1305656B6FF03FB99307BA
:1090980010F00CC123220500232405002326050017
:1090A80023280500231AF50082805C4185CB83C7FD
:1090B800870063F5F5028347950063E1F5029D8D0E
:1090C80093F5F50F954763EBB700034755018905FD
:1090D8008547B397B700D98FA30AF5008280584116
:1090E80099C911CB0348870081479308400313F6B9
:1090F800F70F6363060182803383170354438507A0
:109108009A96E396B6FEB2856FF03FFA411122C4F3
:109118002A84084106C6EFF0FFB00840854731476A
:109128009306000801468145EFF03FC35C408DC3BC
:109138009C4399CF08408145EFF0FFDF5C40084031
:109148000D468C43EFF0BFEE08408545EFF0BFDEDB
:1091580008402244B240314785479306F0073A86D3
:10916800814541016FF05FB45C41638D071C03C703
:10917800870063F9E51C5D7186C6A2C4A6C2CAC091
:109188004EDE834495001547B384954093F4F40F5D
:10919800636A971613074003B385E502C043890441
:1091A8008E04AA8993F4F40F2E94631406160329E7
:1091B8000400854503A50900EFF0FFD71C440D47BF
:1091C8006395E7165C4485CB83C7070014401737BF
:1091D80002001307E71689C7173702001307071697
:1091E8001736020013060616930500020808EF203A
:1091F800C2001309010103A50900138614001376A0
:10920800F60FB94532C6EFF05FC103A50900CA855C
:10921800EFF05FD01C4432461389A7FF13392900A9
:1092280013B717003369E900631909000D476396FE
:10923800E7005C4499C303C907004C40A1C1838778
:1092480005008DCF03A509001339190032C60E0990
:10925800EFF09FDB1309290793071500324663DFF8
:109268002701B305A94003A5090093F5F50FEFF011
:10927800DFBA4C4003A50900EFF0DFC91C4413878F
:10928800A7FF11C391EF03A50900A1473E87A68652
:10929800130640079735020093850570EFF0DFC984
:1092A80018448D476314F7025C44A1CB83C70700B9
:1092B800A9C703A50900A1473E87A686130640074C
:1092C800973502009385C56DEFF01FC718449D4779
:1092D8006315F7025C4495C398431C48631FF70065
:1092E80003A50900A1473E87A686130640079735C0
:1092F80002009385E56FEFF03FC403A5090085459B
:10930800EFF07FC3B640264496440649F25961619E
:1093180082800841214789458547BA862686EFF02D
:10932800DFAA81450329040071B51147E395E7ECED
:109338005C44E38207EC9843144017360200130696
:10934800E6005DB582805C41ADCF83C68700994752
:1093580063F9D70693070012B3C7D702411126C293
:1093680006C622C44AC00D4793F4F70F6344F700BA
:109378009147BE840346950013070003B307F740DF
:10938800B387C702E91693F6F60F2A8408414146C7
:109398009305C007B3C7D7028D46C10713F9F70F66
:1093A8008147EFF09FA208402244B24026874A86B0
:1093B8009244024985478D469305C00741016FF0E5
:1093C800DFA082805C45C9CF5C41011122CC06CE6A
:1093D80026CA4AC84EC62A84ADCF83475501B5CBA5
:1093E800EFF0DFD2814419495C408345940083C77C
:1093F8008700A69563DFF50003468400228585046F
:109408000D8E1336160093F5F50FEFF0FFD5E39D9B
:1094180024FD2285EFF03FF3034754019307F00F33
:109428006304F702814485492149834754013397EE
:109438009900F98F91C7084093F5F40FEFF0AFE862
:109448008504E39424FF21A00840EFF0EFE3A30A8A
:109458000400F2406244D2444249B2490561828024
:109468008280FD57A30AF5006FF0DFF585474CC1F0
:1094780023140500230505005CC56FF09FFE5841C5
:1094880039C783458500A1C5411122C406C626C235
:109498001384F5FF034795001374F40F2304850024
:1094A800637CE4007D57A3048500A30AE500B2406D
:1094B8002244924441018280AA84EFF01FBFA28512
:1094C8002244B2402685924441016FF01FBE82803B
:1094D800584129CF03478700834585007D1763D707
:1094E800E504411122C406C626C203479500138429
:1094F80015001374F40F230485001507635D8700B6
:10950800F1157D57A304B500A30AE500B240224433
:10951800924441018280AA84EFF03FB9A285224497
:10952800B2402685924441016FF03FB8828058418D
:1095380015C38346A50099C6834585002305050004
:109548006FF0BFB6584719C758C17D572314050097
:10955800A30AE50082805C419DCF834585001307FF
:109568004003DC433387E502BA9703C7070305C7FF
:10957800944711476391E602D04711CE984F1442A1
:10958800998E984B63C6E600D84B63D3E6003687BE
:1095980018C26FF09FB182805C419DCF83458500E2
:1095A80013074003DC433387E502BA9703C7070371
:1095B80005C7944711476391E602D04711CE984FEB
:1095C8001442BA96984B63C6E600D84B63D3E600BC
:1095D800368718C26FF07FAD82805C4189EBFD57FA
:1095E8002314050023050500A30AF5008280DC4743
:1095F800FDD75CC1DDB71845011106CE2EC632C4B1
:1096080019E3EF0052615C4530006C008297F2402C
:1096180005618280584163060710834585009306DB
:1096280040035C43B386D502B69783C60703638AB3
:10963800060E94471D466366D60E173602001306BB
:1096480066318A06B2969442411122C4B29606C681
:1096580026C22A848286C44789C8D44099C683C64C
:10966800840081C6A146631B9700B24022449244FD
:1096780041018280FD1693F6F60FE5DA58477DFB27
:10968800D85319C7D057A2851385C701EFF0BFF685
:109698005C40DCC444C023140400FD57A30AF40052
:1096A800E9B7D84719CF8346070093C616002300A9
:1096B800D700D85319C7D057A2851385C701EFF033
:1096C8009FF38345840039A00347A50019EB85471C
:1096D8002315F50022852244B240924441016FF0DF
:1096E800DF9CD447F9DE904F98423297D04BE34A3B
:1096F800E6FC98C27DBFD84719C3944B14C3D8530E
:1097080019C7D057A2851385C701EFF0DFEE5C407B
:10971800DC47C1D722852244B240924441016FF010
:109728001FE18280FD15994763E9B70217370200E8
:10973800130747248A05BA959C41BA9782876FF028
:109748001FD46FF0FFD86FF0FFEC6FF0FFE46FF0FD
:109758001FDE6FF05FE06FF05FE88280797117C7F6
:10976800FF1F1307A74B56CC22D626D44AD24ED079
:1097780052CE5ACA5EC862C693050504BA86BA8A2A
:1097880083470500034615001105E2074206D18FFD
:109798000346F5FFD18F0346E5FF2206D18F9CC211
:1097A8009106E39FA5FC17C5FF1F130525535443D6
:1097B800105F9395960193D776001398E600AE97BD
:1097C80093D52601C295AD8F8D824C53B58F144326
:1097D8001318D6001107AE96B6979315F600935650
:1097E8001601AE9693553601C295AD8E2982B18E7B
:1097F800B6975CDFE31DE5FA17C7FF1F1307073CA1
:1098080004434043832387008322C700832F070133
:10981800032F4701032E87018328C701FA8E72831D
:109828004689FE8696899E85228526860148173BAD
:109838000200130B6B20130A0010939BA60193D709
:109848006600DE97139C560193DBB600E29BB3C714
:109858007701139C760093DB9601E29BB3C77701EF
:10986800338C0A01B30B6801032C0C0083AB0B008B
:109878001108E29BDE9793CBF6FF33FCD601B3FBCE
:109888006B00B3CB8B01DE97CA97931BE601135984
:1098980026005E99131C3601935BD600E29B334980
:1098A8007901131CA600935B6601E29B3349790199
:1098B800B34BB500B3FBCB00337CB500B3CB8B0106
:1098C8005E99B38B3701CA97AE891A896313480525
:1098D800329440C33254BE94DE9FAA93AE92369F10
:1098E800769E9A9804C323247700232657002328BA
:1098F800F701232AE701232CC701232E1701A254BD
:1099080012598259724AE24A524BC24B324C456153
:1099180082807683AA85B68E3285DE863E8631BF02
:10992800B7E7096A9387776617C7FF1F2328F728C1
:10993800B7B767BB938757E817C7FF1F2322F728D6
:10994800B7F76E3C9387273717C7FF1F232CF726D7
:10995800B7F74FA59387A75317C7FF1F2326F726E7
:10996800B7570E519387F72717C7FF1F2320F726EE
:10997800B777059B9387C78817C7FF1F232AF72444
:10998800B7E7831F9387B79A17C7FF1F2324F724C6
:10999800B7D7E05B938797D117C7FF1F232EF7220E
:1099A80023A201AA23A001AA23AE01A8828093863C
:1099B800C1A99C4201111397350022CC26CA06CEB4
:1099C8004AC84EC652C456C2BA979CC2AA842E84AC
:1099D80063F7E700138701AA1C4385071CC3938913
:1099E80041AA03A90900630909041306000417CA58
:1099F800FF1F130AAA1EB30A2641330549016372E1
:109A080054032286A685EF908F814A9423A089006B
:109A1800F2406244D2444249B249224A924A05611C
:109A28008280A6855686EF809FFF5285130909FC20
:109A3800EFF0DFD2D6944A942289130AF003B30ACE
:109A48009400636F2A01937504FC1374F40322864F
:109A5800A69517C5FF1F13056518EF805FFC7DB736
:109A680033852A41EFF09FCF130909FCD9BF83A79B
:109A780041AA411122C417C4FF1F1304241626C289
:109A880006C6AA84130700F813851700A297238037
:109A9800E7009307800363FDA70013060004098EFF
:109AA80081452295EF80BFF62285EFF03FCB014537
:109AB80013068003098E81452295EF805FF583D7D1
:109AC80001AA17C5FF1F1305651113D78700A20741
:109AD8003E9783A701AA231DE40293D68701C18379
:109AE800A30CF40283D7C1A9230CD40213D787008F
:109AF800A2073E9783A7C1A9231FE40293D6870133
:109B0800C183230ED402A30EF402EFF03FC517C79A
:109B1800FF1F1307A70A2685938604021C43110515
:109B2800110713D68701230EC5FE13D60701A30E0E
:109B3800C5FE13D68700230FC5FEA30FF5FEE39FCE
:109B4800A6FCB2402244924441018280011122CCF9
:109B580026CA4AC806CE2A8901447D46973502009E
:109B6800938585FD97C4FF1F938444011307000460
:109B78009307600363488600B307B40083C70700F0
:109B880093C76703B30694002380F6000504E31126
:109B9800E4FEEFF0FFD8A28517C5FF1F130505FEE9
:109BA800EFF0FFE099454A85EFF07FE017C5FF1F0A
:109BB8001305C5FAEFF0BFEB8145FD4617360200E5
:109BC800130686F79307C00563C8B600B387C500B8
:109BD80083C7070093C7C7053387B4002300F7007E
:109BE8008505E39185FE2EC6EFF09FD3B24517C5D4
:109BF800FF1F1305A5F8EFF09FDB17C5FF1F13051F
:109C0800E5F593050002EFF09FDA6244F240D24492
:109C1800424917C5FF1F130565F205616FF03FE55F
:109C2800411122C403C4B1A926C24AC006C6AA84E7
:109C38002E8925E4EFF0DFCE8D45172502001305A8
:109C48006571EFF0DFD617C5FF1F130525EFEFF09D
:109C58001FE213060002973502009385E5DB17C55E
:109C6800FF1F1305A5EDEF10C25F1DE11385019DD0
:109C7800EFF0DFED13060002973502009385C5D794
:109C880017C5FF1F130585EBEF10A25D13341500F0
:109C9800238D81A88547A38DF1A803C4A1A901CC70
:109CA8002685EFF0BFEA214697C5FF1F938505E992
:109CB8004A85EF80DFD6B240228522449244024989
:109CC80041018280B7F507002A868146E1051945DA
:109CD8001773FF1F6700230F854713F5F50F630BF5
:109CE800F60089470D89630AF6003336C00013155C
:109CF8001600828019C1134535008280011122CCDB
:109D080003C4060026CAB2840346060006CE06042B
:109D180003480700518C1374F40F630588028D48BB
:109D28002286631D14012E86C2853EC63AC436C2F9
:109D3800EFF09FFAB247224792462A862380C7004F
:109D48002300870083C707000547638FE70009469C
:109D58006381C70289E72380060023800400F2405C
:109D68006244D244056182802380F4002380060087
:109D7800FDB7238004002380E600D5B7797106D6A5
:109D880022D4034405002E88780893773400A30F63
:109D9800F100935744008D8B230EF100B68593078D
:109DA800F101C2862AC6EFF07FF58347C10113741B
:109DB800C40C324592075D8C8347F1015D8C23000A
:109DC8008500B250225445618280797106D622D42A
:109DD8008D472E8881456383F600B68503440500C8
:109DE8007808B286935724008D8BA30FF100935700
:109DF8006400230EF10042869307F1012AC6EFF0B2
:109E0800FFEF8347C1011374340332459A075D8C11
:109E18008347F1018A075D8C23008500B2502254E4
:109E280045618280011122CC26CA2E84B284B6856F
:109E38003A86BE8606CE2AC63EC4EFF01FF9A28532
:109E48006244A2463245F2402686D24405616FF04C
:109E5800FFF209C583A5C19E6FB03FC88280AA855D
:109E680003A5C19E41110D461305050406C6EF80E2
:109E78001FBBB2400D4541016FA00F8CB787004052
:109E880003C767009907937627006381065E3971D7
:109E98003787004006DE22DC26DA4AD84ED652D46E
:109EA80083477700930600031D0793F70703638230
:109EB800D706834707009306000293F7F703638FDB
:109EC800D70E63E0F60C89466383D71A63EBF60274
:109ED800639A0716B787004003C5870003C7A1AB7D
:109EE800A5471375F50F6311F70209C583A5019FEF
:109EF800EFB0BFBEB787004023800702130700FCFE
:109F080005A28D466383D71AB78700400947238384
:109F1800E700B787004083C77700E207E18763DD82
:109F28000734130720FCB78700402381E702138911
:109F3800019F032409008349740083476400834414
:109F48000400A209B3E9F900239C31AB834714004C
:109F5800238DF1AA13F704066309072413F70402F3
:109F6800630C071AFD1793F7F70F2947636BF72E52
:109F780017370200130747BE8A07BA979C43BA9758
:109F88008287130720026383E71013073002638D6B
:109F9800E71213071002E399E7F6B787004003C7F3
:109FA8006702134707042383E70203C7670213778F
:109FB800C70F136727002383E702B9B783C7A1AB8D
:109FC80015476382E7061947638AE7000D47E38D63
:109FD800E7F2B7870040238007029DA083D481ABB6
:109FE80093070004268463F397003E84938941AB6A
:109FF80003A9090003A5019F42044180CA8522865E
:10A00800818CEF80DFA12299239C91AA23A02901AA
:10A01800B78700402380870203C727021347070436
:10A028002381E702D5B5B787004083C6370003D739
:10A0380081AB93F60608558FA381E700B7870040E8
:10A048000947F9BF8347070093F70704E38E07EA38
:10A05800B787004003C76702134707F82383E7025F
:10A06800B787004003C58700EFF0BFDE71BD8347A7
:10A07800070093F70704E38907E8B787004003C799
:10A08800A702134707F82385E702BDBDB78700403D
:10A0980003C7A702134707042385E70203C7A702DC
:10A0A8001377C70F13672700F9BF8347070093F794
:10A0B8000704E38B07E4B787004003C7E7021347A9
:10A0C80007F82387E70289B5B787004003C7E70287
:10A0D800134707042387E70203C7E7021377C70F6D
:10A0E80013672700F9BF034734008D476316F7024B
:10A0F8001305F101A30F0100EFB01F8D0346F10115
:10A1080093070004AA8563F5C700A30FF1003E86F4
:10A1180003250900EF80BF90E204E184814663DEF5
:10A12800040083D781AB930600043E8763F3F600EF
:10A138003687998FBA86239CF1AAB7870040238077
:10A14800D702130700FC15A28347540003474400B5
:10A15800A207D98F1387C1AABA970347340023806F
:10A16800E7005DBF8347540003474400A207D98F27
:10A17800138701ABBA9703472400D5B78347540028
:10A1880003474400A207D98F1387C1AABA9783C788
:10A1980007002300F40049B78347540003474400ED
:10A1A800A207D98F138701ABD5B7AD4663EBF60A83
:10A1B800973602009386069D8A07B6979C43B69702
:10A1C8008946828783473400834624001D46A207B8
:10A1D800DD8EA183138A41AB6364F6021309F00F85
:10A1E800B9C3FD17C207C18319466363F602173660
:10A1F80002001306269C8A07B2979C43B29782876F
:10A2080093061002638CD708930620026386D70A48
:10A218001309F00F09A897370200938727A5232071
:10A22800FA000149494763753701239CE1AABA89B5
:10A238009307000483250A004E8663F337013E86A0
:10A248009319060193D909014E8622852EC6EF80FF
:10A258000FFDB2459307F00FCE952320BA00E31DFA
:10A26800F9EAB78700401307F0FC2381E702B787B4
:10A27800004009472383E700F2506254D254425900
:10A28800B259225A21618280973702009387479BEF
:10A298002320FA0001491307900271B7834744004D
:10A2A8001309F00FC9F3973702009387879A232081
:10A2B800FA000149254785BF83474400D9E397370A
:10A2C80002009387E7932320FA0001491307F0035C
:10A2D80099BF93F7F60F8546638DD7008946638348
:10A2E800D7029DF79387819D2320FA0001491147E2
:10A2F8001DBF973702009387278F2320FA00014953
:10A30800294715B7973702009387878C2320FA00CF
:10A318000149594709BF973702009387A78DF1BFB5
:10A3280013067002973502009385A5911795FF1FB4
:10A338001305E5D7EF80AFEE9797FF1F938707D7F1
:10A3480081BF01491307F00FF9BD83472400239CFF
:10A35800F1AAD9B383C7B1AB2300F4008547E3FD65
:10A3680037DB8547EDB783472400A38DF1AA6DB38A
:10A3780093F7F401639FD70283474400054763813D
:10A38800E70213071008E39EE7EC3787004083478E
:10A39800670293F7C70B93E727002303F702ADBBC8
:10A3A800B787004003C76702137737072383E7029D
:10A3B800A5B3E39807EA8347340003472400A207BC
:10A3C800D98F0547E39AE7D483C791AAF99BA38459
:10A3D800F1AA99B393F7F4016391D7048347540022
:10A3E80003474400A207D98F0547638FE700130787
:10A3F8001008E398E7E6378700408347670293F73A
:10A40800C70B93E7370051BF378700408347670280
:10A4180093F7370793E7C70049B7E39407E48347FF
:10A42800340003472400A207D98F0547E396E7CEF7
:10A4380083C791AAD98F61BF2300040005B7230001
:10A44800040083270900A380070003270900834726
:10A458000700FD8B99E783C791AA81C78947230025
:10A46800F7008547E3FA37CB8947D5B593761700C8
:10A478009DC237870040A3010700BA860947238198
:10A48800E6022383E6022385E6022387E6020547E0
:10A498002380E700828093764700FDDA1147CDBF1D
:10A4A80083C721AC9DE7AA8503A5C19E41115146EA
:10A4B8001305050406C622C4EF806FD6054451452E
:10A4C800238181ACEF905FA7B240228522444101ED
:10A4D80082800145828097C7FF1F9387279C41117F
:10A4E80023A8F19E97C7FF1F9387479323A6F19E42
:10A4F80097C7FF1F9387878A23A4F19E97C7FF1FDB
:10A508009387C78106C623A2F19EEF90FF9AB240B7
:10A51800B7E700E03707400023A0E71001454101F5
:10A528008280854663F7A60603A7C19E8347070076
:10A538009DE383471700E117A9EF1335550031E96B
:10A5480083473700238EF1AA83474700A38EF1AAD9
:10A558002380D1AC8280639ED70283461700F5160C
:10A568008DEA79151DC503472700A146630AD7025E
:10A5780063E2E60299466307D700930797FF93B70C
:10A5880017008607238FE1AAA38FF1AA8547A38026
:10A59800F1AC8280930777FF93B717008A07DDB77E
:10A5A8008D47CDB7B787004003C7670099079376F3
:10A5B8002700638D067679713787004006D622D446
:10A5C80026D24AD04ECE52CC83477700930600035A
:10A5D8001D0793F707036383D70683470700914650
:10A5E80093F7F70363E1F604FD1793F7F70F8D462A
:10A5F80063EAF61A97260200938686688A07B69752
:10A608009C43B69782879387F7FD93F7F70F0D471B
:10A618006360F70A17270200130787678A07BA9744
:10A628009C43BA978287138707FE1377F70FE3FCDB
:10A63800E6FCB787004009472383E700B787004057
:10A6480083C77700E207E18763DC0732B7870040FA
:10A65800130720FC2381E7021386019F044283C964
:10A66800740083C76400A209B3E9F900239831ADE7
:10A6780083C714002389F1AC03C40400137A0406C9
:10A68800630A0A2213070002631BEA1C03C744007B
:10A69800F91793F7F70FA5460D8B63E8F62C972665
:10A6A80002009386E65F8A07B6979C43B69782872F
:10A6B80083C721AD95466382D70699466389D7003B
:10A6C800E389E7F6B787004023800702A5A003D7F0
:10A6D80001AD930700043A8663F3E7003E861384CE
:10A6E800C1AC0C4003A5019F4206418232C6EF80EF
:10A6F8000FB383D701AD3246918F2398F1AC1C403C
:10A70800B2971CC0B78700402380C70203C727023F
:10A71800134707042381E70229BFB787004083C690
:10A72800370003D701AD93F60608558FA381E700DC
:10A73800B78700400947F9BF8347070093F7070425
:10A74800E38907EEB787004003C76702134707F896
:10A758002383E702B787004003C58700EFF07FDC5B
:10A76800C9BDB787004003C767021347070423839F
:10A77800E70203C767021377C70F1367270023830E
:10A78800E702238101AC75B58347070093F70704F7
:10A79800E38107EAB787004003C7A702134707F812
:10A7A8002385E702B787004083C7870059B5B78775
:10A7B800004003C7A702134707042385E70203C71E
:10A7C800A7021377C70F136727002385E70295B5FC
:10A7D8008347070093F70704E38D07E4B787004032
:10A7E80003C7E702134707F82387E70265BFB78760
:10A7F800004003C7E702134707042387E70203C79C
:10A80800E7021377C70F136727002387E70215B5F9
:10A818008347070093F70704E38D07E0B7870040F5
:10A8280003C72703134707F82389E702A5BFB7879C
:10A83800004003C72703134707042389E70203C718
:10A8480027031377C70F136727002389E702D5B3B8
:10A85800938741ACBA9703C734002380E7006204AA
:10A8680061848146635E040083D701AD93060004CA
:10A878003E8763F3F6003687998FBA862398F1AC42
:10A88800B78700402380D702130700FCDDA0938719
:10A8980081ACBA9703C72400C9B7938741ACBA976C
:10A8A80083C7070017B7FF1F230AF75E4DBF9387BB
:10A8B80081ACF5B72D47636AF70A9726020093869D
:10A8C800A64013972700369718433697894602877C
:10A8D80003C7340083C624001D462207D98E21836E
:10A8E8001389C1AC6362E60205CB7D174207418339
:10A8F800994763E3E702172602001306E63F0A07B3
:10A9080032971C43B297828793061002630BD708CD
:10A91800930610046308D70C8147130AF00F01A8A7
:10A92800972702009387875B2320F900C94763F5BF
:10A9380037012398F1ACBE89930700044E8663F370
:10A9480037013E86931906018325090093D9090129
:10A958004E862685EF80AF8C83270900CE9723206B
:10A96800F9009307F00FE31CFAEEB78700401307CE
:10A97800F0FC2381E702B787004009472383E700FB
:10A98800B250225492540259F249624A4561828077
:10A99800972702009387C74A2320F9009307900955
:10A9A80079B783C744000547638EE7000947638387
:10A9B800E702BDF3972702009387A7492320F900F0
:10A9C800C547B5B7972702009387274B2320F9007F
:10A9D800ED47B1BF972702009387274E2320F90040
:10A9E800A547B1B7172702001307B74E2320E90080
:10A9F8003DBF93F7F60F1147E360F7F21727020000
:10AA0800130747318A07BA979C43BA9782879727D3
:10AA180002009387273F2320F9009307E00201BF34
:10AA2800972702009387873C2320F900D94701B76D
:10AA3800972702009387873A2320F900C147C5BDAD
:10AA4800972702009387472E2320F9009307200BAE
:10AA5800F9BD9387C19D2320F9009147C9BD972768
:10AA680002009387273D2320F900A947C9B513069B
:10AA78007009972502009385C53C1785FF1F1305AC
:10AA8800C565EF70DFF99787FF1F9387E76429B7DC
:10AA980083C724002398F1ACD9B383C731AD238091
:10AAA800F40003D701AD8547E3FBE7DA8547DDB757
:10AAB80083C72400A389F1AC5DB39377F40163964F
:10AAC800D70A83C74400130710086385E708636340
:10AAD800F7026388D7060D476381E7040547E396C5
:10AAE800E7E8B787004003C7670213773707238370
:10AAF800E702B5B313072008638AE7021307300893
:10AB0800E395E7E6378700408347E70293F7C70BEB
:10AB180093E727002307F70299B3B787004003C7D5
:10AB2800E702137737072387E70215BB378700400B
:10AB38008347A70293F7C70B93E727002305F7027C
:10AB480039BBB787004003C7A702137737072385A8
:10AB5800E70231B3378700408347670293F7C70B93
:10AB680093E727002303F702DDB9E39007E083C7E3
:10AB7800340003C72400A207D98F0547E391E7CE25
:10AB880083C731ACF99BA381F1ACD1B99377F401B8
:10AB98006394D70A83C7540003C74400A207D98F18
:10ABA800130710086381E7086363F7026384D70615
:10ABB8000D47638FE7020547E399E7DA37870040D7
:10ABC8008347670293F7370793E7C70061BF130707
:10ABD80020086388E70213073008E398E7D8378727
:10ABE80000408347E70293F7C70B93E737001DB789
:10ABF800378700408347E70293F7370793E7C70093
:10AC080011BF378700408347A70293F7C70B93E725
:10AC180037002DB7378700408347A70293F73707D8
:10AC280093E7C70021BF378700408347670293F740
:10AC3800C70B93E737003DB7E39907D283C73400C2
:10AC480003C72400A207D98F0547E39AE7C083C743
:10AC580031ACD98F0DBF23800400A1B59377F401DF
:10AC68006399D70A23800400184283475700834515
:10AC78004700A207CD8F93051008638DB70663E4DC
:10AC8800F5026384D7068D46638FD70285466388AD
:10AC9800D7061C42A380070003D701AD8547E3F020
:10ACA800E7BC8947C5BB93062008638BD702930688
:10ACB8003008E390D7FEB787004083C7E70293F7D1
:10ACC80037048D4601A8B787004083C7E70293F78A
:10ACD800C708B146E39FD7FA85472300F70055BF59
:10ACE800B787004083C7A702D9BFB787004083C78B
:10ACF800A702F1BFB787004083C76702C9B7B78605
:10AD0800004083C66602B14593F6C608E393B6F8D9
:10AD1800E9B7C1F32380040003C731AC1C4201C763
:10AD28002380D700BDB723800700A5B79376170007
:10AD38009DCA37870040A3010700BA8609472381C7
:10AD4800E6022383E6022385E6022387E6022389B7
:10AD5800E602238101AC23AE01AA239001AC05478A
:10AD68002380E700828093764700FDDA378700402A
:10AD7800034757001147EDB723AC05FE1C4191E787
:10AD8800010001000CC18280BA8703A787FF6DFF0D
:10AD980023ACB7FE82801DC18346E5FF1307F00F81
:10ADA8009147639EE600411106C69770FF1FE78032
:10ADB8006038B24081473E854101828095473E8593
:10ADC800828001E9014582800145B2402244410167
:10ADD800828095654111938505D022C4C98D2A8446
:10ADE8002105C2054205C181418106C69770FF1F32
:10ADF800E780E02771D9FD5723200500231285003D
:10AE08002303F5002105D1B7138741AD1C43411138
:10AE180022C426C24AC006C601440149BA8489E749
:10AE2800A16571250DC401A803C7E7FF6318A70230
:10AE38001DC8A165FD249840832784FF6317E40299
:10AE480023AAF1ACFD57232C04FE230FF4FE228520
:10AE5800B2402244924402494101828011E03E8975
:10AE680083A787FF6DBF3E84E5BF232CF9FED9BFBA
:10AE7800B9CD411122C406C62A8497B7FF1F83C7DC
:10AE8800B7112E856375F400894763E98700EFF0F1
:10AE98009FF00D45B24022444101828083A785FF7F
:10AEA80099E703C7E5FF9307F00F6306F700EFF094
:10AEB8009FEE1545C5B7238F85FE138541ADEFF08D
:10AEC800BFEB22852244B240A165410199AC1545EA
:10AED800828023AA01AC82809387C1AE9C4399E308
:10AEE8003E85828003D727006316B70003C7070093
:10AEF800E308A7FEDC47E5B7BDCD797122D406D6B5
:10AF080026D24AD04ECE01444147B3D78540858BDF
:10AF1800B1CF1205314722953305E5029387C1ADBC
:10AF280003A907008544B3948400C204C180BE8984
:10AF38002A990327090011C7032549002EC602973D
:10AF4800B24531473304E40283A709003E941C4408
:10AF580089E72320090023220900B2502254A58D35
:10AF680002599254F2492E85456182800504E31EF8
:10AF7800E4F88144DDB72E858280411113970501DD
:10AF880022C406C626C24AC041872E8463500702DF
:10AF9800EFF09FE719C1EFF01FE0A1673D8C228514
:10AFA800B24022449244024941018280EDD9AA87E5
:10AFB80001474146B356E440858A9DCA9207BA972D
:10AFC800B146B387D7029386C1AD03A9060085446D
:10AFD800B394E400C204C1803E9983270900032585
:10AFE800490082972320090023220900258C45BFA8
:10AFF8000507E311C7FC8144D5BF97B7FF1F9387A7
:10B00800E7F59C53411122C406C61384018899C7E9
:10B0180082971C403E9523A0A18829A0938741AE22
:10B028009C43FDF70840B74703009387D73F330594
:10B03800F502B7A72600938737ECB24022443E9525
:10B0480023A0A1884101828079C9938741AE9C439E
:10B05800797122D426D24AD04ECE52CC56CA5AC87A
:10B0680006D65EC63A8AB689328BAE8A2A89829714
:10B078009387C1AD9843BE840144B146C147B30B21
:10B08800D40233067701104251E6C165938505F075
:10B0980041459770FF1FE78080FD1DE597B7FF1FAB
:10B0A8009387C7EB9C5B2D4589C7114581458297DE
:10B0B8002D45B250225492540259F249624AD24A5A
:10B0C800424BB24B456182809387C1AE98431DEFD6
:10B0D80023A6A1AE230005009C400547331787002F
:10B0E80023260500232465012311E50023224501B9
:10B0F800DE9723A0270123A2570123A44701014576
:10B10800E38909FA238089006DB73E875C47F5FF1C
:10B1180048C7C9B70504E314F4F6214559BF0945E2
:10B12800828097B7FF1F83C737E7637FF5001387D0
:10B1380081AD9317150008433E9583570500DD8DB3
:10B148002310B500014582800D45828097B7FF1F07
:10B1580083C797E46371F502138781AD93171500D0
:10B16800084393C5F5FF3E9583570500FD8D2310D1
:10B17800B500014582800D458280130705FF1377CE
:10B18800F70FFD4763E7E70AB146B306D502938791
:10B19800C1AD984389473697184349CF011122CC4E
:10B1A8004EC60544935945003D893315A400131430
:10B1B8000501418026CA4E85AE84A2854AC806CEBE
:10B1C800EFF09FD12A89814729CDA2854E85EFF0DE
:10B1D800FFF7938741AE9C43829797B7FF1F83D7AA
:10B1E80067E0338797022A84814613060064B3B761
:10B1F800970213050732B335E500BE95EFF06128D5
:10B20800B307850097B6FF1F938646DD3E87D44275
:10B2180063E4A70063E4D7003387D7402324E90019
:10B228008147F2406244D2444249B2493E850561B1
:10B23800828089473E858280011126CA06CE22CCAB
:10B248004AC84EC6BD47894463EFA7023147330752
:10B25800E5029387C1AD9C438944BA979C4385C74F
:10B2680005443314A400420441802E890145A28577
:10B27800EFF09FC6AA89814419C5A2850145EFF060
:10B28800FFEC23A42901F240624426854249D244B6
:10B29800B2490561828097B7FF1F83C7F7CF636400
:10B2A800F500014582800111938741AE56C283AAF9
:10B2B800070006CE22CC26CA4AC84EC652C4638EA0
:10B2C8000A0A17BAFF1F130A6AD183244A00B7472C
:10B2D80036FE938707C8AE8997B5FF1F83D585D0FB
:10B2E800BE94B387C5022A8432898146B3B5C502A4
:10B2F80013850732B337F50013060064BE95EFF0E7
:10B30800411863ECA406829A97B5FF1F83D585CDB3
:10B31800B3872503AA84130600648146B3B52503C1
:10B3280013850732B337F500BE95EFF08115B307E3
:10B338009500BE8403274A0063E4A70063E4E7009E
:10B34800B384E740CE852285EFF01FB901C504C557
:10B3580005452DA0936504F0C205C181414597704C
:10B36800FF1FE780C0D005E597B7FF1F938707BF8A
:10B378009C5B81C7A285114582970145F2406244D2
:10B38800D2444249B249224A924A0561828093874F
:10B39800C1AE9C438DE323A6A1AE854723260500B5
:10B3A80004C52311350123008500A300F5002322DD
:10B3B800050079BFBA87D84775FFC8C7F9BF51C913
:10B3C800797122D426D24AD04ECE52CC56CA5EC605
:10B3D80062C466C206D65AC83689328AAE89AA8439
:10B3E8004144314C938AC1AD854C930B0003330B18
:10B3F800840303A70A005A971C43B9E79375F4001E
:10B40800B395BC0013554440C2055286C1811375DB
:10B41800F50FEFF05FE80DC983A70A000145DA9739
:10B4280084C323A237016304090023008900B250B2
:10B43800225492540259F249624AD24A424BB24BC0
:10B44800224C924C456182800504E31274FB21452D
:10B45800F9BF09458280411122C426C24AC006C6E6
:10B468002A842E89B284EFF01FE3CA852285EFF083
:10B47800BFA605CD97B5FF1F83D5C5B6B38795027F
:10B488002A84130600648146B3B5950213850732F2
:10B49800B337F500BE95EFE0D17E48C00145B24014
:10B4A800224492440249410182802145CDBF411185
:10B4B80022C426C24AC006C62A892E84EFF0DFA11C
:10B4C800AA8419C123110500A2854A85EFF01FC877
:10B4D80097B7FF1F83C747AC6397270183D701AE90
:10B4E8005D8C239081AE014591E01945B24022441C
:10B4F80092440249410182809307F00263E7A7045E
:10B508004111B14722C43304F50226C29384C1AD68
:10B518009C4006C6A2979843894715C39377F500C0
:10B528008545B395F500C205C1811181EFF03FF85B
:10B538009C40A29723A0070023A207008147B2409E
:10B54800224492443E854101828089473E8582801B
:10B55800411106C622C4EFF03F9811E50145B240FB
:10B56800224441018280938741AE9C4300458297E3
:10B5780097B7FF1F938787A66368A402D843B74687
:10B5880036FE938606C83305A4403697E378E5FC73
:10B5980013070064B335E50203D6870081463305F7
:10B5A800E502EFE0116E65BFD8433A94C1BF41117F
:10B5B80006C623A4A1AE0295B24097B7FF1F23A9E0
:10B5C800A79E014541018280994763E9B7008A0532
:10B5D80097B7FF1F9387C79EBE9588C18280411188
:10B5E8007146814517B5FF1F1305859D06C623A61D
:10B5F80001AE23A401AE23A201AE9760FF1FE7802E
:10B60800A0B613068002814517B5FF1F1305C5981C
:10B618009760FF1FE78040B5EF60D11797B7FF1F0E
:10B6280083C7379513D527008D8B3E958D473305F6
:10B63800F502854539051375F50F97B7FF1F238E5A
:10B64800A79499473305F502130505249770FF1F42
:10B65800E780E0A123AEA1AC59C5994717B6FF1FF3
:10B668000346A6933306F60281451306062497601F
:10B67800FF1FE78060AF9387C1AD9C439387072482
:10B6880023A8F1AE17B7FF1F034727910A07BA97F8
:10B6980023ACF1ACEFF0FF830D23938701AF944304
:10B6A80097B7FF1F83C7578F13972700369717063B
:10B6B80000001306A68410C3138717001377F70F2B
:10B6C8000A073697170600001306668B10C3138700
:10B6D8003700890793F7F70F8A0797B5FF1FA38DE0
:10B6E800E58AB69790C3B2404101828097B7FF1FA1
:10B6F80083C7978A17B7FF1F0347278A63F1E702B3
:10B70800138701AF18439386170017B6FF1FA305C9
:10B71800D68893962700369708C33E85828093077C
:10B72800F00FE5BF1C416389071641777D8FB70687
:10B73800002089476313D71603574500630F071482
:10B74800411122C419462A849305F00F690506C6DB
:10B758009760FF1FE78060AB05478D476309E512D7
:10B768001C4481CB5858994763030712185C63003F
:10B7780007121306C003814517A5FF1F1305057E91
:10B788009760FF1FE780409E1306C003A28517A598
:10B79800FF1F1305A57C9760FF1FE780609917A717
:10B7A800FF1F0357677C97A7FF1F9387277B19E71E
:10B7B8001307001097A6FF1F2398E67A17A7FF1F05
:10B7C8000347A77A11E7054797A6FF1F238FE67857
:10B7D80017A7FF1F0357877911E76D4797A6FF1F24
:10B7E8002396E67817A7FF1F0347377811E7154711
:10B7F80097A6FF1FA38BE67617A7FF1F0347277798
:10B8080011E7054797A6FF1F2383E67617A7FF1FB3
:10B818000347F77519E703C7F70097A6FF1FA38823
:10B82800E67417A7FF1F0347A77411E7354797A6C4
:10B83800FF1F238FE67217A7FF1F0347B77319E788
:10B848001307800297A6FF1FA386E67217A7FF1F9C
:10B858000347177219E71307D00297A6FF1FA3899A
:10B86800E6700347840119E71307C00397A6FF1F73
:10B878002382E6709C5791C7829797A7FF1F239151
:10B88800A772FD57A389F1C2EFF07FD58147B24077
:10B8980022443E854101828089473E85828001118C
:10B8A8004EC697A9FF1F9389697383A7090006CE1F
:10B8B80022CC26CA4AC852C4829713090064B335F9
:10B8C800250303DA89008146528633052503EFE014
:10B8D800513B97A7FF1F9387276C804FAA84014588
:10B8E8006306940233858440636E940003A549007F
:10B8F80052868146B335A9023305A902EFE07138B3
:10B90800018D269597A7FF1F23A4976AF2406244EA
:10B91800D2444249B249224A05618280011122CCAF
:10B928000A852E844146970502009385A55306CEC5
:10B93800EF70EF8E180806043A94035504FF97A792
:10B94800FF1F83D7476AF2406244AA9737450F0022
:10B95800130505243355F5020561828097A7FF1F5B
:10B9680083D7676851471D45637CF70279471945B6
:10B978006378F7021307200315456373F70213076B
:10B98800B0041145637EF700130740060D4563793F
:10B99800F7001307600909456374F70013B5B70F7B
:10B9A8008280011122CC06CE2A842EC6EFF0EFE465
:10B9B800B245F240818D33A5A502229562441375E4
:10B9C800F50F05618280011122CC06CE2A842EC68D
:10B9D800EFF0AFE2B245F240818D33A5A502229582
:10B9E80062444205418105618280011122CC06CE64
:10B9F8002A842EC6EFF06FE0B245F240818D33B550
:10BA0800A502229562440561828097A7FF1F93874C
:10BA1800E754985739CB411122C426C206C6BE84C2
:10BA2800029717A7FF1F0357A7572A8415CBBA8772
:10BA38006373A700AA87C207C183BA866373E40049
:10BA4800A286C206C182958F5147635BF700DC541A
:10BA580091C38297EFF0705F97A7FF1F23928754D7
:10BA6800B2402244924441018280828097A7FF1FFE
:10BA78009387C74EDC57011106CEAA8581C72AC60F
:10BA88008297B245D1C19C410545A5CFDC41B5CBD4
:10BA980083D78500BDC783D7A500A5C783C7C500C1
:10BAA800ADE3414617A5FF1F130545539750FF1FE8
:10BAB800E780006897A7FF1F938747529C4323A2FC
:10BAC800F1AE97A7FF1F83C7F74A8DE79307800258
:10BAD80017A5FF1F035505513305F50237460F001B
:10BAE8001306062481468145EFE0B11997A7FF1F89
:10BAF800A382A748170500001305A5DAEFF03FABAE
:10BB08000145F2400561828097A7FF1F83C76746FA
:10BB18001397870161876354070497A7FF1F23AB17
:10BB280007489767FF1F938767A117A7FF1F23275A
:10BB3800F74A7D5797A7FF1F23A4E74AB787320024
:10BB4800938727A197A6FF1F23AEF64897A7FF1F45
:10BB5800238C0748B7C7004023A4E726A1BF13F7E3
:10BB6800170005CFB7872003938707D017A7FF1FB4
:10BB7800232AF746B707C0A817A7FF1F2322F746AF
:10BB88009767FF1F9387A79E17A7FF1F2328F744D0
:10BB980097A7FF1F238A074431BF617797A6FF1F26
:10BBA8002392E64481CB9307003217A7FF1F231C7B
:10BBB800F742C9B793072003CDBF011122CC17A4C0
:10BBC800FF1F1304A439084406CE26CA4AC801E94F
:10BBD8000545F2406244D2444249056182805C587E
:10BBE800E5DB185C75D77000854582971844B24725
:10BBF800E300F7FE9305E00417A5FF1F0355C536BC
:10BC08009760FF1FE780A04617A7FF1F2326A73AC4
:10BC180061D117A6FF1F035626359305F00F9750DD
:10BC2800FF1FE7806054814417A9FF1F1309C93615
:10BC380097A7FF1F83C767330326090263C1F4026E
:10BC480032859760FF1FE780E04E014597A7FF1FE9
:10BC580023A4073697A7FF1F23A207369DBF97A5E2
:10BC6800FF1F83D56530B38795020844185C898126
:10BC780085043E9508C2029765BF011156C297AA6E
:10BC8800FF1F938AAA2D83A78A0022CC4AC84EC6D2
:10BC980006CE26CA52C45AC0AA892E843289638520
:10BCA800072203A74A03630707147D476366A7149F
:10BCB80097A4FF1F9384442E03AA040263170A0A59
:10BCC8009565938515E017A5FF1F0355E52997602E
:10BCD800FF1FE780C03997A7FF1F23AFA72C2A862D
:10BCE800630A051083A74A0303A58A0097A5FF1FC7
:10BCF80083D585278981829783A78A0003AA0402AE
:10BD080017A7FF1F232CF72A8947639CF908C14707
:10BD18006312F40E97A5FF1F83D50525938505FCAF
:10BD28009147B3C5F5028A05D29503C70500930765
:10BD3800A005631DF70A83C715006399370B4A8569
:10BD4800228691059750FF1FE780803E9C505285C0
:10BD5800639347150145F2406244D2444249B249CF
:10BD6800224A924A024B05618280D850E38EE7F856
:10BD78009565938525E017A5FF1F0355E51E976078
:10BD8800FF1FE780C02E2A8A35C52A8683A74A0363
:10BD980003A58A0097A5FF1F83D5051D8981829772
:10BDA800A5B78D47639DF900C1476315F40497A5AE
:10BDB800FF1F83D5651B938545FDF199B5B791475D
:10BDC800639AF9006318340397A5FF1F83D5C51933
:10BDD800A115E5B7C147639FF900A14763EC870048
:10BDE80097A5FF1F83D54518C115C1BF9C50528523
:10BDF8006397470D294585B71307F006568B63618E
:10BE0800A70A130A05FE1947334AEA0217A7FF1FB4
:10BE18000357871597AAFF1F938A0A18330AEA025D
:10BE28003E9A83A74A026395470183A40A029DE4C8
:10BE38009305E00417A5FF1F035505139760FF1F1F
:10BE4800E780E022AA845DD583274B0397A5FF1FCF
:10BE580083D585112A868981528582979145130752
:10BE6800A005898193972500A69783C60700639349
:10BE7800E60483C61700639C360385058A05228677
:10BE8800A6954A859750FF1FE780802A83A70A0254
:10BE9800E38297EC26859760FF1FE780A0295DBDA8
:10BEA8001307E007E368A7F4130A05F985B783D5F4
:10BEB800270045BF83A70A02E38E97F2268597607D
:10BEC800FF1FE78020273DB797A7FF1F9387C70C61
:10BED8008C538DD191479306A0058983139727002A
:10BEE8002E9703460700E317D6F003461700631C96
:10BEF800360185078A072286BE954A859750FF1F17
:10BF0800E780002381BD83572700C1BF97A7FF1F84
:10BF18009387C704984739C79C5FA9C70547631328
:10BF2800E504411122C417A4FF1F1304E4061050AE
:10BF380006C60DC6485097A5FF1F83D5E50289811F
:10BF4800829708509760FF1FE780C01E97A7FF1FC2
:10BF580023A4070697A7FF1F23A20706B24022447F
:10BF6800410182808280011117A7FF1F130707FF75
:10BF78004EC68329870022CC26CA4AC806CE52C498
:10BF880056C2AA842E843289638A09201C5FBA8A21
:10BF980099EB2945F2406244D2444249B249224AC7
:10BFA800924A056182805C5BEDD7FD4763E9A70E85
:10BFB80097A9FF1F938949FE83A70902B1CB03A55F
:10BFC8008A0083A749026395A70689476393F40803
:10BFD800C147E310F4FC17A5FF1F0355E5F8914787
:10BFE800130505FC3345F5029317250003A509023F
:10BFF8002286CA853E959307A0052300F500A30075
:10C00800950011059750FF1FE7808012014559B729
:10C018009305E00417A5FF1F035505F59760FF1F5B
:10C02800E780E00497A7FF1F23A8A7F849F995B769
:10C0380083A74A0303A6090297A5FF1F83D5C5F264
:10C048008981829783A78A0017A7FF1F2328F7F6FD
:10C05800ADBF8D47639EF400C147E31CF4F217A5FA
:10C06800FF1F035565F0130545FD9377C5FFBDBF59
:10C078009147639AF400E31E94F017A5FF1F035538
:10C08800A5EE2115DDB7C147E395F4F0A147E3E23A
:10C0980087F017A5FF1F035525ED4115F9B793073D
:10C0A800F00663EAA706930705FE1947B3C7E70238
:10C0B80017A7FF1F035747EB17AAFF1F130ACAED5D
:10C0C800B387E702BE9983270A02A9CF83274A02CA
:10C0D800639A370703250A0291461308A005FD5500
:10C0E80093D72600C207C183139727002A970346D0
:10C0F8000700631D0607834817000356270063954A
:10C108009806B306D64063CF860485078A07228639
:10C11800CA853E95C5BD9307E007E3ECA7E69307FC
:10C1280005F979B79305E00417A5FF1F0355C5E383
:10C138009760FF1FE780A0F397A7FF1F23AEA7E62E
:10C1480051F581BD83A74A0303260A0297A5FF1F5D
:10C1580083D585E189814E85829797A7FF1F23AFF5
:10C1680037E58DBFA300B700B2869DBFB3858600B3
:10C1780017A6FF1F035646DF9105130606FCE3FAD0
:10C18800C5E0130634001376C60F1106B2962300D5
:10C198000701A30097002311D70085BF97A7FF1FAA
:10C1A800938787DF9453BE89A1C203A509029146EC
:10C1B8001308A005FD5593D72600C207C18313971E
:10C1C80027002A97034607006316060583481700C9
:10C1D8000356270063989800B306D640E3D786F243
:10C1E800A300B700B286C1BF8357C70017A5FF1FBA
:10C1F8000345A5D79305E0043305F50242054181BF
:10C208009760FF1FE780A0E697A7FF1F23A6A7DA7E
:10C2180049FD41B317A6FF1F035606D597A5FF1F73
:10C2280083C5A5D4B385C502338686001106E3E22B
:10C23800C5D681BF01458280011106CE2EC6EF808A
:10C24800C06101C9B245F2400355250005616FC0C0
:10C258006074F240494505618280A38E01B0238E47
:10C2680001B023A201B023A401B023A601B023A8E2
:10C2780001B023A001B023AE01AE97A7FF1F93879B
:10C28800E7D6370684033707B40090D337C60700CC
:10C2980098C3130606B83747A000D8C3D0D33707CA
:10C2A800100041669306070AB70550009308060177
:10C2B80094C723A4170393860501930816F8D4C7D7
:10C2C80023A61703B706D007B7087F00130807058A
:10C2D80013850601410723A81703B0C39308160066
:10C2E8009386060513861500D8CBF8C323A8070143
:10C2F80088CF23AE070023AA170323AC070223AE77
:10C30800070223A40704F0C7B4CB23AA0704ACCFC1
:10C3180023AE0705B8D33707A000F8D71307000ADC
:10C32800B8DB1307C01CF8DB37071400B8DF054774
:10C33800F8DF130710F8E8D323A4070623A007089B
:10C3480023A2E7088280011126CAAA84214522CCAB
:10C3580006CE2E8432C636C43AC2EFE09FA61DC967
:10C36800A24612473246930700FD2300F50099477D
:10C37800A30095002301F5002303D500A303E500DE
:10C388002312C500AA8522856244F240D244056181
:10C398006FE01FAEF2406244D2440561828023A25E
:10C3A800A1B0828023A4A1B0828023A6A1B08280FC
:10C3B80023A8A1B08280011122CC4AC806CE26CA81
:10C3C8002A890144B30489006368B400F2406244D6
:10C3D800D2444249056182802EC6EFE01FC29317FE
:10C3E8000501C183A183B2452380F400930714009B
:10C3F80093F7F70F850463F9B700CA9709042380F8
:10C40800A7001374F40F7DBF3E847DBFC16717A5D5
:10C41800FF1F035585C6FD176304F502411117A6D2
:10C42800FF1F0346A6D2938541B106C6EF80E021DF
:10C43800B240FD5717A7FF1F2311F7C4410182809F
:10C44800828009C925151375F50F1335850E134517
:10C45800150082800145828023900500D1C679713C
:10C4680022D426D24ECE52CC5AC806D64AD056CA64
:10C478005EC63684328AAE892A8B814463F44407C7
:10C48800B307940083C70700138914004209939ADD
:10C49800070193DA0A011359090163850A04CA9747
:10C4A8006342FA04B307240183CB07005E85EFF0EB
:10C4B8005FF90DC99387FAFF2390F90063906B0326
:10C4C800130519002295B250225492540259F24988
:10C4D800624AD24A424BB24B45618280D694C2042A
:10C4E800C18069BF0145C5B701458280411126C297
:10C4F800AE8422C497A7FF1F23A8C7B897A7FF1F1A
:10C5080023A2B7B897A7FF1F23ACA7B62A84414632
:10C518009305F00F26854AC006C605499750FF1FA8
:10C52800E780A0CE6312250597A7FF1F938787B4DE
:10C53800884BC145EFF03FE841469305F00F22854F
:10C548009750FF1FE78060CC854463199502224409
:10C5580097A7FF1F938707B2B24092440249C84782
:10C56800C14541016FF03FE5414681452685975019
:10C57800FF1FE78080C9E31125FD7DB7414681454E
:10C5880022859750FF1FE78040C8E30295FCB24020
:10C5980022449244024941018280411122C426C2A8
:10C5A8002E84AA8413060002814517A5FF1F1305D0
:10C5B80065AC06C69750FF1FE78000BB97A7FF1F13
:10C5C800A38B97AA97A7FF1F238487B8EFC0803E45
:10C5D800854719C181474945B240224417A7FF1F23
:10C5E800230AF7A8924441018280814781CD19C965
:10C5F8008547631BF50083C7550093E707FCA382B3
:10C60800F50085473E85828089476317F50083C713
:10C61800550093F7F703E5B70D478547E314E5FEA3
:10C6280003C755001377F70313670704A382E500D0
:10C63800D1BF81478DC105C103C755009306000CC2
:10C6480085471377070C6308D700930600048D47C6
:10C658006303D70089473E858280411122C4005D6B
:10C6680006C626C21DC8AA84085009C59760FF1FC0
:10C67800E78040AC485009C59760FF1FE78080AB52
:10C68800085409C59760FF1FE780C0AA22859760F4
:10C69800FF1FE78020AA23AC0402B2402244924440
:10C6A8004101828009ED97A7FF1F83C7C79C17A583
:10C6B800FF1F1305A59D81CB138541AF828017A568
:10C6C800FF1F1305A59C828017A5FF1F0345A59A88
:10C6D800828097A7FF1F9387E799C847828097A70B
:10C6E800FF1F93872799884B828097A7FF1F9387FF
:10C6F8006798DC4B8843828097A7FF1F93878797AB
:10C70800D84B1C4385071CC317A5FF1F0345B596C7
:10C718009307F00F6305F50091656FE09FA0828095
:10C72800011122CC06CE2E8432C6EF8040239147D9
:10C73800B245631FF500938701B19C438DC303A3E2
:10C748000700630E030022856244F24005610283FC
:10C75800938781B09C4381C703A34700DDB7F240AC
:10C768006244054505618280011122CC2A84035563
:10C77800450006CE26CA4AC84EC6EF70707D3DC534
:10C788002A89834405008349C500EFF01FED4A85D7
:10C79800EF80E05A03554400EF80A01783C7C1B16A
:10C7A800B1CB6399970483C5D1B12685EFF0DFA893
:10C7B80019E1238E01B003554400EF80401A9147D8
:10C7C800631FF5000357440097A7FF1F83D7E78A25
:10C7D8006317F700FD5717A7FF1F2310F78AF240CA
:10C7E8006244D2444249B249056182808149930436
:10C7F800F00F6DB79307F00FE38FF4FA83466400E8
:10C8080003564400034524004E87A685EFF0BFB3C6
:10C818005DB779715EC6AA8B2E8552CC56CA5AC8A6
:10C8280006D622D426D24AD04ECEAE8A328B368A4B
:10C83800EF70107265C5045D2A89EDC09C50614592
:10C8480099C3130540039C5481C751054205418192
:10C8580063050A00710542054181DC5081C75D0509
:10C8680042054181EFE0EFD52A844DC961468145F3
:10C878009750FF1FE780408F9799FF1F83C9097A58
:10C888006394090083490900930700FD2300F4001D
:10C89800A947A30074012301F400230364018C5009
:10C8A800231254011305840191C908C47146930ADF
:10C8B80044039750FF1FE780A08756858C5491C981
:10C8C80048C45146930A45019750FF1FE7804086A8
:10C8D8005685630C0A0008C87146D285930AC501BB
:10C8E8009750FF1FE780C0845685CC5099C548C82B
:10C8F8005D469750FF1FE780A083A2854E85EFE035
:10C908002FD72254B2509254F249624AD24A424B2B
:10C91800B24B4A85025945616FF03FD4B250225458
:10C9280092540259F249624AD24A424BB24B45618B
:10C93800828001114EC6AA892E854AC806CE22CC0D
:10C9480026CA2E89EF70D06021C99794FF1F83C42F
:10C95800E46C99E0834405001945EFE08FC62A840A
:10C9680005CD814519469740FF1FE780E07F930773
:10C9780000FD2300F400B947A30034012301F400AB
:10C9880023122401A2856244F2404249B249268515
:10C99800D24405616FE0CFCDF2406244D2444249AF
:10C9A800B2490561828039715ECEAA8B2E8526DA5E
:10C9B8004ED652D456D25AD006DE22DC4AD8AE849D
:10C9C800328BB68A3A8ABE8942C6EF70705821CD3A
:10C9D8002A894145EFE0EFBE2A8431C541468145A9
:10C9E8009740FF1FE78040781795FF1F03450563B1
:10C9F80019E103450900930700FD2300F400BD4732
:10CA08002301F400B247A300740123129400230405
:10CA18006401A304540123054401A30534015CC443
:10CA2800A285EFE0EFC4F2506254D2544259B25991
:10CA3800225A925A025BF24B21618280797126D286
:10CA4800AA8439454AD04ECE06D622D42EC6B289FB
:10CA58003689EFE00FB721C1B2459307000D2310C7
:10CA6800F500B1472A842312B5002301F500CE85CD
:10CA7800190519469740FF1FE780806B230624019C
:10CA8800A2852254B2500259F24913F5F40F925478
:10CA980045616FE0EFBDB250225492540259F249F9
:10CAA800456182801797FF1F0347F75C9307F00FD4
:10CAB800630DF706411126C2AA84394522C406C669
:10CAC8004AC0EFE00FB02A8439C9930700FD23005C
:10CAD800F500A3009500230105009795FF1F938596
:10CAE800E55A0D0519469740FF1FE78060641799BE
:10CAF800FF1F1309295883578900A2851795FF1F1F
:10CB0800034575572315F400834719002306F400DD
:10CB18002244B2409244024941016FE06FB5B240ED
:10CB280022449244024941018280828001115AC004
:10CB38002A8B314526CA4EC652C456C206CE22CCCE
:10CB48004AC8AE84B28A368ABA89EFE08FA735CD53
:10CB58002A842685EF70D03F11C50347C500A14739
:10CB68006314F7041799FF1F0349F950930700FD51
:10CB78002300F4009D47A30064012301F40023125D
:10CB88009400231354012314440123153401A2856E
:10CB98006244F240D244B249224A924A024B4A8540
:10CBA800424905616FE0CFAC1799FF1F0349595AF5
:10CBB800E31E0BFA938781C19C439C47C5DBCE8655
:10CBC8005286D6852685829755B7F2406244D2446C
:10CBD8004249B249224A924A024B056182800111B8
:10CBE80022CC2A84214506CE2EC6EFE08F9D21C196
:10CBF800B245930700FD2300F500C5472301F50062
:10CC080083C73500A301F50083D745002312F5003B
:10CC180083C765002303F50083C77500AA85A303AE
:10CC2800F50022856244F24005616FE06FA4F2408E
:10CC3800624405618280397162CC2A8C594526DAB2
:10CC48004AD84ED652D456D25AD05ECE06DE22DC10
:10CC5800AE8432C636C4BA8B3E8BC28A468A8359A2
:10CC6800010403494104EFE0CF9525C932469307F3
:10CC780000FDA2462300F5009547A301C500A300C7
:10CC880085012301F5002A8419461105A9C2B68534
:10CC98009740FF1FE780C04923066401230A240147
:10CCA800231574012317540123184401231934014F
:10CCB800A2856254F2504259B259225A925A025BE2
:10CCC800F24B624C2685D25421616FE06F9A814500
:10CCD8009740FF1FE7804049C1B7F2506254D254D1
:10CCE8004259B259225A925A025BF24B624C216164
:10CCF80082809797FF1F83C707388DCB4111AA857C
:10CD08001946138541AF06C69740FF1FE78040428A
:10CD1800938541AF1795FF1F0345E535EFF0FF8C6D
:10CD2800B240138541AF41016FB05049014582803F
:10CD38001797FF1F034737349307F00F6305F7086A
:10CD4800411126C2AA84294522C406C6EFE06F878E
:10CD58002A8429C1930700FD2300F500A147230178
:10CD6800F500A30095009797FF1F9387A73083C707
:10CD78002700938541AF1105A30FF5FE194697408B
:10CD8800FF1FE780E03AA2851795FF1F0345B52EE0
:10CD9800EFE00F8E1797FF1F0347E72D8D47631F9F
:10CDA800F7009387C1B09C4391CB03A38700630727
:10CDB80003002244B240924441010283B24022441B
:10CDC8009244410182801797FF1F0347C72A8D4766
:10CDD800631AF7009387C1B09C4389C703A38700F0
:10CDE800E31D03FC8280797122D406D626D24AD06C
:10CDF8004ECE52CC094455CD2A89035505002E8ABA
:10CE08005144EF70F014AA844DC59797FF1F83C74C
:10CE18002734FD1793F7F70F05474944637BF70855
:10CE28000347C500A1476314F70063140A089C5C14
:10CE38004544C1E39165938545711305C002975038
:10CE4800FF1FE780C02288DCAA894D443DC1130634
:10CE5800C00281459740FF1FE780003183570900D2
:10CE68009386490036852391F90071469305490058
:10CE780036C69740FF1FE780A02B89472380F9001B
:10CE880003C5C400B2460356090061159795FF1FF4
:10CE980083C5C52B13351500EF80D02D2A84630672
:10CEA8000A00D2852685EF80601801C42685EFF038
:10CEB800CFFA2285B250225492540259F249624A5A
:10CEC800456182809797FF1F83C78728FD1793F7CF
:10CED800F70F0547637AF708894741CA011122CC41
:10CEE80026CA4AC84EC652C406CEAA89368AB28411
:10CEF8002E89EF70F0052A84D14739C9485509C5EC
:10CF08009750FF1FE7800023F14526859740FF1FB4
:10CF1800E780E02748D4CD4705CD8346C4002147A4
:10CF28008147639FE600630D0A000347A501035686
:10CF3800050193062501AA854E85EF80A016AA87CC
:10CF480003474400630F0900136767002302E400E6
:10CF5800F2406244D2444249B249224A3E850561C0
:10CF6800828013674700DDB7C9473E8582809307F3
:10CF7800200463EBA7009797FF1F938727070605F1
:10CF88003E9503550500828041657D15828001111B
:10CF980022CC2A842E8526CA06CEAE84EF70407B2A
:10CFA8001DCDB7470F009387F723094563E4870230
:10CFB80081450A8541469740FF1FE780E01AA6850C
:10CFC800231081000A85418023018100A30101000B
:10CFD800EF80F005F2406244D24405618280494501
:10CFE800D5BF9797FF1F2384A71682806F80B01242
:10CFF800797152CC2A8A328522D426D24AD04ECE92
:10D0080056CA5AC85EC606D662C4AE8BB28A368B7A
:10D01800BA843E89C2894684EF70807315C92A8C08
:10D0280063140A0213774B008347450015CF93E733
:10D0380027012302FC008DEC631C0902639A090294
:10D0480005E8ED9B2302FC00832B8C0363910B08FE
:10D05800B250225492540259F249624AD24A424B7F
:10D06800B24B224C45618280F59B93E70701D1B70B
:10D0780093E747002302FC0001CC1C484146A285E7
:10D088002324FC0213058C019740FF1FE780400A08
:10D0980063930B02D5D80325CC0209C59750FF1F0F
:10D0A800E7804009F14526859740FF1FE780200E5D
:10D0B8002326AC0251BFE30909F80325CC0209C5B0
:10D0C8009750FF1FE7800007F1454A85F1BF9DC4CF
:10D0D80083A70B0299EB916593853571714597503C
:10D0E800FF1FE780C0F823A0AB0203A50B0219C5F8
:10D0F8007146A6859740FF1FE78080036388090271
:10D1080083A74B0299EB9165938525715D459750EF
:10D11800FF1FE780C0F523A2AB0203A54B0219C588
:10D128005D46CE859740FF1FE78080001DC483A71A
:10D138008B0299EB91659385157151459750FF1FA7
:10D14800E780E0F223A4AB0203A58B0219C5514680
:10D15800A2859740FF1FE780A0FD2254B250925449
:10D16800F249B24B224CCA865A860259424BD6859E
:10D178005285D24A624A45616FF0AFE9011126CA69
:10D1880052C406CE22CC4AC84EC62A8AAE84EF7054
:10D19800205C25C5AA893945EFD0BFC22A8431CD84
:10D1A8001799FF1F034989E76314090003C9090098
:10D1B8009307000D2310F400AD472301F400938575
:10D1C80069001305340019469740FF1FE78040F6B1
:10D1D80093F71400858085882306F400A30694003D
:10D1E80023154401A2856244F240D244B249224A3E
:10D1F8004A85424905616FD0BFC7F2406244D244B4
:10D208004249B249224A0561828001114EC652C480
:10D2180056C206CE22CC26CA4AC8AA8A2E8AB28903
:10D22800EF7000532DCD2A891305C002EFD07FB9C6
:10D238002A8435C59794FF1F83C444DE99E083444C
:10D2480009009307000D2310F400E9472301F400B7
:10D25800930569001305340019469740FF1FE780BE
:10D2680020EDD285231554011305C400414697408B
:10D27800FF1FE780E0EBCE851305C40141469740C8
:10D28800FF1FE780E0EAA2856244F2404249B249C2
:10D29800224A924A2685D24405616FD07FBDF2406A
:10D2A8006244D2444249B249224A924A0561828084
:10D2B8009387C1AF884301CD411106C69750FF1F20
:10D2C800E78040E7B24023AE01AE41018280828010
:10D2D800011106CE22CC26CA4AC82EC6EF70404796
:10D2E80039CDB2451799FF1F034949D3AA840CD5F4
:10D2F80063140900034905004145EFD09FAC2A8417
:10D308001DCD9307000D2310F500A5472301F50057
:10D3180083C75400938564001105A30FF5FE1946D1
:10D328009740FF1FE780C0E09C54A285F2405CC490
:10D338006244D2444A85424905616FD07FB3F240C6
:10D348006244D2444249056182801D71A2CC86CED6
:10D358002A842EC6EF70C03F05CD8346C50011470D
:10D36800AA8749456392E6029C5FB24599C383C583
:10D3780067012308B100979600009386265C100881
:10D3880089452285EF705041F640664425618280C8
:10D398005145DDBF9797FF1F83C787DBFD1793F7BD
:10D3A800F70F0547637AF704894721CA411122C458
:10D3B80026C24AC006C6B2842E89EF7060392A8414
:10D3C800D14705C5630809008347450093E727004F
:10D3D8002302F5004146A685130584019740FF1FE7
:10D3E800E78000D59C481CD48147B240224492442F
:10D3F80002493E8541018280C9473E858280797114
:10D4080022D406D62A842EC6EF70803401CDB245C8
:10D418002285230EB1006C08EF70D03DB250225423
:10D42800456182805145DDBF6F706048C1671387D1
:10D43800E7FF6394E502938781B09C4391EB4945EC
:10D4480082804945B2402244924402494101828087
:10D4580003A30700E30503FE0283411122C426C289
:10D468004AC006C6FD172A892E84B2846395F50240
:10D47800938781B09C4391CB9C4381CB829711E5E4
:10D48800238E21B1A38E91B075BFA6854A85EFE0A2
:10D49800BFDA4DF9F5B72E85EF70802B5DD1834744
:10D4A80005000D45E39027FB22852244B24002493E
:10D4B800A685924441016FB0E04D9307200463E2D2
:10D4C800A7064111C16722C406C626C2FD172A84D1
:10D4D80009456382F502C547AE846313F4022E85BD
:10D4E800EFB040521795FF1F130545B006042A9464
:10D4F800231094000145B2402244924441018280A5
:10D508009307A0036316F4002E85EFB02049D9BF16
:10D518009307B003E318F4FC13F5F50FEFB0404898
:10D52800D1B709458280011106CE2AC6EFE0FFD2A5
:10D53800EF200023EF10E060EF40815932459797C4
:10D54800FF1F938727B3130700F02391E700238277
:10D5580007007D579797FF1F938747BF2381E700F1
:10D568002380A700F240954505616F5050365971E8
:10D5780093970501CAD086D6A2D4A6D2CECED2CC55
:10D58800D6CADAC8DEC6E2C4E6C2EAC06EDEC18721
:10D598002E8963D1075A1795FF1F034525BBEFD086
:10D5A800BF868964416A856A797B2A84938BD40013
:10D5B8007D1AA50A130CABFF1DE021653345A900B0
:10D5C800B650265496540659F649664AD64A464BEA
:10D5D800B64B264C964C064DF25D656182808347BA
:10D5E80004001307200A639DE70003552400979958
:10D5F800FF1F83C959A82286D285EFF06F9259A2DE
:10D60800130710099799FF1F83C969B46398E7182E
:10D618008347140015476390E7022285EFF0CF9403
:10D628002285EFD04FF71795FF1F034525B2EFD09E
:10D63800AFFD2A8451B73947639BE7180355440067
:10D64800631B55050C4483CC0500639D0C008505C0
:10D6580091C919461795FF1F130545A39740FF1F4A
:10D66800E78000AD1797FF1F0347C7A085476317DB
:10D67800F712638A0C009797FF1F238D079E668514
:10D68800EFF04FC271BF89471797FF1F2304F79E1A
:10D69800EFB0803271B793872400631AF506832CA4
:10D6A8008400638D0C0E83C70C008DE383C72C00A8
:10D6B80003C71C00A207D98F1797FF1F2310F79CD9
:10D6C80083C73C001797FF1FA306F79A1797FF1FFA
:10D6D8000347479A89476313F70C83C70C0081CB2C
:10D6E8009797FF1F2388079803C50C0051BF8D47E4
:10D6F8009795FF1F83C515981795FF1F0355059824
:10D708001797FF1F2308F796EF50701FF1BF9387F5
:10D7180054006318F5001C4403C50700EFF04FE1FF
:10D7280001B7B3078501C207C18311476372F704C4
:10D738009307ABFCAA97139707014183F14763F15D
:10D74800E7029387B4006312F504938741B09C43C2
:10D75800E38807EC9C43A285E38407EC82971DA02D
:10D76800B70700189387F770B3D7E700858BB9CB55
:10D778009387C1B09C43E38507EA9C43E38207EAA9
:10D7880022858297E31E05E811A89387C4006310D9
:10D79800F5021C4483C70700E38407E89307F00FEA
:10D7A800E380F9E8A2854E85EFD08FECADBD938775
:10D7B800E4006319F500938781B09C43E38207E690
:10D7C800DC4351BF93871404E301F5F8C1BF3D471B
:10D7D8006397E70403554400E30F75FD93879401AD
:10D7E800E30BF5FC93873401E31AF5FA9797FF1FCB
:10D7F80083D7A788639E4701938781B09C43E381C1
:10D8080007E2DC43E38E07E0A28513853401B9B74C
:10D81800938701B19C43E38507E09C43E5B7130771
:10D82800E003E39DE7F68347240005476397E70E87
:10D8380083476400938DC1AFF1E383A70D00D5CB77
:10D8480083CC0700A14903457400130D8400EA85C1
:10D85800EFE03FDE83474401A303A400835804019B
:10D868000358E400035744002A86034534003EC2A7
:10D8780083572401EA86E6853EC0CE87EFF0AFBB2A
:10D888008347340095E7DD47835804010358E400D3
:10D8980083467400835544003EC2835724016A8737
:10D8A80005463EC06685CE87EF70A021A301A4007F
:10D8B80083A70D0081C71145EFF09F9F03C5C1B134
:10D8C800E30005D683C5D1B1EFE01F97E30A05D47D
:10D8D8008346340093071003638AF6000356440016
:10D8E8004E8783C5C1B13685EFE0FFA5238E01B011
:10D8F80005BB978CFF1F83CC1C78A9B79387C1B051
:10D908009C43978CFF1F83CC1C7791498DDFDC43A8
:10D918009DDB8145014582973DB729476391E70C17
:10D9280083476400138DC1AFC1E783270D00A5CFDE
:10D9380083CC0700A14903457400930684009377BC
:10D948002500D1C713761500930D440183470402BF
:10D958008358C4010358A401035744000345340005
:10D968003EC28357E401E6853EC0CE87EFF0AFACF8
:10D978008347340095E7DD478358C4010358A40161
:10D9880083467400835544003EC28357E4016E8782
:10D9980005463EC06685CE87EF70A012A301A4009D
:10D9A80083270D0001BF978CFF1F83CCDC6C59B710
:10D9B8009387C1B09C43978CFF1F83CCDC6B914944
:10D9C800BDDBDC43ADDB814501458297ADB7B6854C
:10D9D80036CEEFE01FC6F2462A86B68D85BF0947C8
:10D9E800639DE700938741B09C43E38B07C2DC4308
:10D9F800E38807C22285829725B12D476399E700FE
:10DA0800938741B09C43E38D07C09C47D5B70D472A
:10DA18006397E70022868D4503554400F9BE1947F0
:10DA28006395E7069305610213051031EF40E10F96
:10DA38002C1013052031EF40410F03566400835723
:10DA480081020355440063E8C700835684000357E6
:10DA5800610263F7E60093050002EFA0B079C9B64A
:10DA68006374E6002313E40063F4D7002314F4007E
:10DA78000357C4008356A4000356840083556400EA
:10DA880001488147EFA0D07661BE1D47E388E7D003
:10DA980031476395E7002286B145BDBF3547639995
:10DAA800E700938741B09C43E38C07B6DC4789B70E
:10DAB80039476396E7002285EF00D00395B63D47C6
:10DAC8006399E700938741B09C43E38B07B49C4B71
:10DAD80005B741476396E7002285EF00900C89B6A9
:10DAE80045476396E7000145EF00701B15BE49479F
:10DAF800639EE7009387C1B09C43E38107CADC4378
:10DB0800E38E07C881450545829749B94D47639D0E
:10DB1800E7009387C1B09C43E38207C8DC43E38FE7
:10DB280007C6A2850945CDB76147E399E7C62286AE
:10DB3800E145DDB593F7150081CF938741B09C434C
:10DB480089C7DC4399C301458297134519008DBCE9
:10DB580093F7250089CF9387C1B09C4391C7DC43D5
:10DB680081C78145054582971345290091BC93F7E4
:10DB780045000145E38607A4938701B09C4399CFEC
:10DB880085471787FF1F2309F74E9387C1B09C432A
:10DB980091C7DC4381C78145054582979787FF1F59
:10DBA8009387474DC8472C10EF70D0342810EFF0FA
:10DBB8004F949787FF1F83D7874581CF130600644B
:10DBC8003386C70291451785FF1F03452558EFD0B7
:10DBD8008FEC13454900EDB2011122CC2A8455453A
:10DBE80006CE26CAEFF0AFB8AA8413054002EFF0BC
:10DBF8000FB82AC613055002EFF06FB7AA86228520
:10DC080062443246F240B3359000D24405616FA0B9
:10DC1800D065797122D406D68D472E84631FF5000E
:10DC280003D7A50083D6850003D6650003453400D5
:10DC380083D54500EFE09FEF09A889671387D700D0
:10DC48006310E50403C5250019E58547B250225441
:10DC58003E85456182809387C1AF9443FDD603C654
:10DC6800360083C50600814802C202C001488147C8
:10DC780001479106EFE03FFC0545EFF06FE3F1B790
:10DC88001387E700E303E5FC13873701631AE50010
:10DC980003C525005DD9014781460146814559BF25
:10DCA800E507E304F5FAB1476319F5001785FF1F87
:10DCB8000345753CEFE0BFF249BF41677D178147D7
:10DCC800E316E5F803C75500C947E310F7F883D60C
:10DCD800E50003D6C5000355840083D5A500EFA051
:10DCE800D05941C95D45EFF08FA83335A000231CFA
:10DCF800A10083454400035524003008EF60501606
:10DD080083578101B9F36C0813051031EF30F161C5
:10DD18009305E10113052031EF3031618357C101CB
:10DD2800035784006374F7002314F4008357E10158
:10DD38000357A40063F4E7002315F4008357840015
:10DD48000357A4006374F7002315F4000355240057
:10DD5800EFA070570357E4008356C4000356A4008D
:10DD6800835584000355240001488147EFA050469D
:10DD7800E9BD8547231CF100ADBF1787FF1F034787
:10DD8800573D9307F00F6309F70859C5411122C49D
:10DD980026C206C6AA840345A5004105EFD06F82B6
:10DDA8002A8435C59307000D2310F500D9472301B0
:10DDB800F50083D744002312F50083C764002303CA
:10DDC800F50083C77400A303F50083C78400230408
:10DDD800F50083C79400A304F50003C6A400230537
:10DDE800C5001DC2CC44410548C49730FF1FE780D9
:10DDF8002034A2852244B24092441785FF1F034570
:10DE0800553541016FD0CF8623260500DDB7B240D6
:10DE180022449244410182808280C1671387E7FFD0
:10DE2800639DE5009387C1AF9C4395C383C70700F3
:10DE38000D47639CA7006FA0F038FD17494763960C
:10DE4800F5009387C1AF9C43FDF73A858280494727
:10DE5800EDBF797122D406D626D24AD04ECE52CC06
:10DE680056CA5AC80347050085472A84630AF70437
:10DE780003468500930695009305E1000545EFE00C
:10DE8800AFDD814719C18347050083460400114768
:10DE98006380E6041387C1B218438D460347170011
:10DEA8006308D70295C70DC719ED0145B250225432
:10DEB80092540259F249624AD24A424B45618280E1
:10DEC80081470145D9B785466318D7028D8BF1DFA5
:10DED80003451400130A2400D285EFE08FF5A30050
:10DEE800A400138901B383270900AA8A81499304EE
:10DEF800F00F99EB05455DBF8946E318D7FA858B86
:10DF0800F9B7850993F9F90F83C781B263FDF9025F
:10DF180003250900139B49005A9583470500E382AE
:10DF280097FE83471500E39E57FD1946D2850905DC
:10DF38009730FF1FE780C02869D58324090003476D
:10DF48000400DA9485EC834604009147E38FF6F4E5
:10DF580083270900B9DB03C681B201479305F00F97
:10DF6800E305E6F4BE84C10703C507FF630EB50ADF
:10DF780005071377F70FEDB788C4F5A09147631A23
:10DF8800F706C84405C583478400034605006304B3
:10DF9800F606034704009147631DF706C84419C5F0
:10DFA8009740FF1FE780001923A60400034584005B
:10DFB80091659385E57105059740FF1FE780200B64
:10DFC80005C5034704009147631EF704C8C4834787
:10DFD8008400930594000505A30FF5FE034684000D
:10DFE8009730FF1FE780C014034584003335A00035
:10DFF80075BD884441BF9305940005059730FF1F00
:10E00800E780001C8547E316F5F85545EFE03FF635
:10E01800BDA8884441DD9740FF1FE780A01123A4D5
:10E02800040069B788C465B72380D4008347140007
:10E03800D28513852400A380F40019469730FF1F6A
:10E04800E780000F0345840091659385F571050508
:10E058009740FF1FE780A00105C5034704009147CB
:10E06800E31CF7F0C8C483478400930594000505B2
:10E07800A30FF5FE034684009730FF1FE780400B8F
:10E0880083478400E39807E6034504007D151335AC
:10E09800150029BD797122D426D24ECE52CC06D68F
:10E0A8004AD056CA5AC82A84930925000345150040
:10E0B800CE859384C1B2EFE0CFD7A300A4009C40E3
:10E0C8000D472A8A83C71700639BE700138901B3AA
:10E0D80083270900814A63910718054535A0FDD7B4
:10E0E800144C034674019305E1000545EFE0CFB6F3
:10E0F8001DC9984085468347050003471700631FDD
:10E10800D7008D8BE1F70145B25022549254025941
:10E11800F249624AD24A424B456182808946858BE0
:10E12800E316D7FAC5B78347040011476385E700AC
:10E138002D47E39AE7FC938401B39C40E9D7814AD1
:10E1480001491DA88840139B4A00834704005A953B
:10E15800034705006311F70283471500639D4701D4
:10E168001946CE8509059730FF1FE780600501C570
:10E1780003A904005A99850A93970A0103C781B233
:10E18800C183E3E1E7FCE31309F4B5BF93944A00C4
:10E1980026950347050083470400631EF70A834753
:10E1A8001500639A470B1946CE8509059730FF1F5E
:10E1B800E78000014DC1832709001147BE948347BA
:10E1C80004006385E7002D47639DE70203AAC400A6
:10E1D8008347740103460A006308F6025285974094
:10E1E800FF1FE78020F50345740191659385E5716C
:10E1F80005059740FF1FE78080E715E5E39F04ECDE
:10E20800ADA003AA8400E9B70C4C13051A00973097
:10E21800FF1FE780E0FA8547E312F5FC5545EFE07C
:10E228001FD569DDCDB58347040011476385E70035
:10E238002D476390E702C8C4834774010505A30FFF
:10E24800F5FE034674010C4C9730FF1FE78040EE43
:10E2580075B788C4D5B7850A93970A0103C781B2F1
:10E26800C18303250900E3E3E7F283C681B20327EC
:10E27800090081471306F00F11A8BA8441078345A6
:10E2880007FF638AC5008507C207C183E3E7D7FE96
:10E29800A9B588C499A083470400CE8513852400B6
:10E2A8002380F400834714001946A380F4009730B4
:10E2B800FF1FE780E0E70345740191659385F571D9
:10E2C80005059740FF1FE78080DAE30805E003476C
:10E2D80004009147E31FF7FAC8C483477401050592
:10E2E800A30FF5FE034674010C4C9730FF1FE7801F
:10E2F80020E4E5B31787FF1F0347B7E59307F00F3F
:10E308006300F70A51CD411126C2AA84514522C49F
:10E3180006C64AC0EFC0FFAA2A842DCD9307000D78
:10E328002310F500D5472301F50083C7340013896E
:10E338008400CA85A301F50083D744002312F500A1
:10E3480083C764002303F50003C57400EFE06FAED4
:10E35800A303A400CA851305840019469730FF1F3C
:10E36800E78000DD83C7E400A2851785FF1F03450A
:10E3780055DE2307F40083D704012318F40083C76C
:10E3880024012309F4002244B24092440249410185
:10E398006FC01FAEB24022449244024941018280BC
:10E3A80082801787FF1F0347D7DA9307F00F6304AC
:10E3B800F70431C1411122C42A84194506C6EFC0A9
:10E3C8005FA0AA850DC59307000D2310F500DD4752
:10E3D8002301F500835744002244B2402312F5007C
:10E3E8001785FF1F0345F5D641016FC07FA8B240CE
:10E3F8002244410182808280011122CC138401B31E
:10E408001C4006CE26CA4AC84EC652C499CF2E8A88
:10E41800AA840149084063129902630C0A049740D0
:10E42800FF1FE78020D123A801B2F2406244D24402
:10E438004249B249224A0561828093194900B307CB
:10E448003501884709C99740FF1FE780A0CE1C40C7
:10E45800CE9723A407001C40CE97C84709C9974008
:10E46800FF1FE78020CD1C40BE9923A6090005099F
:10E4780055B745DD1396440081459730FF1FE78067
:10E48800A0CE144081477D5613F7F70FE37F97F826
:10E498001397470036972300C7008507F5B7011182
:10E4A80052C4138AC1B283270A0006CE22CC26CAD8
:10E4B8004AC84EC656C25AC0D1CF2A89014419ED5E
:10E4C800938701B3944399CA03C681B22A848147CA
:10E4D8009305F00F13F7F70F6368C7081315340097
:10E4E8002105EFC01F8EAA8401E92145EFC07F8D69
:10E4F800AA8421C501444D49930700FD2380F400F7
:10E508008547A38024012381F400A381840045C8A2
:10E518001389840023A224018149938A01B3130B30
:10E52800F00F83C781B263F3F90039E883270A0043
:10E53800A68503C50700EFC0BF93814503C581B217
:10E54800EFF09FEB03250A009740FF1FE78080BE8E
:10E5580023A601B2F2406244D2444249B249224A57
:10E56800924A024B0561828013974700369703470A
:10E5780007006305B70005041374F40F850799BFF6
:10E5880083A70A0093954900BE9583C70500638455
:10E5980067032300F90083C71500130529007D14BC
:10E5A800A300F900194689051374F40F9730FF1F6B
:10E5B800E78000B82109850993F9F90F9DB723A2CF
:10E5C8000400ADB79387C1B29C43B9C7411122C4B7
:10E5D80006C62A841DE10945EFE07F992A8601C90C
:10E5E80085451785FF1F034565B6EFC0DFCA05459A
:10E5F800EFF08FDE2A84054501CC85451785FF1F7E
:10E608000345C5B4EFC0BFEA2285EFF05FE90545D1
:10E61800B240224441018280014582808967938605
:10E62800B7006317D5009C4503C507006FF09FF935
:10E638009386C7006318D5009C45854603C5070027
:10E6480019C9EDB793861704E30FD5FC9387270400
:10E658008146E303F5FE36858280797106D622D499
:10E6680026D24AD04ECE52CC56CA5AC85EC679C9AE
:10E6780083473500AA8985C7404115C05945EFE051
:10E688001F8F931A850193DA8A410149138AC1B20F
:10E69800130B000DB54B83C73900636DF900B250F9
:10E6A800225492540259F249624AD24A424BB24B1E
:10E6B800456182808307840263CD570783270A0058
:10E6C800ADCB2285EFF0EFF82DC503458400510549
:10E6D800EFC02FEFAA8431CD231065012301750106
:10E6E80083470400194693052400A301F500830716
:10E6F800840215052303F50083471400A30FF5FED4
:10E708009730FF1FE780C0A2034684002386C40019
:10E718001DC61385440188C8930594009730FF1FD0
:10E72800E78000A183270A00A68503C50700EFC07C
:10E738002FF40509130494021379F90FA9BF23A82C
:10E748000400CDB79387C1B29C43B1DBEFF03FD54E
:10E758002254B25092540259F249624AD24A424B68
:10E76800B24B014545616FF02FC7797106D622D4A7
:10E7780026D24AD04ECE52CC56CA5AC85EC671C1AD
:10E7880083473500AA8985C7444195C05945EFE0BC
:10E798000FFE931A850193DA8A410149138AC1B29F
:10E7A800130B00FDC14B83C73900636DF900B250EC
:10E7B800225492540259F249624AD24A424BB24B0D
:10E7C800456182808387F40063C8570783270A005E
:10E7D800A5C75145EFC0EFDE2A8439CD2300650176
:10E7E800A30005002301750183C70400194693851A
:10E7F8002400A301F5008387F4001505A306F5009E
:10E8080083C71400A30FF5FE9730FF1FE7804092DF
:10E8180083C78400938594001305C400A305F400FE
:10E8280019469730FF1FE780A09083270A00A2852A
:10E8380003C50700EFC0CFE30509C1041379F90F39
:10E848009DB79387C1B29C43BDD3EFF05FC52254F7
:10E85800B25092540259F249624AD24A424BB24BE0
:10E86800014545616FF04FB75D7186C6A2C4A6C267
:10E87800CAC04EDE52DC56DA5AD85ED662D466D2A8
:10E888006AD06ECE630C0526834735002A898DCB66
:10E8980040411DC45945EFE08FED93178501E1878D
:10E8A8003EC681449389C1B2130A000DC94B054C79
:10E8B800B54C130D00FDC14D8347390063E1F402E7
:10E8C800B640264496440649F259625AD25A425BE7
:10E8D800B25B225C925C025DF24D616182808307CB
:10E8E800C400324763C6E71683A709006382071688
:10E8F800034B040093770B01CDCFCD47631EFB0676
:10E90800230004002285EFF0EFF863030514834722
:10E91800040011476363F7146399870D5145EFC0ED
:10E928004FCAAA8A630605122300A501A3000500A1
:10E938002301B50103470400194693052400A301E8
:10E94800E5000307C4001505A306E5000347140006
:10E95800A30FE5FE9720FF1FE780807D0347040192
:10E96800194693051401A385EA001385CA00972068
:10E97800FF1FE780E07BF1A0D5476318FB008547C0
:10E988002300F400A30B0400B5BFF547E309FBFE21
:10E99800C9476316FB0089472300F400A5B7C147A0
:10E9A8006314FB008D47CDBFED47E31DFBF4914792
:10E9B800E5B793778B0099C3AD47F9BF93761B00F2
:10E9C80093774B0091C699C395475DBFA147E9B7B7
:10E9D80093762B0091C699C3A5475DB799476DBF3C
:10E9E80099C3A94755BF9D4745BF034574015105C4
:10E9F800EFC02FBDAA8A29CD231045012301950117
:10EA080003470400194693052400A301E500030702
:10EA1800C40015052303E50003471400A30FE5FE12
:10EA28009720FF1FE780C070034674012386CA0041
:10EA380019C613854A0123A8AA000C4C0DBF23A8A8
:10EA48000A0003A70900D68503450700EFC04FC297
:10EA58008504710493F4F40F85B503457401130517
:10EA68000502EFC00FB6AA8A65D523104501230118
:10EA780075018346040013770B061946558FA301C9
:10EA8800E50003471400930524001505A30FE5FED0
:10EA98009720FF1FE780C069034784001946930544
:10EAA8001401A385EA000347940013853A012386DD
:10EAB800EA000347A400A386EA000347B4002387BB
:10EAC800EA000307C400A387EA000357E400239879
:10EAD800EA00034704012389EA009720FF1FE78023
:10EAE800206503467401A38CCA0011C613850A0267
:10EAF80023AEAA0099B723AE0A00A1B79387C1B283
:10EB08009C43E38F07DAEFF09F992644B64096447A
:10EB18000649F259625AD25A425BB25B225C925C55
:10EB2800025DF24D014561616FF00F8B9777FF1F12
:10EB380083C70762A18B138501B291E301456FD0AA
:10EB48007F86238401B2FD571777FF1FA303F76061
:10EB580023A801B223A601B29777FF1F9387875393
:10EB6800170700001307C7AB98C317070000130760
:10EB780007AFD8C317070000130767BF98C7170761
:10EB880000001307A7CED8C717F7FFFF1307271FE3
:10EB980098CB938701B217F7FFFF1307472898C34D
:10EBA80017F7FFFF13072707D8C38280411122C434
:10EBB80085452A8403C581B206C6EFF0FF8397779F
:10EBC800FF1F83C7E758A98BB5CB1775FF1F130520
:10EBD800654C238481B2EFD08FFC138401B31C40B1
:10EBE80091C74D45B24022444101828003C581B29C
:10EBF80019E10145C5BF91659385B5711205973037
:10EC0800FF1FE780C04623A8A1B261DD03C681B219
:10EC1800120681459720FF1FE7800055104083C6E4
:10EC280081B28147FD5513F7F70FE374D7FC1397AB
:10EC3800470032972300B7008507F5B701452384BD
:10EC480001B2EFD0CFF575B7938701B0884301CDF6
:10EC5800411106C69730FF1FE780C04DB24023A080
:10EC680001B041018280828001111305700306CE34
:10EC7800EFE0EFAF2AC613058003EFE04FAF2AC4D9
:10EC880013059003EFE0AFAE2246B245F240AA86E4
:10EC9800054505616F90B05C5D711305D00386C6AC
:10ECA800A2C4A6C2CAC0EFE08FAC2A841305C00371
:10ECB800EFE0EFABAA841305E003EFE04FAB2A893E
:10ECC8001305F003EFE0AFAA8A871377F50F937661
:10ECD800F90F13F6F40F9375F40F0545EF903059BB
:10ECE800B64026449644064961618280757122C502
:10ECF800138401B01C4006C726C34AC1CEDED2DC4D
:10ED0800D6DADAD8DED6E2D405456388070E93054D
:10ED1800F1051305F041EF1061689305F10513053E
:10ED2800F041EF10A1678346F1051777FF1F0347EE
:10ED38008734B337E00091C289071840BEC603453F
:10ED4800370093054700EFD05F8A1840AAC40D45E5
:10ED580083452700AEC2EFE08FA1AAC01145EFE0BE
:10ED68000FA100402ADE65450347A400034CB40008
:10ED78003ADCEFE0CF9FAA846945EFE04F9F2A89EC
:10ED88007145EFE0CF9EAA896D45EFE04F9E2A8A34
:10ED98007545EFE0CF9DAA8A7945EFE04F9D2A8B14
:10EDA80013050004EFE0AF9CAA8B13051004EFE0F5
:10EDB8000F9CE2042648B6476257F2560646964527
:10EDC8001375F50F93FBFB0F137BFB0F93FAFA0FE9
:10EDD800137AFA0F93F9F90F1379F90FE1842AD00E
:10EDE8005ECE5ACC56CA52C84EC64AC426C262C063
:10EDF800930844000545EF907041BA402A449A446C
:10EE08000A49F659665AD65A465BB65B265C49618A
:10EE18008280011122CC06CE8D472E846316F5061A
:10EE280003C73500E94703D545006318F70097770E
:10EE3800FF1F83D787246385A706EF50701109C584
:10EE4800835764002317F5000357A40083568400F2
:10EE5800035664008355440003453400EFD01FCDAA
:10EE6800035744009777FF1F83D727216308F700CC
:10EE78008547F24062443E8505618280FD571777D9
:10EE8800FF1F231CF71EEDB78967CD07631DF5002B
:10EE980083C7250031476385E7004547E39AE7FCC8
:10EEA800EFD0CFD6F1B7B1476319F5001775FF1F3B
:10EEB8000345152AEFD0BFD265BF41677D1781474B
:10EEC800E319E5FA83C655004947E394E6FA83C592
:10EED800450003552400300023140100EF5020732F
:10EEE80041BF411122C406C626C283C741B31307D6
:10EEF800E00F2E846383E7041307F00F6387E702AC
:10EF08001145EFB01FEC15C1930700FD2300F50074
:10EF180089472301F5008547A3008500A301F50073
:10EF2800AA8503C541B3EFB0BFF4F957238AF1B2FC
:10EF3800B2402244924441018280AA841145EFB034
:10EF48005FE87DD5930700FD2300F5008947A300FE
:10EF580085002301F500A30195002244B2409244A4
:10EF6800AA8503C551B341016FB09FF079714AD0AA
:10EF7800138901B08327090022D406D626D24ECEA3
:10EF880052CC4544C5EF9777FF1F83C7671C958B05
:10EF98004944CDC7AE899165A38AA1B2AA84938555
:10EFA800757131459730FF1FE780600C23A0A1B031
:10EFB8004D4449C523009500A30005002946CE8588
:10EFC80009059720FF1FE780A016832709009146AF
:10EFD80003C7270063EEE6083DEB4D472381E700B2
:10EFE80003C72700136707012381E7009305710012
:10EFF8001305F041EF10813A83477100F9EB177759
:10F00800FF1F034747078D476315F70CEFD06FECD9
:10F018002C00EF60206E2800EFD0BFCD4545EFD023
:10F028001FF5014401CD130600643306C50291455E
:10F038001775FF1F03458511EFC0EFA52285B25054
:10F04800225492540259F249624A456182808546A7
:10F058006314D700754759B789466314D7004947E1
:10F06800B5BF8D466314D70041478DBF5547BDB71F
:10F0780095464A8A630ED70099466316D700094712
:10F088002381E70031A01D466314C70223810700CE
:10F098006545EFD0DFED9307F007E309F5F40327A3
:10F0A8000A008347270093E707042301F7003DBFC1
:10F0B80021466314C7000547E1B725466315C70015
:10F0C8002381D700F1B7A9460544E319D7F61147BC
:10F0D80045BFEFF0BFC12A8435D1EFF0FFB6B9BF05
:10F0E800011126CA938401B09C4022CC06CE494423
:10F0F800A9C783C707000D446391A70489451775FD
:10F10800FF1F0345A504EFC08FBA91451775FF1F70
:10F118000345C503239C01B2EFC06FB99C4001476A
:10F128008146A38087001306F10085478545014580
:10F13800A307F100EF9070122A842285F2406244FE
:10F14800D24405618280011106CE22CC26CA8547A9
:10F15800631AF50683D781B3B1CB1777FF1F03472F
:10F16800A7F129E71307B003636DF70289451775FF
:10F17800FF1F0345A5FDEFC08FB39307006403D6B7
:10F1880081B33306F60289451775FF1F034505FC51
:10F19800EFC06F90239C01B2F2406244D2440561F3
:10F1A8008280938747FC239CF1B2FDB7938701B017
:10F1B8009C43FDD36244F240D24403C50700056175
:10F1C8006FF01FF2938401B09C40F9D79777FF1F27
:10F1D80083C707F8918BE9D389476313F5062D4553
:10F1E8002EC6EFB01FBE2A8445D9B245930700FD4D
:10F1F8002300F500E547A30005002301F50083C7B8
:10F20800350015051946230FF5FE83C745009505FA
:10F21800A30FF5FE9720FF1FE78080F11775FF1FEA
:10F22800034515F39307F00F6315F5009C4003C5DC
:10F238000700A2856244F240D24405616FB05FC303
:10F2480089451775FF1F034565F0EFC04FA6624457
:10F25800F240D244239C01B205616FF0FF9E97777C
:10F26800FF1F83C7E7EE958B91CB938741B49C43EF
:10F2780081CB8547238DF1B26FF01F9F494582806E
:10F2880041458280238D01B2854501456F90A07D5F
:10F298009777FF1F83C7C7EB958B91C78547238B4C
:10F2A800F1B26FF07F9F49458280238B01B281457F
:10F2B80005456F90007C9307C01C63FCA7000945B7
:10F2C80082800945F2406244D2444249B24905610C
:10F2D80082805DC5011122CC2A8421054EC64205D3
:10F2E800AE8991659385657141814AC806CE26CA63
:10F2F8009730FF1FE780A0D72A8961D5938401B48E
:10F30800884009C59730FF1FE780C0E213058900D0
:10F318002320A9002286814523A021B59720FF1F1D
:10F32800E78080E49C402286CE8588439720FF1F93
:10F33800E78000E09C4023928700938701B09C43BC
:10F3480085CF9777FF1F83C7A7E0958B85CB9387DA
:10F3580001B49C4399CF984383D647006244F24056
:10F36800D2444249B24905468D45054505616F902D
:10F37800406E01478146DDB70145A9B7494599B7B0
:10F38800938701B09C438DC79777FF1F83C747DCDE
:10F39800958B8DC3938701B49C4381CB984383D6C7
:10F3A800470005468D450545D9B701478146D5BF74
:10F3B80001458280494582809307C01C63FCA700F1
:10F3C800094582800945F2406244D2444249B24923
:10F3D800056182805DC5011122CC2A8421054EC6B3
:10F3E8004205AE8991659385557141814AC806CE1B
:10F3F80026CA9730FF1FE78080C72A8961D5938482
:10F4080081B4884009C59730FF1FE780A0D2130553
:10F4180089002320A9002286814523A421B59720AD
:10F42800FF1FE78060D49C402286CE8588439720C2
:10F43800FF1FE780E0CF9C4023928700938701B0AD
:10F448009C4385CF9777FF1F83C787D0958B85CB44
:10F45800938781B49C4399CF984383D647006244ED
:10F46800F240D2444249B24905468D4505450561F9
:10F478006F90605E01478146DDB70145A9B74945F0
:10F4880099B7938701B09C438DC79777FF1F83C7B0
:10F4980027CC958B8DC3938781B49C4381CB9843AC
:10F4A80083D6470005468D450545D9B701478146AE
:10F4B800D5BF01458280494582809307C01C63F40B
:10F4C800A70009458280797122D44ECE06D626D26D
:10F4D8004AD0AE892A8431CD2105916542059385AC
:10F4E800757141819730FF1FE78060B82A89094507
:10F4F80063010908938441B4884009C59730FF1F08
:10F50800E78040C3130589002320A900228681458E
:10F5180023A221B59720FF1FE78000C59C402286C3
:10F52800CE8588439720FF1FE78080C09C402392A8
:10F538008700938701B09C43014585CF9777FF1FCC
:10F5480083C707C1958B49458DC76C001305D0301B
:10F55800EF20A15DB247014593F7070F99CB938739
:10F5680041B49C438D450545944303D64700EF902D
:10F57800404FB250225492540259F2494561828058
:10F58800938701B49C4391CF03D647008C43411124
:10F5980006C69720FF1FE780A0B9B2400145410188
:10F5A800828009458280938701B49C4385C79387ED
:10F5B80081B49843894705C3035647000C4341115A
:10F5C80006C69720FF1FE780A0B6B24081473E8558
:10F5D8004101828089473E858280938701B49C439C
:10F5E80085C7938741B49843894705C303564700A5
:10F5F8000C43411106C69720FF1FE78060B3B24055
:10F6080081473E854101828089473E85828001117C
:10F6180006CE22CC26CA4AC88D4763FAA700894479
:10F62800F240624426854249D244056182801777B8
:10F63800FF1F034727A4C144E314F7FE9307F5FF10
:10F6480093F7F70F8546AE842A841779FF1F03497D
:10F6580089A263ECF6069DE199452800EFC0BFD565
:10F6680091451775FF1F034565AE9777FF1F2384E4
:10F6780087A0EFB0DFE33DE881445DB719468145D7
:10F6880028009720FF1FE78020AE19462C0026850A
:10F698009720FF1FE780C0B259F119469305F00F74
:10F6A80028009720FF1FE78020AC19462C002685EC
:10F6B8009720FF1FE780C0B03DF11946A6852800B6
:10F6C8009720FF1FE780C0A661BFE31BE5F8977787
:10F6D800FF1F9387279AC8472C00EF60A001AA84D0
:10F6E80041D19777FF1F238827991DBF2800EFD0A6
:10F6F8004FE0AA847DF5930571001305F041EF00F2
:10F70800F14983447100ADF88D47E317F4F6454598
:10F71800EFD0FF8535D1B7771800938707A0330658
:10F72800F50291451775FF1F034545A2EFB0BFD2FB
:10F73800C5BD9777FF1F83C7A7A1918B99CF4111AB
:10F748001385C1B306C6EFC0BFC6B240FD571777D1
:10F75800FF1F2314F7924101828001456FC05FC5E6
:10F76800FD57A38AF1B2F957238AF1B2238D01B26A
:10F77800238B01B2239C01B223A001B423A401B4BA
:10F7880023A201B49777FF1F9387079217070000FA
:10F798001307472198C3170700001307079BD8C30F
:10F7A80017F7FFFF1307C75498C717F7FFFF13078B
:10F7B800E74BD8C717F7FFFF1307474E98CB97F7C4
:10F7C800FFFF9387476523AEF1B28280411126C2BD
:10F7D800938401B09C4006C622C485CF2A840D4577
:10F7E800EFB02FDEAA8519CD930700FD2300F500A1
:10F7F8008D47A30085002301F5009C4003C5070041
:10F80800EFB00FE719C42244B240924441016FF0AF
:10F81800AFC3B240224492444101828079714ECEF6
:10F82800938901B083A7090026D206D622D44AD0EC
:10F8380052CC8144A1C783C4170085472A896388AD
:10F84800F4049777FF1F83C72783854485EB0D450D
:10F85800EFB02FD7AA8505C1930700FD2300F50057
:10F868009147A30025012301F50083A7090003C5DB
:10F878000700EFB0EFDFEFF02FBD8544B250225400
:10F88800268502599254F249624A456182809387DB
:10F8980001B49C434E8A85E30145EFD04FED2A869B
:10F8A80001CA89451775FF1F0345458AEFB0BF9EFA
:10F8B80083270A00B1A0944303D647009305E100CB
:10F8C8000545EFC07FB969D983470500858BE9D71E
:10F8D8000545EFD0CFE99307B0032A8463F3A70463
:10F8E8005D661306067089451775FF1F0345058673
:10F8F800130444FCEFB03FB6239C81B283A70900F0
:10F908000947A380E7009767FF1F83C7E77691C77A
:10F918009767FF1F2382077695B74A85EFF01FEB9D
:10F92800B1BF130600643306C5029DBF411122C44E
:10F938002A840D4506C6EFB0CFC815C1930700FD50
:10F948002300F500CD47A30085002301F5002244DC
:10F95800B240AA8503C551B341016FB06FD1B2401F
:10F96800224441018280411122C42A840D4506C6E1
:10F97800EFB02FC515C1930700FD2300F500ED4733
:10F98800A30085002301F5002244B240AA8503C5DF
:10F9980051B341016FB0CFCDB240224441018280C2
:10F9A800035745000111896606CE22CC26CA138664
:10F9B8006600AA876317C7009C47014583C50700EF
:10F9C80009A813868600631AC7009C47054583C5A6
:10F9D8000700EFF00FD105453DA813869600631385
:10F9E800C702138701B01843014515C79C4703C5D3
:10F9F8000700631B050C8547A300F7000545EF804A
:10FA0800307CD1BF1386A600631CC7009C4703C582
:10FA18000700EFF0BFE0F2406244D2440561828003
:10FA280013866603E30AC7F813867603E30FC7F85D
:10FA380013868603631DC7081C451307E00F83C49C
:10FA4800070083C741B3638EE7021307F00F63868D
:10FA5800E7021145EFB0EFB6AA8505C1930700FD8F
:10FA68002300F5008947A30095002301F500A301B1
:10FA7800050003C541B3EFB0AFBFF957238AF1B210
:10FA880099BF938701B098433E84014549D785ECD7
:10FA980085447D4523059100EFD06FCD2316A10045
:10FAA80013050002EFD0AFCC1C40A305A10013073B
:10FAB800B100A380970074001306A1008545054591
:10FAC800EF80B07909BF2685EFF05FD029B713869C
:10FAD8009603E30DC7F21386E6036317C7001C45B8
:10FAE800094583C50700F5B59386F603631DD7025C
:10FAF8001C4503C507003DE96C001305D030EF2015
:10FB0800C102B247414793F7070FE386E7EC930535
:10FB1800B10013056031EF2041010345B10085456F
:10FB2800EF8070744DBD8966138606046313C7049D
:10FB38001C4503C4070083C7A1B3228585EB0D4587
:10FB4800EFB02FA8AA85E30805E8930700FD230076
:10FB5800F500D1472301F500A3008500938701B084
:10FB68009C4303C50700EFB0AFB0B5B5EFF01FDC9D
:10FB78009DB513861605631BC7001C4503C5070002
:10FB880021E585450545EF80D06EB1B593862605FC
:10FB98000145E312D7E89C4703C4070083C761B354
:10FBA80022859DE30D45EFB0CFA1AA85E30505E2C7
:10FBB800930700FD2300F500F147A300850023010A
:10FBC800F50003C551B345B7EFF0FFD929B5411189
:10FBD8009767FF1F83C7C75706C6958B99CB1765CD
:10FBE800FF1F1305654CEFC04FFC4D45B240410166
:10FBF80082800145EFC06FFB0145CDBF03C70500FB
:10FC0800937625009377D70F99C293672700131827
:10FC180085011358884113F7F7076354080013E761
:10FC28000708937685009377770F99C293678700C3
:10FC38001377050293F6F70D19C393E6070223809D
:10FC4800D500634508009377A50281CB834706005A
:10FC580093E7C7002300F60082807DFD83470600F6
:10FC6800CD9BCDBF2D456319071403C50500094772
:10FC78006310E51401114EC6BE89DC4122CC26CAA8
:10FC88004AC806CE03C7170083C70700B6842207F1
:10FC98005D8F42078D664187938736A032842E890F
:10FCA8006301F70E63C0E702938716A06309F70A9A
:10FCB80063C1E70E938606A0630CD7062390040061
:10FCC80005454DA8938766AA6305F70C938786B800
:10FCD800630BF70C938646A0E312D7FEDC45DDC71D
:10FCE80021472390E40003D707002300E60003D749
:10FCF80007002183A300E60003D727002301E600BD
:10FD080003D727002183A301E60003D74700230276
:10FD1800E60003D747002183A302E60003D7670064
:10FD28002303E60083D76700A183A303F60091A00D
:10FD3800C8459710FF1FE7804044420541814E8621
:10FD4800637335012A862390C400420641828325C5
:10FD5800C90022859710FF1FE780803D19A8DC4560
:10FD680083D707002390A4002300F600A183A300F3
:10FD7800F6000145F2406244D2444249B249056165
:10FD8800828099472390F4001946D1B72390040044
:10FD9800CDB785472390F4008327C90083C70700A0
:10FDA8002300F400F9B7E1472390F400614645B712
:10FDB8002390060005458280828083C80500894714
:10FDC800639BF814DC41797122D406D626D24AD036
:10FDD8004ECE52CC03C8170083C707002E842208D2
:10FDE8003368F80042088D6713580841138327A029
:10FDF800630468102A8A3A89B684B285634C030181
:10FE0800138707A0630AE802938717A0630BF80813
:10FE1800854711A8138737A0630CE80A138767AAD8
:10FE28008D47E317E8FEB250225492540259F24922
:10FE3800624A3E8545618280484432C69710FF1F5A
:10FE4800E780A033420541819D47E36E25FDB30954
:10FE5800990083C7E1B4B24563D43701B547E1B728
:10FE680048442686C2094A959710FF1FE780402C10
:10FE7800484403C6E1B493D909010506330636415F
:10FE880081454E959710FF1FE780002E938701B597
:10FE98009C4399E3814741BF9C438145E5DF5285F7
:10FEA80035A0AD47E31109F8E39A16FB834716001E
:10FEB800834606005844A207D58F2310F70093877E
:10FEC80001B59C43E1DB9C438545E9D78297D9B7C7
:10FED800AD47E31A09F49947E392F6F848441946FE
:10FEE8009710FF1FE780C024938701B59C43DDD39B
:10FEF8009C43CDD38D4565B7AD4715F78547E39F3F
:10FF0800F6F40347060093070008E3EEE6F0DC4545
:10FF18002380E70041B785473E85828023A801B446
:10FF2800A38701B4238701B4B707A0009385C188CC
:10FF3800938707059CC1B707E803DCC117D6010002
:10FF48001306C6759737FF1F9387C7220947938EF5
:10FF58007188D0C317D601001306467185462380E1
:10FF6800EE00138E418893888188D0C723AED701CD
:10FF780017D60100130686701383C1B413886188ED
:10FF88001385518897DE0100938ECE6F2300EE0013
:10FF98002380E8002380E7002388E7002380E70226
:10FFA8002388E70223AEC7032380E7042300E80081
:10FFB8002384D70023950700D0CB238CD700239D1B
:10FFC800070023A2D7032384D7022395070223A679
:10FFD8000702D0DB238CD702239D070223100300DE
:10FFE8002300D50017DE0100130ECE6823A2C70533
:08FFF8002388E70423AE17057E
:020000021000EC
:100000002380E7062388E7062380E70897D80100C6
:100010009388086917D701001307876623A2E708AA
:100020002384D70417070000130787C42395070408
:1000300023A66704F0CB238CD704239D070423A2B7
:1000400017072384D70623950706ECD7F0DB238C0C
:10005000D706239D070623AE07072384D7082395D9
:10006000070823A6A7089737FF1F9387271A98C367
:1000700017070000130727D5D8C323A407008280E1
:10008000A54763E8A71017D701001307E7E60A059D
:100090003A951C41011122CC26CA06CE4AC8BA970D
:1000A000B2842E8482879307800F63F9B70061457D
:1000B000F2406244D2444249056182809737FF1F73
:1000C0009387C70BC8573E8919C59720FF1FE78044
:1000D000E006238701B4130614009165938505712A
:1000E000328532C69720FF1FE780E0F81737FF1FE1
:1000F000232CA70A4DDD324681459710FF1FE7806C
:1001000020070325C9022286A6859710FF1FE780D6
:10011000A002238781B4014561BF8947E399F5F8BF
:10012000835706002396F1B4FDB7A147E391F5F894
:100130002146A6851385C1889710FF1FE780C0FF61
:10014000D9BF8547E395F5F69737FF1F93870703D8
:10015000D04F9735FF1F9385E50403C50400EFF0EA
:100160007FAA55BF8547E394F5F49737FF1F938720
:10017000E700D05F9735FF1F9385C504F9BF85471A
:10018000E397F5F283470600A382F18869B7094532
:1001900005B70945828083C7F1B495E38547A387F6
:1001A000F1B4058909CD9736FF1F9386260641468F
:1001B000A5451735FF1F130565FC6F20A03C0145C1
:1001C000828001111388F5FF06CE22CC26CA4AC8C8
:1001D0004EC652C41378F80FAD4563EE050BBA89CD
:1001E0000A0817D701001307A7D33A983E8A832736
:1001F00008003689B284BA9782878545EFC06FBA06
:100200002A8419E1EFF03F9D2285F2406244D244F6
:100210004249B249224A056182808945EFC06FB8E0
:100220002A847DF12685EFE0FF98F9BF9145EFC064
:100230004FB72A8471F95286CE854A85EFC08FABBD
:10024000EFF07F99EFF06FCFEF50302775BFA145EA
:10025000EFC02FB52A844DF95286CE854A85EFC06E
:100260006FA92685EFE01F95EFE0DF8CEF5010239C
:1002700061BFB145EFC0EFB22A8459F55286CE85F1
:100280004A85EFC02FA72685EFE0DF92EFE09F8A37
:10029000EF50D02075B7094485BFBD47638CF50684
:1002A00063E9B702A5476387F50663EDB700994791
:1002B000638CF5049D47638FF5049547638CF504C3
:1002C00001458280B5476387F50463E1B704AD4714
:1002D000F5B7DD47638EF50263EAB700C947638B64
:1002E000F502D9476386F502C547C9BFF547638361
:1002F000F50263E4B700ED47D1B793072005638BA0
:10030000F5009307200D5DBF48458280084182803B
:1003100008458280484182809307F00F630EF506FE
:10032000011126CAAA841305000222CC4AC84EC66F
:1003300052C456C206CE3A89B689B28A2E8AEFA036
:10034000DFA82A844D4515C8930700FB2300F4005D
:10035000A300540123114401230234011305840036
:10036000614663050902CA859710FF1FE780C0DC5C
:10037000A2852685EFA05FB00145F2406244D244D9
:100380004249B249224A924A0561828081459710CA
:10039000FF1FE780E0DDE9BF09458280011122CC23
:1003A00006CE2A842306B100A306C100EF40C03A5E
:1003B0000DC10347C500A1476311F70278009306FA
:1003C000E0070146A2851765FF1F034505D9EFF039
:1003D000BFF4F24062440561828078009306E00732
:1003E0000146A2851765FF1F034515D7CDB79307B3
:1003F00000643306F6026FA01FFD05C90347050020
:1004000085469307270093F7F70F63F0F602411133
:1004100022C42A843A8506C6EFB08F8EFD5723008A
:10042000F400B240224441018280828003570500DB
:100430009307000B6313F702834745004947639C0A
:10044000E7000347150185476399E7000355250039
:1004500085456F20103D6D47C5BF8280011122CCBC
:1004600006CE2A842EC632C436C2EF40E02E0DCD11
:100470008346C500A14712472246B245639EF60057
:10048000B2861765FF1F034545CD2E86A2856244BF
:10049000F24005616FF05FE8B2861765FF1F034504
:1004A000B5CB2E86A285E5B7F240624405450561CD
:1004B000828023ACA1B48280011122CC26CA06CE50
:1004C0002A84AE84EF404029A6852285EF10515141
:1004D0001DE5228523169100EF4000280DC103473A
:1004E000C500A1476312F7021765FF1F0345E5C664
:1004F00078009306F0070146A285EFF0FFE1F24095
:100500006244D244056182801765FF1F0345D5C44C
:10051000C5B7011126CA06CEB68422CCDD4663E2F9
:10052000B608D94663FED50AA5466381D50A63EEAF
:10053000B6049546638CD50899466387D50A054469
:1005400041687D18631606093AC6EF10314D33062F
:100550008540324742064182420441803305C4004F
:100560004205BA85418132C6EF20D03BAA8749C1F6
:1005700081C432462390C400B30580406244F240F7
:10058000D2443E8505616F10D12AC5466380D504EB
:10059000C9460D44E395D5FAC167FD17E31EF6FA87
:1005A00065B7F5466380D50463E4B600ED46D5B77C
:1005B000930620056388D5029306200DE391D5F8B4
:1005C000C167FD170D446319F600BDBF09448DBF17
:1005D0009306200DE392D5F8310642064182ADBF65
:1005E00015445DBF0D444DBFC167FD171D447DB768
:1005F000F2406244D2440561828079714ECEAE8968
:10060000C16526D20147AA84894617D60100130680
:10061000260AFD15054522D406D64AD0EF00906182
:10062000054431CD2A891307300281461146F5452C
:100630002685EFF01FEE2AC6554431C18357A90025
:10064000CE8601462314F10091472315F10085471A
:100650002300F500B2472C002685A380070032470F
:10066000FD572301F7003247A301F700EF00505276
:100670002A8411C532459720FF1FE78020AC2285D0
:10068000B250225492540259F2494561828041117C
:1006900006C6EFF09FC019C5B24041011723FF1FE6
:1006A0006700C3A9B24041018280011106CE2AC66B
:1006B000EF10D11D3245914523AA01B423AC01B4FA
:1006C0009767FF1FA388A7A8EF20F020F2400561DD
:1006D0006F10F07F93970501C18763D80712797176
:1006E0001765FF1F034515A722D44AD006D626D288
:1006F0002E89EFA0EFF12A8449CD03470500930727
:10070000000A6315F70885474C08A305F100EF10B0
:10071000F123AA8405ED8347610171476374F708EB
:10072000138717FE1377F70F9306000263F3E608AB
:10073000858BC5C7938741B59C43994481CB0355AD
:1007400024001306B1004C088297AA848347B100A5
:1007500099C7084409C59720FF1FE780209E95E0B0
:100760005247B7070001938707F07D8FB707120044
:1007700093870710630CF70003476101ED47631788
:10078000F700035524008545EF20B0092285EFA02E
:100790000FE1B250225421653345A9009254025909
:1007A000456182803707301405073357F700058B02
:1007B00041D3138781B5184351DB0347510159F7E2
:1007C0002306F10099472308F100035524006C002B
:1007D00023170100EF10713695BF938781B59C43B5
:1007E0009DC3035524001306B1004C08829739DDE0
:1007F000AA8483475101B9FB834761012308910013
:100800002306F100D9B79944EDB70145828001452F
:1008100082809766FF1F83C67694814763E5D70081
:1008200001473A8582802E87910503D6C5FFE30AEA
:10083000A6FE8507E5B70DCD834725000547890747
:1008400093F7F70F6376F702411122C406C62A8494
:1008500083550500034535000147F9465D46EFF035
:10086000BFABF9572311F400B2402244410182800A
:1008700082801767FF1F0347778E8147FD5663E32A
:10088000E70082802310D5002301050085071105AC
:10089000FDB7014582809385318A93070002854622
:1008A0002380F500FD572381F18AA38AF188238AEA
:1008B000F1882390D18A239E01B423A201B623AAF2
:1008C00001B623A401B61386818997D701009387C7
:1008D000A7DC5CC2238F01B49737FF1F9387C793B0
:1008E00009472300E6002380E7002388E7002380F0
:1008F000E7022388E70217D701001307E7D8D8DB00
:100900000D47238CE702138701B618432384D700D1
:10091000D0C7238CD70017D501001305A5D817D64B
:100920000100130626D697D60100938666D8C8C361
:1009300023950700D0CB239D0700CCCFD4D32384AD
:1009400007022395070223A60702239D0702D8DF8B
:100950009737FF1F93874790170700001307870CEF
:1009600023A00700D8C323A407008280411106C634
:10097000EFF03FEA11C503452500B24041018280F6
:100980000145E5BF411122C426C24AC006C6AA8459
:100990002E893284EFF0FFE711E94165CA857D15A4
:1009A000EFF03FE7C54711C52310950023018500EF
:1009B0008147B2402244924402493E8541018280EF
:1009C00029E78948354763931605011106CE22CCE5
:1009D00026CA034716000346060093C7F7FF2207FF
:1009E000598EF18F32C68DE7C4452A84A685EFF073
:1009F000FFF732460147630FA60022856244F240AA
:100A0000A685D24405616FF0FFF72D473A858280B5
:100A100013070008F2406244D2443A85056182809F
:100A200083C8050009486395080303A84500834768
:100A3000180003480800A207B3E70701C2070D68C2
:100A4000C187130828906395070189476FF05FF706
:100A50000545828003C751899307F00F630AF704A5
:100A600041114AC02A89294522C426C206C63284B9
:100A7000AE84EFA08FB51DC59307100B2310F500B2
:100A8000230205002314850022442311250123138A
:100A90009500B24092440249AA8503C5518941019B
:100AA0006FA08FBDB240224492440249410182802E
:100AB00082804111938701B626C2AE848C4322C442
:100AC00006C62A84EFF09FEA098909C922852244D3
:100AD000B240A685924441016FF03FB2B240224439
:100AE0009244054541018280411122C426C24AC078
:100AF00006C6AA84130445001309850B8357040016
:100B00009DC3084409C59710FF1FE7802063228515
:100B1000314681459700FF1FE78080653104231A25
:100B200004FEE31D24FDB2402244FD572390F4004F
:100B300002499244410182809387C1B69843175677
:100B4000FF1F0346B66181476315F600814636856F
:100B50008280BA861307870B835587F4E389A5FE45
:100B6000850793F7F70FCDB7938741B79C4399C794
:100B700003D74700E31CA7FE884782800145828097
:100B8000411106C6EFF05FFE09C50845B2404101BC
:100B900082800145E5BF011126CA9384450022CC1D
:100BA0004EC606CE4AC852C456C25AC0268781498C
:100BB0000144814681473D450356070055CED9E2A1
:100BC0000354470083572700B286A297C207C18308
:100BD00085093107E392A9FE25C82E899165938581
:100BE000457022859710FF1FE780E0482A8B29CDAA
:100BF000814A014A8C4485C503D6440033054B0124
:100C00009700FF1FE780405383D7440088443E9AF3
:100C1000420A135A0A019710FF1FE7802052638986
:100C20000A003146814526859700FF1FE780405422
:100C3000850AB104E3E03AFD232669012314890003
:100C4000054521A0630DD6000145F2406244D2441F
:100C50004249B249224A924A024B056182800356B8
:100C60002700E313F6FE035647003294B29742047E
:100C7000C2074180C183A9BF0545E37835FDA9BFFF
:100C8000938781B69C4399E3014582809847035737
:100C9000A700E319A7FE138547008280411106C60D
:100CA000EFF01FFE11C503550500B24041018280DF
:100CB0000145E5BF411106C6EFF09FFC11C5034594
:100CC0002500B240410182804145E5BF411122C467
:100CD0002A842E8506C6EFF0FFFDAA8505462285EB
:100CE000EF30902A95476305F500BD476313F50083
:100CF0002145B240224441018280411122C42A840C
:100D0000090506C6EFF06FEFFD57A301F400B240EE
:100D1000224441018280938701B79C431757FF1FEC
:100D20000347D7432A86050781463E8583D70700B8
:100D30006388C700850693076500E3E8E6FE014582
:100D40008280411122C4416406C626C29307E4FF93
:100D5000630EF500AA8485E1EFF0FFFB01E91305BE
:100D6000F4FFEFF05FFB19C123109500B24022445D
:100D700092444101828085476394F504EFF0BFF906
:100D80002A846DD5FD572310F500834724001307EF
:100D9000F00F6384E7021307E00F638AE70003455F
:100DA00034000147F9465146A685EFF0EFD622857B
:100DB000EFF0BFF4FD572301F400230204007DB7D8
:100DC0008947E395F5FA8545EF30703B45F1268577
:100DD000EFF07FF42A8455F951BF5D71A6C24EDE53
:100DE00086C6A2C4CAC052DC56DA5AD8AE8483C5BD
:100DF0002500F947AA896396F504EFF0DFF12A840C
:100E000009ED01442285B640264496440649F2592C
:100E1000625AD25A425B616182808347250005474E
:100E2000890793F7F70FE37EF7FC03453500014789
:100E3000F9460146CE85EFF02FCE2285EFF0FFEB8D
:100E4000C9B783AA0400B7070001938707F03707E3
:100E50001200B3F7FA0013070710328A0149638AB8
:100E6000E7022EC6EFF03FEB2A89B2451DC10346CB
:100E7000450005C293178601E187E3C407F84E8554
:100E8000EFF0CFD18347490093E707F82302F90039
:100E90008DBF03C7218A9307F00F1944E304F7F6C7
:100EA000E147E3E1B7F693D71500FD178E0717C7A3
:100EB00001001307E709BA9703A80700E30408F441
:100EC00003AB4700E3000BF4C20A93DA0A0163851F
:100ED0000A00C947E398F5F283D64400904483C5DD
:100EE000140003C50400380802982A8401FD2C0868
:100EF0004E85029B2A8421C983C71400E39407F01E
:100F000083C72400230AA10039472308F10063990D
:100F1000E70262478347170003470700A207D98FFC
:100F20000C084E852319F100EF102141E30B05EC6D
:100F300014080546D9454E85EFF04FD22A84D9B51D
:100F400083578101F1BF83C624009147E38BF6EA02
:100F500038080146CE8503C5218AEFF0EFBB2A840D
:100F6000E31205EA83C524002808EFF00FB319C186
:100F700023000A009840B7070001938707F07D8F90
:100F8000B707120093870710E30DF7E6E30B09E6B6
:100F900083C724002302F900B5B5011106CE2EC681
:100FA000EFF07FD701CD83474500B2451387170087
:100FB0006396E50093F707F82302F500F240056118
:100FC0008280938781B6984319E3014615A81C4790
:100FD00003D8A700636B050183584700B386080157
:100FE0006355D5008146639416011843F1BF3E86D0
:100FF000C10703D3A7FF6317A30099C1239005017D
:10100000328582808506C206C182F1BF397152D411
:101010002E8A4ED69305E101AA89528522DC4AD850
:1010200056D206DE26DA328936C63AC4BE8AEFF0D8
:101030005FF9054435C5AA840355E1013944EFF051
:10104000BFB239CD03284500630C08042247B246DD
:10105000D6874A86A6854E8502982A8431E1930771
:10106000E00F638FFA0203C704008947631AF7028F
:10107000D8408347170003470700A207D98FC2074C
:101080000D67C18713072790639CE700834719000A
:1010900003460900D285A2075D8E4E85EFF09F9B27
:1010A0002285F2506254D2544259B259225A925A6D
:1010B00021618280797122D4035425004ECEAA8901
:1010C000228556CA06D626D24AD052CC5AC85EC607
:1010D00062C4AE8AEFF05FA601E92285EF10817647
:1010E000594429E90144B9A003C789008547AA8466
:1010F0000144631AF702AA8513858900EFF0BFA99E
:1011000029CD03D7640083D68400D04483D544001E
:1011100003D52900E147EFF07FEFD9472A84631810
:10112000F50223A604002685EFF01F9C49C0D9478D
:10113000E30AF4FA2285B250225492540259F24939
:10114000624AD24A424BB24B224C4561828061DDF9
:1011500083D744002390FA00F9B713894400014A69
:10116000B94B594C3D4B83550900D5DDE14763062A
:101170007A010357C90011C3D94703572900835681
:1011800049000326890003D52900EFF03FE82A84AF
:101190006319850123240900050A3109E3156AFD55
:1011A00059B77DD9835709002390FA00F5B703D5C5
:1011B00029002DB701112317C1009307E00F130673
:1011C000E1000147894606CEEFF05FE4F240056199
:1011D0008280797122D42A840355850026D2AE8478
:1011E0009305210106D64AD0EFF0BFDD6308050E56
:1011F000834785002AC693F707028DCF0355210147
:10120000EFF01F98AA87B24501ED83578400394556
:101210002390F400B25022549254025945618280C6
:10122000035524004946829711C5835784002390B3
:10123000F400CDB7035924004A85EFF0FF8F11ED7C
:1012400041657D15EFF05F8F19E5835784002545D3
:101250002390F400C1B723102501130745008147EF
:10126000BD46035607002DE63147B387E702130951
:1012700084003146CA8591073E959700FF1FE7809D
:10128000A0EB3146CA8548089700FF1FE780C0EAF7
:101290000356C4000355240041478146DD45EFF065
:1012A0004FA72ACE19E58357840045452390F400C3
:1012B00095B70C480356C4009700FF1FE780C0E7AE
:1012C000035524004C08EF10A15329D5594599B76F
:1012D00085073107E397D7F8254581BF0545B1B7A5
:1012E000797122D42A840355850026D2AE849305D1
:1012F000E1014AD006D63289EFF0BFCC51C5834711
:10130000850093F70702A9E7034714019307200517
:1013100019E3834744008356A40050448355840056
:10132000035524000147EFF07FCEAA8721E98347C8
:10133000140199E703552400EF10A147D94711E1A3
:101340008147B2502254925402593E8545618280B1
:101350002AC60355E101EFF0BF82AA8705C9B2454D
:101360000355240049468297AA8759DD0357840014
:101370002390E4000347140161F7E1B75947E317ED
:10138000E5FE230009006DBF8547CDB7B947F9BF1A
:10139000397122DC4AD84ED652D406DE26DAAA8922
:1013A0002E8A32C63689EFF01F97094415C5834748
:1013B00025001307E00FAA845D44638FE70013073D
:1013C000F00F5944639AE700324605E2D2854E8514
:1013D000EF10214B2A8415CD2285F2506254D2544D
:1013E0004259B259225A2161828003550A0093055D
:1013F000E101231F0100EFF0DFBC0355E101EFF035
:101400007F8BAA8505464E85EF3000382A845DDD46
:10141000E1B79307F00FE301F9FC938624007946C6
:10142000A68517F5FFFF13054541EFE05FFCA3819B
:1014300024015DB73971938781B626DA844352D48B
:101440005AD05ECE62CC06DE22DC4AD84ED656D2C8
:1014500066CA2A8BAE8B328C368A99E08149B9A054
:10146000804483DC44000149835AA4006314990139
:101470008440E5B78357A400A28963F86701050992
:101480004209135909014104D5B7E3EAFBFE630C95
:101490000A00834504004840D28662863AC6EF00BF
:1014A000F143324769DD19C323105701F2506254EA
:1014B0004E85D2544259B259225A925A025BF24B8B
:1014C000624CD24C2161828003D7050083D625006F
:1014D000854763E9E60439C7411183C6450026C242
:1014E0009384550022C426862E8417C50100130557
:1014F000651B894506C6EF00713EC14711CD834685
:101500004400835524000355040001472686EFF06C
:101510007FF2814711E1A947B240224492443E85BF
:10152000410182803E8582802E860355060083D548
:101530002500854763E2A50205C1834646004111A7
:101540000147150606C6EFF0FFEE814711E1A947F6
:10155000B2403E85410182803E8582802E860355C1
:10156000060083D52500854763E2A50205C18346B1
:10157000460041110147150606C6EFF0BFEB814753
:1015800011E1A947B2403E85410182803E858280BB
:1015900039714ED683D7250083D9050006DE22DCBB
:1015A00026DA4AD852D456D25AD05ECE62CC66CA17
:1015B0006AC863E037198547638E0914416BAE8AA8
:1015C0002A8A2314010002C6014401497D1B894B6C
:1015D000054CC94C054D83D52A000147814601467B
:1015E0004E8523130100EFF0FFE4AA846300051287
:1015F00009EC13072002930661005A86954552852F
:10160000EFE03FF12A84630805120357810083C786
:10161000040045C70347A100630CA7074147638542
:10162000E7022C005285EF00B16609CD3400154663
:10163000D9455285EFE09FE211C532459710FF1F53
:10164000E780C0AF8147F9A083D7A40041461305C6
:1016500024002300F40083D7A400A183A300F40096
:10166000CC409700FF1FE78020AD490483578100DD
:101670008507C207C1832314F10063F9270983D7C3
:10168000A400638567098509C20993D90901A1B737
:10169000E39977F983D7A4000946130524002300B2
:1016A000F40083D7A400A183A300F400CC409700EA
:1016B000FF1FE78060A8110455BF22C603596100CF
:1016C00003C7A400130524006382770333599903E9
:1016D000230571012300E40083D7A4004146A183C0
:1016E000A300F400CC401379F90FA5BF23058101B5
:1016F0002300E40083D7A400135929001379F90FBC
:10170000A183A300F4000946CC4055B7835781005C
:1017100089FBA947F2506254D2544259B259225A15
:10172000925A025BF24B624CD24C424D3E85216193
:1017300082808547C5B7C547F1BF03C721B8854734
:1017400063F3E706011122CC26CA4AC806CE2A84D2
:101750003289AE84EFF02FDC01C9034725009307DF
:10176000E00F5D456308F700631C0900A68522852C
:10177000EF10010EF2406244D2444249056182807A
:1017800003D504009305E10023170100EFF07F83E8
:101790000355E100EFF00FD2AA8505462285EF2020
:1017A000B07E69D5C1BF5945828013F7050201C7D4
:1017B000B2856FF0AFD1411126C24AC006C622C41D
:1017C00013F98500AA8463170900139785016187BF
:1017D000635D070232853684EFF0CFCDAA850546DA
:1017E0006313090001462685EF20107A01E90145BF
:1017F000B2402244924402494101828083479400CE
:10180000E5DB83478400E5F7E5B793F72500E5F3CB
:101810000D45F9BF7971AE8622D42A8403D506001E
:101820009305E10106D636C6EFF0AFF909CD834541
:101830008500B2460356E1012285EFF01FF7B25052
:101840002254456182800545DDBF13F7050201C7BB
:10185000B2856FF0AFC7411122C426C206C693F409
:1018600085002A8491E413978501618763500702FC
:101870003285EFF02FC4AA85054691E00146228506
:101880002244B240924441016F20107093F725002A
:10189000014591E30D45B2402244924441018280CA
:1018A0007971AE8622D42A8403D506009305E1011E
:1018B00036C606D6EFF0EFF0B24601CD834585007F
:1018C0000356E1012285EFF05FF8B25022544561E2
:1018D00082800545DDBF797126D2AA840355A50013
:1018E000C16722D44AD04ECE06D623170100FD1779
:1018F0003284B6890149630DF500050583C60400ED
:10190000D04042051307E1004181EFF0BFB22A89C0
:1019100083C60400D040894517C50100130585D84A
:10192000EF00C17B1DC503D4A4002285EFF00FB7E3
:1019300009C57D142A9442044180638409002390E0
:101940008900B25022544A8592540259F2494561A5
:10195000828083C60400D040894517C50100130565
:10196000E5D4EF00A17761F183C60400D04089453A
:1019700017C50100130505D1EF00417619C9E3062B
:1019800009FA8357E100E39287FA0354A9007D1412
:101990005DB703D4A40055B7397122DC26DA4AD8E2
:1019A0004ED652D456D25AD062CC06DE5ECEBE8916
:1019B00083C785002A8AAE84C18B328C36843A89EB
:1019C000C28A468B9DE783CB04008947638BFB0467
:1019D0006285EFF06F991DC18328050063800802BE
:1019E0005A88D6874E87CA862286A68552858298CF
:1019F00039A03285EFF0CF98AA8711ED3945F25022
:101A00006254D2544259B259225A925A025BF24B52
:101A1000624C216182802946A6855285829745D5F0
:101A2000F9BFD8408347170003470700A207D98FA3
:101A3000C2070D67C187930607906384D72263CEE0
:101A4000F60693062780638ED70C63C1F602130750
:101A50000780E3CFE7F62D45E39309FADC4403C69C
:101A60000700CC432310C900228569A213073780E1
:101A7000E390E7F62D45E39409F885472310F90034
:101A8000DC44814583C707002300F40003D5A4008C
:101A9000050542054181EFF0CFD283570900631756
:101AA000051291072310F900114681451305140012
:101AB00097F0FE1FE780C06B29A2930627906383EF
:101AC000D71863CED71293063790638CD7181307B5
:101AD0004790E39FE7EE2D45E39309F2DC441D4771
:101AE0002310E90003C707002300E40003C7170021
:101AF000A300E40003D727002301E40003D7270055
:101B00002183A301E40003C747002302E40003D7B5
:101B10006700A302E40083D76700A1832303F400D6
:101B20004DA02D45E39D09ECDC446C0083C91700F2
:101B300003C70700A209B3E9E90011472310E90030
:101B400083C707004E852300F400DC4483C71700D9
:101B5000A300F400EFF0EFC6AA8435C50356C10018
:101B6000C1659306E100FD158329C500EFF0BFD6DE
:101B700019ED83C60400D040894517C5010013053F
:101B8000E5B2EF00A15501E5FD572317F10003C7AA
:101B9000090089476310F70283A549000946130528
:101BA000440097F0FE1FE7802059835709008907FA
:101BB0002310F9008357E1002301F400A183A3015E
:101BC000F40001452DBD23173101EDB70347050092
:101BD0008907BA972310F9008357A500A300F400E2
:101BE0008357A500A1832301F400034605004C415F
:101BF0001305340097F0FE1FE7800054D9B7C8449E
:101C000097F0FE1FE780E05793170501C1832A87ED
:101C10001D45E3E637DF6399F90023100900CC4442
:101C200003560900CE9589B54207B3863A01418330
:101C300063C7E600B38737412310F900CDB72310FF
:101C40005901F1BF2D45E39C09DACC445285EFE000
:101C5000FFD1231079012300A4002181A300A40057
:101C60008DB72D45E39D09D8DC442310790183C746
:101C700007002300F400DC4483C71700A300F4002E
:101C800089B75D71CAC02A89035525004EDE52DC32
:101C900056DA5AD85ED662D466D26AD06ECE86C67E
:101CA000A2C4A6C22E8BEF006157130CF5FF931D43
:101CB0000C01C16BAA8A8149174AFF1F130A8A4087
:101CC00093DD0D01938C41B6138DC1B5FD1B835778
:101CD000C90063F8F9009747FF1F83D7A73E63CE7B
:101CE0008701035529009745FF1F9385A53DEF0008
:101CF000D120AA841DCDD9442DA88327890013970C
:101D000019009305E100BA9703C4170083C70700C1
:101D100022045D8C2285EFF0CFAAAA851DE923104D
:101D20008B0003254A00854409C59700FF1FE78003
:101D3000E040B6402644268506499644F259625A48
:101D4000D25A425BB25B225C925C025DF24D6161F1
:101D500082808348490083A60C000356E1000355A6
:101D600029006E8881476A87EFF01FC3AA8411C5D6
:101D700023108B0003254A0045BF83274A0095E3C3
:101D800003552900514781465E86BD45EFE06FF857
:101D90009747FF1F23AAA73209E523108B00C544EC
:101DA00049BF9747FF1F83D7E73103D7C1B53E9798
:101DB0006347570113C7F7FF5697239EE1B40325E6
:101DC0004A0083A50C0003D6C1B53E9597F0FE1FCF
:101DD000E780803683570A0003570D008509C20942
:101DE000BA971747FF1F231FF72C93D90901C5B5D1
:101DF000397122DC2A840355250006DE26DA4AD80A
:101E00004ED652D45AD05ECE62CC66CAAE8B56D273
:101E1000EF00C1402A8A8346C4008355A4000355BD
:101E2000840078001306D400930CBAFF651AEFF013
:101E30006FE0420A416B2A898144135A0A01138CCC
:101E400041B69749FF1F9389E9277D1B6302090467
:101E500063D094058348440083260C000356C100D8
:101E600003552400528881471387C1B5CA85EFF016
:101E7000BFB215C5814A0356C1008355A4004A85E7
:101E80009306E100EFF03FA52A89639D0A065DFDF8
:101E9000E5E08357840029452390FB0081A0035689
:101EA000040183D7C1B5E317F6FC83250C0048482D
:101EB00097F0FE1FE780403155DD83A74900A1E37D
:101EC00003552400454781465A869D45EFE06FE45F
:101ED0001DE18357840045452390FB00F250625476
:101EE000D2544259B259225A925A025BF24B624C76
:101EF000D24C216182809747FF1F23A7A71C835ADA
:101F0000A90095BF83A74900A6972380570193870F
:101F100014001397070183A74900418393DA8A00CD
:101F2000BA97238057011387240083A6490093871B
:101F30003400420791044183C207C204C183C180B7
:101F4000369711CD8356E1002300D70003A749003F
:101F5000BA970357E10021832380E700C5BDFD56F2
:101F60002300D70003A74900BA972380D7000DB7F5
:101F70000355240089809745FF1F9385A514974733
:101F8000FF1F23919714EF00415D29D95945B9B737
:101F9000411122C406C693F705012A84328585C300
:101FA000EFE05FD1AA8505462285EF20E07D9547C9
:101FB0006305F500BD47631DF502214515A893F79C
:101FC000450099CBEFE01FCF0546AA852285224424
:101FD000B24041016F20407B93F7050489C7EFE0D1
:101FE0007FCD0146DDB713F5150013351500060545
:101FF000B24022444101828079714AD04ECE52CC07
:1020000006D622D426D22A8AAE89014983D749002E
:102010006364F9000145A1A083A709001314190006
:10202000930414003387970003470700A29703C562
:10203000070022079305E100598DEFE09FF805E9BD
:1020400083A7090005453E94034704002380E70069
:1020500083A70900BE9403C70400A380E700B25021
:10206000225492540259F249624A45618280834562
:1020700085000356E1005285EFF09FF105C183A76B
:1020800009003E94034704002380E70083A709006A
:10209000BE9403C70400A380E700D1B70509420935
:1020A00013590901A5B7011122CC2A8403D50500D3
:1020B0009305E10006CEEFE0DFF001CD834585001A
:1020C0000356E1002285EFF0BFECF2406244056167
:1020D00082800545DDBF397126DAAA8403552500C3
:1020E00006DE22DC4ED652D456D25AD05ECE62CC18
:1020F00066CA6AC82E8A4AD8EF004112AA8A83C6E5
:10210000C40083D5A40003D58400138CAAFF7800F3
:102110001386D400EFF00FB2420CC16CAA890144BF
:10212000135C0C01138BC1B5938B41B6FD1CED1AEA
:10213000174DFF1F130D0DF9638D09180356C100CC
:1021400083C5890003D52400EFF09FE42A89631D2D
:10215000051683C8440083A60B000356C10003D5AF
:102160002400628881471387C1B5CE85EFF0DF82F6
:102170002A89631B051439C003D7C1B511079747D6
:10218000FF1F83D747F46395E700A29763C0570901
:102190009747FF1F83D727F33354F40203D5240056
:1021A0009745FF1F938505F29747FF1F239C87F0F4
:1021B000EF0021582A890DC559491DA003D52400D7
:1021C000494781466686C545EFE0AFB49747FF1F94
:1021D00023ACA7EE0DE583D7A90045492310FA00EB
:1021E000F25062544A85D2544259B259225A925AF4
:1021F000025BF24B624CD24C424D2161828083578C
:102200000B0091071747FF1F231FF7EA83274D0095
:1022100003D7A9009306E100A2972380E700930764
:1022200014001397070183274D0041834E85BA9709
:1022300003D7A90021832380E7000356C10083D57B
:10224000A400EFF04FE983264D0013072400035646
:10225000E1004207418336972300C70003274D0062
:1022600093073400C207C183BA970357E100AA89D4
:10227000110421832380E70003254D00420441809F
:1022800003D6C1B583A50B0022956395090297F08B
:10229000FE1FE78060EA83570B003E9442044180B2
:1022A000E31804EE83D784002310FA00E31A09F23E
:1022B00029493DB797F0FE1FE78000E883570B00E0
:1022C0003E94420441808DBD83D7A9002310FA00BB
:1022D000C1BF0149F1B75D71A6C2CAC0AA84035942
:1022E000850003552500A2C44EDE56DA5AD85ED6C4
:1022F00062D466D26AD086C652DC6ECE2E8BEFF0E8
:10230000F071930BD5FF7115931905010144138DDD
:10231000D40093D90901138CC1B5938C41B6974A67
:10232000FF1F938A2ADA6358741583C6C40083D5C5
:10233000A4001307E1006A864A85EFF0AF8FAA8DEB
:10234000630B05120359A500834585000356E10080
:1023500003D52400EFF0DFC36314051283C84400E3
:1023600083A60C000356E10003D524004E88814764
:102370001387C1B5EE85EFF02FE2631305101DCC76
:1023800083D7C1B51747FF1F0357E7D38907630EEC
:10239000F7069747FF1F83D707D33354F40203D5BB
:1023A00024009745FF1F9385E5D19747FF1F239B87
:1023B00087D0EF00412405C5594515A003D5240059
:1023C00041664D4781467D16A545EFE08F949747BE
:1023D000FF1F23ABA7CE1DE123102B014545B640BF
:1023E000264496440649F259625AD25A425BB25B7D
:1023F000225C925C025DF24D6161828083570C0029
:1024000089071747FF1F2310F7CC83D7C1B5A297C1
:1024100063D3770783A74A0003D7AD00130A2400CC
:10242000A2972380E70005049317040103A44A0040
:10243000C183420A3E9483D7AD0083A50C00135A92
:102440000A01A1832300F40003A54A0003D6C1B505
:10245000529597F0FE1FE78020CE03540C00C16711
:10246000FD17529442044180E30FF9EA050942093D
:10247000135909014DBD294509FC23102B0185B7CE
:102480006DDC01BF8357050081E789473E85828067
:10249000411126C2444122C406C683C60400D0406E
:1024A0002A84894517B501001305C51FEFF01043B5
:1024B00019C9834724002547E51793F7F70F63767B
:1024C000F702E14729A883C60400D040894517B523
:1024D00001001305A51DEFF0704061FD8947B24072
:1024E000224492443E854101828083D6018A8547F9
:1024F000FDD6035704003697C166E3C2E6FE916538
:102500009385257031459700FF1FE780C0B6AA84E8
:10251000CD4771D53146814597F0FE1FE78040C514
:102520008357040083D5018A01460147B386E5003D
:10253000C206C1826369F702AE97C207C18319C29E
:102540002390F18A23A004002146A285138544002C
:1025500097F0FE1FE78040BE938781B69C4391EFC2
:1025600023A491B631A850401315470005072A96B9
:102570002315D60005465DBFBA87984375FF84C30F
:102580008147B1BF011106CE22CC26CA4AC809E94B
:102590008944F240624426854249D24405618280E2
:1025A0002AC62A84280036892314B1002305C100D5
:1025B000EFF05FEDAA8471FDE30D09FC8357A400E1
:1025C000E1DB91659385557031459700FF1FE780EA
:1025D00080AA0DC58357A4002320050023242501CC
:1025E0002312F500938741B79C4389E723AAA1B63C
:1025F0004DB7BA87984375FF88C361BFCD4451BFBB
:1026000083C7E1B595E38547238FF1B4058909CDEB
:102610009716FF1F938646C4414691451715FF1F25
:10262000130585BF6FF01FF601458280A38AA1883C
:102630008280C167FD176315F5002E856FE06FA3DB
:10264000411106C6EFE0EF9C11C5FD572310F500C0
:1026500023010500B2404101828001114AC806CE23
:1026600022CC26CA85472A896393F5044A85EFE080
:10267000AFCC39E9C1649385F4FF1307E1008946C3
:1026800017B60100130646000545EFE0BFDA2A84BD
:10269000FD140DC44C444A85EFF0BFF90356E10028
:1026A00022858146A685EFF00FA32A84DDB78947EE
:1026B0006396F5008545EF20802C4DD9F2406244A9
:1026C000D244424905618280EFE00FC265B74111F3
:1026D00006C623A601B623A801B623A001B6174556
:1026E000FF1F0345B5A741CD9307200C3305F50225
:1026F0009165938515701905420541819700FF1F6B
:10270000E780609723A6A1B69307200C1746FF1F0A
:102710000346D6A43306F6028145190697F0FE1F3C
:10272000E78000A59387C1B69C431747FF1F034767
:10273000F7A281459386870B7D5563E8E5069306EE
:10274000800BB306D7020146FD550507B69723A8AF
:10275000F1B6BE862390B600A381B6002381B600F1
:102760002382060005069906E366E6FEF9562390E5
:10277000D70099463307D702BA9723A0F1B617E5D9
:10278000FFFF1305C565EFD0DFD217F5FFFF130577
:102790000581EFF0501B17E5FFFF1305C55AEF2029
:1027A0004015B2400145410182802394A6F413866E
:1027B000C6F423100600232406003106E31BD6FED0
:1027C00085059386860B95BF411122C42A8406C6CF
:1027D000EFD04FF5EFE02F8C238A8188938701B6E5
:1027E0008843EFE00F892381818A2244B240170594
:1027F00000001305C5E641016F20A00F9397050166
:10280000C18763D00736797103C5418922D452CC80
:1028100006D626D24AD04ECE2E8AEF806FDF2A848B
:1028200021C9034705009307000B6310F704854790
:10283000A304F100938741B69C4323150100A1E74F
:10284000EF00C07D9165938535709700FF1FE7808D
:10285000808223A2A1B605E98347910099C78345E9
:10286000440013058400EFD09FE22285EF802FD330
:10287000B250225421653345AA0092540259F249BC
:10288000624A45618280614681451745FF1F1305F5
:10289000658397F0FE1FE780A08D034944008947B8
:1028A0009749FF1F93890982631DF906EF0000779E
:1028B0009747FF1F2398A78003552400CE85EFF08C
:1028C0009038035724009737FF1F83D7A77F83567D
:1028D000840011ED63E4F6002314F40083558400B2
:1028E0003A85EFD07FBD2285EFD05FB4B5B763E402
:1028F000F6002314F40083578400D9450D4697361B
:10290000FF1F2391F67C9736FF1F9386A67B3A859F
:10291000EFD0DFB48D4561D91735FF1F1305857AD8
:10292000E1A09947631CF9029305A1002285EFF00D
:102930002FCCAA844DD9D947639BF40E05090355C2
:1029400024001379F90FD9459736FF1F93868677B0
:102950004A86EFD0BFB0CA8559D57DBFA14763185D
:10296000F9009305A1002285EFF0FF96D9B7A9479A
:10297000631FF906035584006C00EFE08FE4AA841E
:10298000630705160355240041669306E100554789
:102990007D16AD45EFD0FFB79737FF1F23A6A7726F
:1029A000AA8649C1834844000358E1000356C10088
:1029B00003552400A68581474E87EFE0FFFDAA84DA
:1029C0006316051003552400CE85EFF0B048E30CE4
:1029D00005F003552400CE862D46D945EFD01FA81B
:1029E000E30305F0AD454E85EFD07FCAEDBDB1479D
:1029F0006315F910035584006C00EFE08FDCAA84A6
:102A00006307050E0355240041669306E10059470C
:102A10007D16B545EFD0FFAF9737FF1F23A6A76AF6
:102A2000AA863DE183578400C5442315F10003477E
:102A30001400D147E309F7EA834744000355240013
:102A40009735FF1F938505681737FF1F230CF7661F
:102A50008357A1001737FF1F2317F7669737FF1F0C
:102A600023849766EFF0700DE30F05E6035524000D
:102A70009736FF1F938606650546D945EFD01F9E02
:102A8000E30305E6854549BD834844000358E1005A
:102A90008357A4000356C10003552400A6854E8722
:102AA000EFE09FEFAA841DE103552400CE85EFF0EF
:102AB0003040E30A05E203552400D945CE86354669
:102AC000EFD0DF99B545E30005E2B9B5D947639387
:102AD000F400814403A5490097F0FE1FE7800066DB
:102AE000E38304E0835784002315F10089B78357FB
:102AF000840085442315F1001DBFB9476318F90010
:102B00009305A1002285EFF0CF9725B5C147631843
:102B1000F9009305A1002285EFF0EFDB19BDC9474D
:102B2000631AF900130691009305A1002285EFE0D6
:102B30002FFB01B5D947631DF9009305A10022853C
:102B4000EFE02FE9AA84E31805DEA304010061BBCE
:102B5000E147E31AF9D89305A1002285EFE08FD56C
:102B6000C9BB01458280F9CA011152C42E8A85452C
:102B700022CC4EC656C206CE26CA4AC8AA8AB689F2
:102B80003284EF10D05FD14715C183C701B883C627
:102B900011B8814419E0B684BE86138781B7184303
:102BA00093974400BA9763EDD400D547F24062444E
:102BB000D2444249B249224A924A3E850561828006
:102BC0003E89C10703D727FF09C7850493F4F40F93
:102BD000D9BF39CC9565938525C01305000297F0C0
:102BE000FE1FE78040492326A90061D11306000299
:102BF00081459384040497E0FE1FE780605723110A
:102C00009900230009002313590115C4138781B8C3
:102C10008347940010432304F900118C8327C900D3
:102C200011841180238E870023A029018147BDBF15
:102C300023260900F9B723044901FDB785473E85DE
:102C40008280938781B7984383C501B88147639594
:102C5000F50081463685828003562700BA8619C260
:102C6000E30AA6FE850793F7F70F4107CDB79387D1
:102C700081B7984303C601B881476315F6008146C2
:102C80003685828083552700BA8689C583454700EB
:102C9000E388A5FE850793F7F70F4107F9BF9387F0
:102CA00081B8984383C531B881476395F500814663
:102CB0003685828003560700BA8619C2E30AA6FE4B
:102CC000850793F7F70F4107CDB7938781B79C43EB
:102CD00003C811B801476315E80081463685828034
:102CE00003D62700BE8619CA03D667006318A6005C
:102CF000D04709C603562600E302B6FE0507137740
:102D0000F70FC107C9BF411122C4404526C206C6FC
:102D1000AA8415C0484409C597F0FE1FE780004209
:102D2000484809C597F0FE1FE7804041228597F08B
:102D3000FE1FE780A04026854146814597E0FE1FA3
:102D4000E7800043B2402244FD57A384F40092443C
:102D500041018280011122CC2A840355250006CE30
:102D60002EC6EF10700C324622858145EF001069A7
:102D700022856244F24005616FF0FFF80DC50357EC
:102D80002500411122C406C62A8411CBDD45EF007F
:102D9000D06A22852244B24041016FF0DFF6B24092
:102DA0002244410182808280411126C2314793042E
:102DB000C5FF3387E4029737FF1F9387273206C684
:102DC00022C43E978356A7006397B602484305C5C1
:102DD0003E849307F00F6306F60083470500639C6B
:102DE000C70097F0FE1FE7806035B147B387F40254
:102DF000A29723A20700B24022449244410182805C
:102E0000411122C42E8426C24946AA8481452285C6
:102E100006C697E0FE1FE780A035B9CC83C7C40182
:102E200013974700938781B89C43BA9703D707004D
:102E30002310E40003D7270083D767002311E400A1
:102E40001387E1B7035707002312E40003D70400F8
:102E50002313E40003D724002314E40003D7440021
:102E60002315E40003D764002316E40003D784008D
:102E70002318F4002317E400B24022449244410195
:102E80008280938781B803A80700938781B7904316
:102E900083C501B8014781476394E5003E85828080
:102EA0008346060081CE544691CA83C6C601920667
:102EB000C2966315D500850793F7F70F05071377BB
:102EC000F70F4106D1BF130600643386C50293068F
:102ED0009500AA8517050000130585EA6F80AFCE1F
:102EE000411122C406C62A8403459500EF804FE1B4
:102EF000FD57A304F400B240224441018280011135
:102F000022CC4AC84EC652C456C206CE26CA2A8908
:102F1000AE890144138A81B79D4A83C711B86362A1
:102F2000F40463970902938981B7130AF00F83C7EA
:102F300001B86366F4061144A144228505044204E5
:102F40001306F00FCA854180EFF01FE6E31794FEE9
:102F5000F2406244D2444249B249224A924A05614F
:102F6000828083270A0093144400BE9483C7040020
:102F70009DC383D76400639027036396590103D5EB
:102F80002400EF10606A26854E868145EF001047C9
:102F90002685EFF05FD705041374F40FBDBF83A738
:102FA000090093144400BE9483C704009DC383C7E3
:102FB00094006380470383D76400639C27012685C0
:102FC000EFF01FF22685D145EF0030472685EFF060
:102FD0009FD305041374F40F99BF41677917630BEE
:102FE000E502411122C406C685472A846399F5008B
:102FF00022852244B240814541016FF05FF089474C
:103000006396F5008545EF1090177DD1B2402244BC
:103010004101828082809D456FF07FEE03D5E1B74C
:103020008280011106CE2317A1002316B10003C729
:10303000C1B785476318F70070009305E1000545A7
:10304000EF50D016F24005618280A947631CF60458
:1030500083C7150003C70500A207D98F2310F50009
:1030600083C7350003C72500A207D98F2311F500B8
:1030700083C7550003C74500A207D98F2312F50067
:1030800083C7750003C76500A207D98F2313F50016
:1030900083C7950003C78500A207D98F2314F500C5
:1030A000014582800545828091476314F60283C7FB
:1030B000150003C70500A207D98F2310F50083C7A9
:1030C000350003C72500A207D98F2311F50001455C
:1030D0008280054582809387C5FF93960701C18250
:1030E0000D476360D70231473387E7029737FF1FE9
:1030F0009387C7FEBA972381A7002390B7000145A5
:1031000082800945828013074020AA876374A70044
:1031100093074020F117239FF1B62381B1B8238292
:10312000B1B882801905956542054111938535C076
:10313000418106C697F0FE1FE780E0F311C5B2405B
:10314000E95541016FE0F06EB24041018280238079
:1031500001B8238101B8A38101B8A38001B8238EEF
:1031600001B685470111A38EF1B606CE2AC622CC40
:10317000238901B8239F01B623AC01B6EF10C053D9
:1031800032451306000381452386A1B81735FF1F7A
:103190001305C5F497E0FE1FE78080FD03C501B964
:1031A00005CD9565938545C0120597F0FE1FE78014
:1031B00080EC23A4A1B80DC1938701B983C7170080
:1031C00003C601B98145A380F1B8A381C1B8120635
:1031D00097E0FE1FE780C0F9938711B883C7070007
:1031E0001735FF1F034585F795653E951375F50F58
:1031F0002380A1B8938555C0120597F0FE1FE78084
:1032000080E723ACA1B641C103C601B812068145CF
:1032100097E0FE1FE780C0F5938781B7984383C688
:1032200001B8814725077D566398F604EF10C06BFF
:10323000B1473305F5029565938565C04205418127
:1032400097F0FE1FE78020E323AAA1B82A8401CDCE
:10325000EF10806931463306C5028145228597E02B
:10326000FE1FE780E0F06244F240170500001305FE
:1032700005D705616F10E06785072300C70093F746
:10328000F70F410755B7238001B8A38001B879BF74
:1032900041119397050126C206C622C4C187AE8498
:1032A00063DA070803C5C1B8EF709FB62A8429C93D
:1032B00003470500930700096311F704034715004E
:1032C000CD476317F706034525009735FF1F83C5D4
:1032D00055CA83C721B893066400014601472E886A
:1032E0006317E50219C22381F1B883C721B891C7DA
:1032F000854503C5C1B8EF705FE32285EF703FAA33
:103300002165258DB240224492444101828003C64A
:103310000600B29713F6F70F9377F80F6374B600B1
:103320009377F60F05071377F70F890605464DBF0C
:103330000125E1B793F715000145E9D7EF00106CBF
:1033400009C983C721B891C7854503C5C1B8EF70C6
:10335000DFDD13C514007DB785462A8763FBC604ED
:1033600083C7150003C60500A207D18F2310F500FF
:10337000639CD70083C7350083C62500A207D58F7D
:103380002311F50001458280894601456394D702E7
:1033900083C7350083C62500A207D58F2311F70008
:1033A00083C7550083C64500A207D58F2312F700B7
:1033B00082800545828091476314F60283C7150019
:1033C00003C70500A207D98F2310F50083C7350076
:1033D00003C72500A207D98F2311F500014582807C
:1033E0000545828091476314F60283C7150003C721
:1033F0000500A207D98F2310F50083C7350003C746
:103400002500A207D98F2311F500014582800545CB
:103410008280A1476314F60483C7150003C7050023
:10342000A207D98F2310F50083C7350003C72500F5
:10343000A207D98F2311F50083C7550003C74500A4
:10344000A207D98F2312F50083C7750003C7650053
:10345000A207D98F2313F50001458280054582809C
:103460008947631CF60083C7150003C70500A20740
:10347000D98F2310F500014582800545828083574E
:10348000260079714ECE06D622D426D24AD0130712
:10349000F007AE896372F70209473AC42316F100B8
:1034A000300093F5F50FEF100017B25022549254EC
:1034B0000259F2494561828003574600D9462A895C
:1034C000328463F8E6008357660063F4F60063799C
:1034D000F70023140100300093F5F90F4A85E1B796
:1034E0000355060002C4EFF08FFBAA8459C1EFF028
:1034F0005F9983C784006369F5001146A246CE85B3
:103500004A85EF10E00655B7340026869305F00F84
:103510004A85EFF04FE575F1A24703578400DC4779
:103520002390E700035724002391E700035744004A
:103530002392E700035764002393E70003D7440076
:103540002394E700DC4485CB93F4F90F2286A6850B
:103550004A858297C167FD172A86E311F5FA22454D
:103560009947F9452300F50023029500EFF0BF9538
:103570002DBF094661B7014651B7A947631CF60440
:1035800083C7150003C70500A207D98F2310F500D4
:1035900083C7350003C72500A207D98F2311F50083
:1035A00083C7550003C74500A207D98F2312F50032
:1035B00083C7750003C76500A207D98F2313F500E1
:1035C00083C7950003C78500A207D98F2314F50090
:1035D000014582800545828083C705002300F500F0
:1035E00083C71500A300F50083C7350003C7250076
:1035F000A207D98F2311F50082802322050003C77B
:10360000450089476304F7000545828083D665003D
:103610000D47E37BD7FE9C45011106CE22CC26CA7E
:103620004AC84EC683C4170003C60700A204D18C43
:10363000138644006311D60403C4370083C72700F0
:10364000AE8922045D8C9307C4FFC207C1832A8917
:10365000636FF70003A589002311990023108900E7
:10366000F155EFE0101D2322A900014531A022856C
:10367000EFF02FDD65F10545F2406244D244424946
:10368000B24905618280397122DC2E8483470400AF
:103690004AD806DE26DA4ED619472A89B285639AB9
:1036A000E706034624002800EFF0FFD0AA8415E9BE
:1036B00003558100EFF0EFD8AA898345140015C99E
:1036C0002E8617170000130767E834009D454A85CA
:1036D000EF00903E4E85094681450D234E85EFF063
:1036E0008FE2F250625426854259D254B259216178
:1036F000828089472310F100835781000A862311B5
:10370000F1008357A1002312F1004A85EF00B07049
:10371000C9BF4947639DE702035624002800EFF024
:103720005FCFAA845DFD9737FF1F83D7E79B99E39F
:10373000814445BF03471400834604003C00014612
:10374000CA851735FF1F0345459A352E59BF514786
:103750006390E702035624002800EFF01F8FAA842D
:1037600049F18345140030004A85EFF05FD195BFE1
:103770005947639FE704035624002800EFF0DF92C7
:10378000AA8425F1835581004A85EFF00FD41DC529
:1037900058458356A10083570700B697C207C183D7
:1037A0002310F700D1D75C47C1D783C721B8C9D34D
:1037B000854503C5C1B8EF705F9725B789473EC0FF
:1037C000835781000A86834514002312F10035BF18
:1037D000834514000A8623100100EF00D06389BFDF
:1037E0005D71A6C256DA86C6A2C4CAC04EDE52DCDD
:1037F000AA8A03C51500AE8432C6EFF04FC7B245A2
:1038000001ED8144B6402644268506499644F25986
:10381000625AD25A61618280230205002311050099
:1038200083C9040085472A84639AF90003C62400EB
:103830002808EFF07FB2AA8405492DA09D47639424
:10384000F904034705008D47E31DF7FA03C624007A
:1038500028080549EFF01FB9AA8409E50546814506
:103860002285692E2285EFF0AFE7034584003C08EE
:103870000147CE862686D6853924E30509F82285B8
:10388000EFF06FC841B7CD47639DF90003470500CE
:103890009147E318F7F603C624002808EFF05FBC51
:1038A00059BFD547E39FF9F4034A05008947E31A56
:1038B000FAF403C6240028080549EFF01FCCAA84B7
:1038C00055F183570102BDE3035781011306F0034D
:1038D0005C44930607FCC206C182636CD6000356A3
:1038E000A101D94663F7C6008356C101D94563EFEC
:1038F000D500035524002391E7000549EF00D0527D
:1039000003560102D2852285612CA9BF8355E101AE
:103910002391E7002392C7002390B7002393D70099
:1039200085472300F400014A0149D9BF014AC9BFB4
:103930007971AA8522D426D203542500AA842808A6
:1039400006D6EFF09FCBF24599E535E9854522850E
:10395000EFF02FEDC1A0835781011547639BE70668
:103960000357A1018D4763FCE7046800EFF0DFC651
:103970000357E100DD4763FCE7008345D100B7074B
:1039800017008507100822853EC8EF00D0488357EE
:10399000E1000357A10191076305F7002285EFF0CD
:1039A0008FE78347C10072466C00858B1106228524
:1039B00091CFEFF0FFE201C52285EFF0CFE588441B
:1039C00051D597E0FE1FE780607749B7EFF0BFCB96
:1039D000DDB711476389E7001387A7FF42074183DB
:1039E000854663EEE6023147F117B387E7021727F2
:1039F000FF1F1307A76EBA9703D7070069D303C544
:103A000027003008A2850D205DF9035781019147F9
:103A1000E31EF7F2B25022549254456182802C0882
:103A20002285B92649FDFDB701114AC82A893145C9
:103A300026CA06CE22CC2EC6B284EF700FB931C191
:103A4000B2459307000A2310F5002311B5002A841C
:103A5000214611058DC0A68597D0FE1FE780C06D59
:103A6000A2854A85EF704FC10145F2406244D244BD
:103A7000424905618280814597D0FE1FE780406FF3
:103A8000C5B70545DDB7797126D2AA8413050002B2
:103A900006D622D42ECE32CC36CA3AC83EC6EF70F5
:103AA000CFB231C96246F2454247D246B2472A8474
:103AB000130520FA2300A400A300C4002311B400BE
:103AC0002302E400A302D40013058400614691CFD1
:103AD000BE8597D0FE1FE7802066A2852254B25093
:103AE0002685925445616F702FB9814597D0FE1F8E
:103AF000E7800068DDB7B25022549254456182805D
:103B00005845797122D406D62A84AE8641C383579C
:103B10002700231DF10093072006639FF504938778
:103B2000E1B703D60700835767006373F600B287D7
:103B300013F6F70F83552701834707018D8F93F7FE
:103B4000F70F81E5890793F7F70FB297FD17B3C712
:103B5000C702231EF10083572400835564000345E8
:103B60008400231CF10001473C080146EFF0BFF13F
:103B7000B2502254456182800347C701938781B8C0
:103B80009C431207BA9783D76700E1B72EC6194640
:103B90008145280897D0FE1FE780805DB24665BF4B
:103BA000797122D406D626D22A848DC18147014755
:103BB000930600062E868355640003458400EFF0CB
:103BC0009FECB2502254925445618280B284280006
:103BD000594697D0FE1FE780A0592314910089E829
:103BE0008357240048446C002315F100EFF04FA1E7
:103BF0003C00014793060006014675BF797106D661
:103C0000814799ED8357250058452316C100231499
:103C1000F1003C0011C7835727002315F1003C0039
:103C20002E868355650003458500014793060006EF
:103C3000EFF07FE5B25045618280411122C406C693
:103C40008347050011472A846395E7022E86835532
:103C500065000345850081470147CD46EFF0BFE28F
:103C60004946835564002244B240154541016FF036
:103C7000AF9313F7B70F89466317D7000146EFF0EC
:103C80003FF25146F9BF0D476398E7002244B24026
:103C9000014641016FF09FF6B2402244410182800B
:103CA00083D705003147F1173387E7029727FF1FB6
:103CB0009387C742BA97D84319EBD8412395A700F9
:103CC0000145D8C303D725002394E70082805945D6
:103CD0008280797122D4404526D24AD006D6AA8461
:103CE0002E8925C0484419C597E0FE1FE78000458E
:103CF000232604008357040083D5640003C5840091
:103D00002315F1008357240001479306400623162C
:103D1000F100835784004A862317F1001C483EC8EF
:103D200083D724002314F1003C00EFF0DFD5A30E6D
:103D3000240123280400B2502254925402594561B0
:103D4000828028003146814597D0FE1FE78040429F
:103D500083D7240083D5640003C584002314F100B5
:103D600001473C00930640064A86EFF0DFD1E1B7F9
:103D7000797152CC2A8A03D5050026D206D622D4E0
:103D80004AD04ECE56CAAE84EFE0BFEB19E185476C
:103D9000BDA84045AA8965DC83576500E39947FFC4
:103DA00083578400638707128346C401938A81B8CE
:103DB00003A70A009206FD173697C207035767004C
:103DC000C1832314F4006316F70093053006EFF067
:103DD0003FD35C48A5EFC840034915008347050061
:103DE00022093369F90083D7240013072900631AD5
:103DF000F702F955EFE0E023C8C02391240103C581
:103E000089002686D285EFF03FC2814721E1B2507A
:103E1000225492540259F249624AD24A3E8545617F
:103E200082809565938515C04A8597E0FE1FE780DF
:103E3000802448C8C840231C2401F955EFE0601FC6
:103E400083D72400C8C0F9172391F400484859C506
:103E500003D624008356A401835784013308D60077
:103E600063C007090347C40183A70A0095451207E9
:103E7000BA9783D7270063CF0705CC40369597D0F4
:103E8000FE1FE780602B0357A40183D72400BA9755
:103E9000C20703578401C183231DF400E399E7EEB1
:103EA00003D7290003C5890030002314E1005848D6
:103EB000D2852315F1003AC6EFF01FB711C5484867
:103EC00097E0FE1FE7808027232A0400232C0400AC
:103ED0007DBD99454E85EFE0FFE755BDA545DDBFAA
:103EE0009145CDBF03D7250079CB83D6E1B7ED4708
:103EF00063E8E60C011122CC2E8426CAAA8448402D
:103F0000914506CEEFE0E01283572400AA862300F5
:103F1000F50083572400A183A300F5008357040014
:103F20002301F50083570400A183A301F500035684
:103F30002400C167F9171106420641826394F40414
:103F40002AC4314532C6EF605FE8AA85CD470DC56A
:103F5000930700F93246A2462300F500F9572311D2
:103F6000F50089472302F5002313C50014C503C5D6
:103F7000C1B8EF607FF08147F2406244D2443E8591
:103F80000561828081452685EF40702FAA8701E96F
:103F900003C721B875D37D172381E1B8F1BF094765
:103FA0006302E5021D476301E50249476300E5023C
:103FB0007D47E313E5FC03C721B88147E1BFED4727
:103FC0003E858280D1474DBF91477DB789476DB708
:103FD000011122CC4AC831441309C5FF33048902B8
:103FE0009727FF1F9387870F06CE26CA3E94584017
:103FF00031C783C621B8BE84854795CA2314A10062
:10400000835784000355A4002C003AC62315F10001
:10401000EFF05FED11C5484097E0FE1FE78000120A
:10402000B147B307F902A69723A207008547F240DC
:104030006244D24442493E85056182808147C5BFC2
:10404000797126D244451387E1B74AD083D76400FB
:104050000359070052CC06D622D44ECE56CA2A8A1D
:1040600063F327013E8903D724014209135909014B
:1040700083D7040141CB998F4A8463D527011394D8
:104080000701418089452285EFF0CF89AA89CD4A71
:1040900025C183D724002AC6231581002314F100EB
:1040A00083D7240185E383D70401930925002300E6
:1040B000F50083D70401A183A300F50063762405EE
:1040C00003D4040183D72401CC4422864E85BE95B7
:1040D00097D0FE1FE780400603556A002C00EFF0E2
:1040E0007FE0AA8A15C54E8597E0FE1FE780000590
:1040F000B2502254568592540259F249624AD24A29
:104100004561828089078DBF7914420441805DBF7B
:1041100003D7240183D704003A94FD17C207420451
:1041200003D70401C18341802390F40023998400C4
:104130006377E400D5FFFD57A38EF40055BF81459A
:104140005285EFF01FB96DB701114EC683C921B971
:1041500022CC52C456C25AC006CE26CA4AC84E8481
:10416000138A81B7854A130BF00F83270A00931433
:104170004400BE9403C9040063175907DC44A5C773
:10418000D84735C303D7070039C383C721B889CFC0
:104190002685EFF0FFEAAA8515E5050483C711B867
:1041A000635FF400238981B8F24062444A85D244B7
:1041B0004249B249224A924A024B056182802389D0
:1041C00001B8DDB72685EFF0DFB00149F1BF83C745
:1041D000D701639A6701930520062685EFF05F9269
:1041E000DC44A38E070005041374F40F83C711B8D1
:1041F0006363F4000144E31A34F7C1BF411115456C
:1042000006C6EFF0FFDC09C50545B24041018280DA
:104210001945EFF0FFDB6DF91145EFF07FDB6DF530
:104220001D45EFF0FFDA6DF183C711B8F9DFB24039
:1042300041016FF07FF183D705000D47F117C207E9
:10424000C1836361F706DC41B1CF411122C42E84E2
:10425000854526C206C6AA841D2739C5268581251F
:10426000C167F917638FF40009ED8357240091CBE0
:10427000835604001947639FE60203D7E1B763FB47
:10428000E70283C721B8A285268599C72244B24098
:10429000924441016FF01FC52244B2409244410153
:1042A0006FF01FA0094582805145B24022449244DC
:1042B000410182806D45D5BF397126DA4ED6AA8478
:1042C000AE895D4589454AD806DE22DC328936C68C
:1042D0003AC4EFE03FE525C522472A84014511C7CE
:1042E000B24613054400B685029793578500230014
:1042F0003401A30024012301A400A301F40011054B
:104300009547231DA100231CF10022CE83C721B8AD
:104310002C08268595C3EFF0FFBCAA8411C5228521
:1043200097E0FE1FE78080E1F250625426854259F3
:10433000D254B25921618280EFF09F96F9BFCD44EB
:10434000E5B7797126D24AD052CC56CA06D6BA8A77
:1043500022D44ECE19472E89B284368A639BE50655
:10436000035526000944EFE0DF8D2AC63DC95C45B0
:104370008359650083D727002390F400B24715477F
:104380002380570103C6D1B72391E7001307160016
:104390001377F70FA38EE1B62382C70001E7054725
:1043A000A38EE1B65147631AE90015472391E40053
:1043B000DC4703D784002394E7005287A686CA858A
:1043C0004E85EFF07FEF2A84324515C4EFE0BF93AE
:1043D00009A842867400BE85AA89EFE0CFF82A8436
:1043E00051DD2285B250225492540259F249624A58
:1043F000D24A45618280F945EFE0FFACDDB783D753
:1044000005002300F50083D70500A183A300F50074
:1044100083D725002301F50083D72500A183A301BD
:10442000F5001145828083D705002300F50083D76E
:104430000500A183A300F50083D725002301F50023
:1044400083D72500A183A301F50083D7450023026C
:10445000F50083D74500A183A302F50083D765004B
:104460002303F50083D76500A183A303F50021454D
:10447000828083D705002300F50083D70500A18340
:10448000A300F5000945828083D705002300F500CD
:1044900083D70500A183A300F50083D7250023015E
:1044A000F50083D72500A183A301F50083D745003C
:1044B0002302F50083D74500A183A302F50083D72B
:1044C00065002303F50083D76500A183A303F500EE
:1044D00083D785002304F50083D78500A183A30437
:1044E000F5002945828003D705008546AA87230069
:1044F000E50003D705002183A300E50003D70500ED
:10450000631DD70003D725002301E50003D725004D
:104510002183A301E5001145828009456315A702A7
:1045200003D7250019452381E70003D72500218300
:10453000A381E70003D745002382E70003D74500A6
:104540002183A382E700828083D705002300F50042
:1045500083D70500A183A300F50083D7250023019D
:10456000F50083D72500A183A301F50011458280C2
:10457000797126D24AD04ECEB2842A89AE89294694
:104580008145480022D406D6368497D0FE1FE780A6
:1045900020BE2316910085EC835724002312F100DE
:1045A0009387E1B783D707002314F1005C4485C3E8
:1045B00083C6C701138781B81843920683D7870043
:1045C0003697035727002315F1002313E1004A858E
:1045D00017070000130787EB540013F6F90FD545B2
:1045E000EFF09FCD2A8911C19DE085472300F4009B
:1045F00023020400014681452285EFF06FDAB250B4
:1046000022544A8592540259F2494561828022859A
:10461000EFE06FEFEDB7B286170700001307E7EC86
:104620002E8685456FF05FC901112317A1004165F2
:10463000700001489307F00F0D479706000093861E
:1046400046DC99457D1506CEEFF0BFCFF2400561FF
:104650008280B28701482E86114797060000938614
:10466000C6DCC9456FF0FFCDB286170700001307FF
:1046700087E02E86CD456FF03FC4011122CC26CABB
:104680004AC84EC606CE2A89AE891724FF1F1304D6
:10469000E4A79724FF1F938464AA1C4081C7CE859A
:1046A0004A8582971104E31A94FEF2406244D24490
:1046B0004249B249056182801725FF1F0345F58BEA
:1046C0009377350009811727FF1FA309F7A8AA9739
:1046D0001727FF1F2304F7A8BDCF1305C003338599
:1046E000A702A5654111850506C697E0FE1FE78074
:1046F000809823ACA1B89307C0031726FF1F034679
:10470000E6A53306F602814597D0FE1FE78040A656
:10471000938781B99C439726FF1F83C626A4014730
:1047200089077D56634FD700B240130600038145C9
:104730001725FF1F1305859D410117D3FE1F670035
:1047400023A32390C7002381070023A507020507A1
:104750009387C703C1BF8280938781B99843172687
:10476000FF1F0346A69F81476315F60081463685E5
:104770008280BA861307C703835567FCE389A5FEC9
:10478000850793F7F70FCDB7011122CC2EC632C49F
:1047900006CE2A84EFF05FFC2246B24511E9C167DC
:1047A000F9176303F4005145F240624405618280C9
:1047B00054558347450095C213F7270141456314BB
:1047C000A700154575F2C18B3D45F9DF83C7A601EA
:1047D0000145E3FBB7FC3145C1BFC18B0145E9F79A
:1047E0001545D9B7797126D2C16422D44AD04ECEAC
:1047F00052CC56CA06D62A890144938981B9130A34
:10480000C003FD14854A9727FF1F83C7279563645C
:10481000F400014535A8B307440303A70900BA977C
:1048200003D727006316970005041374F40FE1BF44
:1048300003C55700300093856700EFB0F05019466C
:10484000CA85280097D0FE1FE7800098E31E55FD1B
:10485000B250225492540259F249624AD24A4561F6
:104860008280938781B9C16698439725FF1F83C5CE
:10487000E58E8147FD166395F500014632858280FD
:10488000035827003A866306D80003480700E30769
:10489000A8FE850793F7F70F1307C703E9BF411178
:1048A00006C6EFF07FEB11C503554501B24041014B
:1048B00082800145E5BF938781B998439726FF1F02
:1048C00083C6C6898147110701456393F60082803C
:1048D0000346070001C605051375F50F850793F715
:1048E000F70F1307C703D5B71725FF1F0345058724
:1048F00082801727FF1F130767818147BA863146D9
:104900000C4391E58A07B69788C3014582808507E5
:104910001107E397C7FE4D458280411106C622C4A8
:10492000EFF09FE31DCD2A84035525008545EFF068
:10493000DFD4485409C597E0FE1FE7802080228518
:104940001306C003814597D0FE1FE7806082FD57A4
:104950002311F400230204000145B2402244410126
:1049600082800945DDBF411106C6EFF0FFDE11C5AB
:104970000345C500B240410182800145E5BFC167E2
:10498000F9176304F502411122C406C62E84EFF024
:10499000BFDCAA87014591C703C54700698C333541
:1049A0008000B2402244410182800545828001118D
:1049B00006CE2EC6EFF05FDA854711C903574501D1
:1049C000B24585476305B700231AB5008147F24019
:1049D0003E850561828031C901114AC8416922CCF6
:1049E00026CA4EC652C406CE0144AA84938981B910
:1049F000130AC0037D199717FF1F83C72776634AE1
:104A0000F400F2406244D2444249B249224A05616C
:104A100082803305440383A709003E958357250010
:104A20006383270182940504F9B78280938781B953
:104A30009C43C1661716FF1F03464672890701454E
:104A40000147FD1691456313E600828003D80700F5
:104A50006309D80003C8A7006315B80005051375DE
:104A6000F50F05071377F70F9387C703E9BF938700
:104A700081B994431716FF1F0346466E01479106FE
:104A800081476310E602858393C7F7FFC207C1839E
:104A900005456364E50285473395A70042054181DA
:104AA000828083C5060081C583D5C602CD8F0507E8
:104AB0001377F70F9386C603E9B793F61700E1FE65
:104AC000050585831375F50FE9B7797156CAAA8A6A
:104AD0002E8526D24AD04ECE52CC5AC85EC662C46B
:104AE00006D622D4AE84328B368CBA8B3E8AC289EB
:104AF0004689EFF07FC649E141657D15EFF0DFC5DE
:104B00002A84554531CC1946DE8513056400A3027D
:104B1000840197C0FE1FE7802062835701032311A1
:104B20009400230264012319F400835741032300F6
:104B3000540123260402231AF400230644012317F8
:104B4000340123182401EFF09FF22318A402232A32
:104B500004022685232C04028145EFF01FB2014593
:104B6000B250225492540259F249624AD24A424BFC
:104B7000B24B224C456182804545DDB7938781B9B0
:104B800098439716FF1F83C6665D81476395F600BD
:104B900041657D1582803A861307C703835547FF19
:104BA0006395A500035526008280850793F7F70FCC
:104BB000F1BF938781B9944341661718FF1F0348DB
:104BC000E85901477D16954811436314E8000145F3
:104BD000828083D7260036856380C704CC5A8DCD6A
:104BE00083C7350083C5250089CD938597FD93F54F
:104BF000F50FE37FB3FC9387D7FA93F7D70F89EFCD
:104C000082809385F7FD93F5F50FE3F3B8FC938766
:104C1000D7FA93F7D70FCDDF05071377F70F9386F2
:104C2000C60365B7938781B9416698439715FF1FFF
:104C300083C5C55281477D1625486394F50001451B
:104C40008280835627003A85638CC600545B89CAEC
:104C500083C636009386E6FD93F6F60FE372D8FE20
:104C6000850793F7F70F1307C703C1BF011122CCC4
:104C70002A84494506CEEF800FB015C12AC6228589
:104C8000EFF09FAD09CD6244324683550503F240F3
:104C90001715FF1F0345354C05616F604FE0F2406B
:104CA00062440561828039714ED652D4AE892A8A17
:104CB00093053005414526DA4AD856D206DE22DC75
:104CC00032C63689BA8A97D0FE1FE780C03ACD44F3
:104CD00031C92A8489446382090432468145231AF2
:104CE000C100414697C0FE1FE78080485686CE85AA
:104CF000228597C0FE1FE78020442146630E0902EB
:104D0000CA85280897C0FE1FE7800043A286500886
:104D10002C085285EF30D04CAA84228597D0FE1FF4
:104D2000E780C041F250625426854259D254B259AC
:104D3000225A925A216182808145280897C0FE1F1D
:104D4000E7800043E1B7411122C4405926C206C69C
:104D5000AA8429CC085409C597D0FE1FE780003EDD
:104D6000285809C597D0FE1FE780403D685809C5FF
:104D700097D0FE1FE780803C285C09C597D0FE1FB6
:104D8000E780C03B685C09C597D0FE1FE780003B09
:104D90000325040809C597D0FE1FE780203A228525
:104DA00097D0FE1FE780803923AA0402224483D5CE
:104DB0000403B24092441715FF1F0345D539410142
:104DC0006F606FEF411126C206C622C4AE84EFF0B9
:104DD000BF9821C54C592A84A9C183A8C50703A837
:104DE0008507FC59B85983C6650003D6050083C5FD
:104DF00025002685EF804FA02285EFF0DFF4EFF04D
:104E00007FE201CD2244B24092441715FF1F0345B3
:104E10009534854541016F604FB1B24022449244C0
:104E200041018280011122CC06CE2A842EC6EFF0E9
:104E3000BF925C5991CF83D70700B245639A870030
:104E400085476397F5006244F24005616FF0BFEF5C
:104E5000F240624405618280411106C622C426C226
:104E6000EFF03FD529C14059AA8415CC83472400CF
:104E700085CB938701BA9C4389C7DC4399C32285BC
:104E80008297034734009307F002631EF700224421
:104E900003D52400B2409244814541016FF09FF256
:104EA000938741BAC9BFB2402244924441018280F3
:104EB000411126C24AC006C622C4AA842E89EFF038
:104EC000BF8931C1405945CC835704006399970A83
:104ED00083473400130710026399E70883472400CF
:104EE000D1C37C540327040883D7470105E713F790
:104EF00017000DC3185403574700058B01CF9307C4
:104F00002002A301F400B240224492440249054524
:104F10004101828013F7270009CB1854035747003B
:104F2000098B01C793074002E9BF918B89CB1C54C1
:104F300083D74700918B81C793076002D9B79387C6
:104F400001BA9C43E9D3DC43DDDF22858297034726
:104F500034009307F0028145E317F7FA2685EFF056
:104F60007FE655B7938741BAE9BF1307A00263985C
:104F7000E7006304090013092003CA85C5B7631C51
:104F800009002685EFF04FFD19C58347450093E7DB
:104F900007012302F500A6854A85EF701F9AA5B781
:104FA000797126D29947231DB100AA842E858D459B
:104FB00022D406D632C636C4231CF100EFE08F9609
:104FC0002ACE4D441DC13246A246AA85328582961C
:104FD0002A8419E52C082685EFF0EFA52A8411C54F
:104FE000724597D0FE1FE78060152685EFF01FC839
:104FF0002285B2502254925445618280411122C4CC
:105000002E862E849726000093862692894506C612
:1050100026C24AC02A89EFF0BFF883450400AA845B
:105020004A85EFF03FDAB240224426850249924495
:1050300041018280938741BA9C4395CB9C4385CBA9
:105040001D71A2CC86CE984110082A843AC8D84156
:1050500085453ACA829701C92306A1000355240059
:105060006C00EFF0BFF9F6406644256182808280D3
:10507000AE8715C5785505C7834607002380D50040
:1050800083461700A380D500834627012381D500DE
:1050900083468701584BA381D500D8C18280414601
:1050A00081453E8517C3FE1F6700830C938701BAB5
:1050B0009C4391C703A38700630303000283094550
:1050C0008280138781C018431DC75843AA870545AE
:1050D0000DC703A50708411106C69306050213066E
:1050E000050C93050506130505040297B2401375D8
:1050F000F50F410182800545828082804DC935715E
:1051000022CD2A840355050026CB4AC94EC756C373
:1051100006CF52C55AC1DEDEB68AB2892E89EFF0BB
:10512000AFE3AA8439C50C182285EFF07FF48347DA
:105130002400138A6400A9CBEF708FD92A8B014514
:1051400083CB5400EF708FD6AA840C100818EF1090
:10515000405F08542C10EF10605FD288268A56C03A
:105160005E88D2875A8714103010CE854A85EF208A
:105170001019FA406A44DA444A49BA492A4A9A4A12
:105180000A4BF65B0D618280EF708FD4AA8B0145CC
:1051900003CB5400EF708FD12ACE08540C10EF10BF
:1051A000405A2C100818EF10605AF2484DBF828008
:1051B000C14709CD1455C14791CA785501CB83C762
:1051C0003600BD4663F4F600834787013E85828042
:1051D00089476309051063870510411106C622C47B
:1051E00026C2834715002E842380F50083472500BF
:1051F000A380F500834735002381F50083474500F0
:10520000A381F50083475500858B9396870083D74C
:10521000450093F7F7EFD58F2392F50083465500AD
:1052200093F7F7DFA20693F60620DD8E2392D500D2
:105230000347550093F6F6BF220713770740558FB3
:105240002392E50083475500FD769386F67F8D8790
:10525000858B758FAE07D98F2392F5008346650045
:10526000F99B858ADD8E2392D500034765009377ED
:10527000270013F7D6FF5D8F2392E5008347650073
:1052800093F647009377B7FFD58F2392F500034736
:105290006500DD9B4D45218BD98F2392F500EF7082
:1052A0009FCDAA845145EF701FCD0347340093F47E
:1052B000F40FC947636297021375F50F636EE5003B
:1052C000834604001147E1476368D7008346140012
:1052D00005476363D7008147B240224492443E852C
:1052E000410182803E85828015C1AA8709458DC112
:1052F00041112E8541469385170006C697C0FE1FB3
:10530000E78080E3B2400145410182800945828007
:10531000828089471DC595C5411106C60347150002
:10532000AE8719462380E5009305250013851700F5
:1053300097C0FE1FE78040E0B24081473E854101B3
:1053400082803E85828015C1AA8709458DC14111A1
:105350002E8541469385170006C697C0FE1FE7803D
:10536000A0DDB240014541018280094582808280F2
:1053700089471DC995C9411106C6034725008346C3
:105380001500AE872207558F2390E500214693052F
:1053900035001385270097C0FE1FE780E0D9B24093
:1053A00081473E85410182803E85828015C1AA8762
:1053B00009458DC141112E8541469385170006C6CA
:1053C00097C0FE1FE78040D7B2400145410182806F
:1053D000094582808280894719C991C90347150010
:1053E000BD46E14763E5E6002380E50081473E8551
:1053F000828015C1AA8709458DC141112E8541467C
:105400009385170006C697C0FE1FE780E0D2B24022
:1054100001454101828009458280828015C1AA87A9
:1054200009458DC141112E8541469385170006C659
:1054300097C0FE1FE78040D0B24001454101828005
:105440000945828082801DC1AA87094595C1411105
:105450002E85130600049385170006C697C0FE1F0D
:10546000E78080CDB24001454101828009458280BC
:10547000828015C1AA8709458DC141112E854146FB
:105480009385170006C697C0FE1FE780E0CAB240AA
:105490000145410182800945828082801D71A2CC34
:1054A0002A84084586CEA6CA230601008344050047
:1054B00035479387F4FF93F7F70F636AF70C178765
:1054C00001001307E7AE8A07BA979C43BA97828711
:1054D0000C08EFF0FFCFC9476312F5029947230686
:1054E000F100035524006C00EFF05FB1F640664414
:1054F000D644256182800C08EFF05FEB29C9834711
:10550000C100E5F303552400EFF04FF6C5B70C08D2
:10551000EFF03FEEE5B70C08EFF0FFEBC5B70C0876
:10552000EFF09FDCE1BF0C08EFF09FE4C1BF0C0877
:10553000EFF07FE1E1B70C08EFF0BFDDC1B70C0879
:10554000EFF0DFED65BF834715002308F100035539
:105550002400EFF06FA0A14705C10347C500631AFF
:10556000F702938701BA98439D4719C7184309C7A3
:105570001008A6850297AA872306F10049B70C08F0
:10558000EFF07FECA5BF0C08EFF0BFEE85BF9D47A5
:10559000B9B7938741BAC1BF011122CC06CE26CA42
:1055A0004AC84EC603470500930720092A8463179B
:1055B000F7128347150039476391E70A8356450080
:1055C0000967610781476393E6109389C1B903A511
:1055D0000900CE84630C050E0C4403C90500631E4C
:1055E00009008347050085052146A9CB290597C0F9
:1055F000FE1FE78060B49C40B9CF4945EF50EFFCF7
:105600002A840DC5930710FC2300F500A300250193
:105610008C4009054146890597C0FE1FE780C0B14F
:105620009C40A28503C51700EF501F85884097D086
:10563000FE1FE780A0B023AE01B831A8090597C0CE
:10564000FE1FE78060AFEF30603905494DF583A755
:10565000090023802701854795A81307E003639D70
:10566000E708034725009547631EF70203554500E9
:10567000EFF06FAF9147E310F5FE938741BA9C437B
:10568000F9DB03A38700E30803FC0356E40003559A
:105690004400930564006244F240D2444249B24956
:1056A00005610283A147631EF7008345640003552B
:1056B00044006244F240D2444249B24905616FF06D
:1056C0002FFF930600038147E301D7FEF2406244B7
:1056D000D2444249B2493E85056182809306000A60
:1056E0008147E315D7FEEFF07FDB08442DD597D037
:1056F000FE1FE780A0A485B78147C9BF011126CA54
:1057000006CE22CC89441DCD95CDAA842E84680076
:105710008D45EF60DFCA8347E1002685228693F737
:10572000F70393E707046C002307F100EF20203410
:10573000AA8409E90D466C001305340097C0FE1FCA
:10574000E780809FF24062442685D24405618280D2
:105750005D714EDE86C6A2C4A6C2CAC052DC56DA4D
:105760005AD85ED6894945CD5DCA138B4500420B98
:10577000135B0B01AE8A2A8A930530055A85B284E1
:1057800097D0FE1FE780208F2A84CD4949C9EF605A
:105790005FF62A895686D285935A8900135A0901E1
:1057A000937BF90F1305440093FAFA0F137AFA0F5B
:1057B0001359890197C0FE1FE780E0A3A30174017C
:1057C00023015401A300440123002401EF60BFF131
:1057D000AA854146080897C0FE1FE780C0A121475F
:1057E00034005A86A2850808EF20004FAA891DE1DF
:1057F00021462C0023807401A3805401238144019D
:10580000A38124011385440097C0FE1FE780A09E5A
:10581000EF601FEF228597D0FE1FE7802092B640F1
:1058200026444E8596440649F259625AD25A425B42
:10583000B25B6161828001114AC82A892E8506CE39
:1058400022CC26CA2EC6EFE03FF171C5405971C483
:10585000834754000947B24593F6B70F6387E600C4
:1058600011471305E00F6392E708835704000945C9
:10587000639DB706930484004146CA85268597C078
:10588000FE1FE780608B4146CA851305840197C0DF
:10589000FE1FE780608A0347340085469307F7FEC2
:1058A00093F7F70F63E9F6041306C4033285C14585
:1058B00032C6EF60DFB032469306C402A685228569
:1058C000EFF0DF838347240089CB22856244F240D6
:1058D000D244424905616F10400E03473400C94766
:1058E000E305F7FEA301F4000145F2406244D2440F
:1058F000424905618280930710050145E317F7FED1
:1059000083472400FDD322856244F240D2444249B9
:1059100005616F1000110945C9BF4945F9B729CD87
:10592000011126CA06CE22CCAA840945A9C10D467A
:1059300028002E848D0597B0FE1FE780E07F834707
:10594000A10070002C0093F7F70393E70704268566
:105950002305F100EF20A01119E90D46A28568008A
:1059600097C0FE1FE78040867D153335A000F240CA
:105970006244D2440561828009458280011152C48B
:105980002A8A32854EC656C25AC006CE22CC26CAB4
:105990004AC82E8BB28AB689EFE01FDC09ED894434
:1059A000F240624426854249D244B249224A924A90
:1059B000024B056182805C592A89C544F5F34D4547
:1059C000EF706FDB1374F50F5145EF70CFDAE3889A
:1059D00009FC83C78901E3E487FC1375F50FE360D5
:1059E000F5FC930530051305400897C0FE1FE780BE
:1059F0008068232AA9022A84CD445DD11306400879
:105A0000814597B0FE1FE780A076A3010400230123
:105A10004401230264012310540123263407232464
:105A20000402A30204008144E30C0AF62285EF007D
:105A3000D072AA8435D54A85EFF0EFB095B73971A9
:105A400022DC06DE26DA4AD84ED652D456D25AD0B6
:105A50005ECE62CC66CA0944630B06106309071068
:105A6000AA8B3A89368BB28A2E8CEFE0FFCE2A8A37
:105A70005144630E050E93053005414597C0FE1F46
:105A8000E780605FAA894D447DC183441900834744
:105A90002900A204C207BE9483470900BE9483472D
:105AA0003900E207BE9483278A0263E697007D5798
:105AB00009446399E70A63070C0083474A000544D9
:105AC000898BCDC3930C4B00214681450A85C20CBE
:105AD00097B0FE1FE780C06993DC0C019305300589
:105AE000668597C0FE1FE78000592A8C4D443DC94A
:105AF0005A86D685110597B0FE1FE780C06F114604
:105B0000CA85628597B0FE1FE780E06E4146930527
:105B10008A014E8597B0FE1FE780E06D21478A8697
:105B20006686E2854E85EF20201B2A841DE52146EE
:105B30008A85280097B0FE1FE780E06B2146930519
:105B40004900280097B0FE1FE78000688547631E64
:105B5000F502A6855E85EF702FF8628597C0FE1F5F
:105B6000E780C05D4E8597C0FE1FE780205D2285DF
:105B7000F2506254D2544259B259225A925A025B9C
:105B8000F24B624CD24C216182800544F9B77971A5
:105B90009397050122D406D626D24AD04ECEC1878D
:105BA0002E8463D507041705FF1F0345D55AEF5010
:105BB0002FA62AC605C1EFF03F9EB24509E9170599
:105BC000FF1F034545599307F00F631EF5002E850F
:105BD000EF50EF9C2165218DB2502254925402590E
:105BE000F24945618280EF502FA9EDB793F7150078
:105BF00091C7EFF06FA613451400F9BFA1E101456D
:105C0000E1BF850493F4F40FEFE01FCEE3F9A4FEA7
:105C1000339599001319050113590901B37724012C
:105C2000EDD34A85EFE09FF5C167FD176305F500E9
:105C3000DD45EFF02F993345240179BF854485492F
:105C4000E1B723AE01B823A001BA23A201BA970796
:105C5000FF1F9387A74E170700001307676198C3BC
:105C6000170700001307A731D8C317F7FFFF130763
:105C7000C70398C79707FF1F9387074D17170000A3
:105C80001307675798C3171700001307870ED8C369
:105C9000171700001307C73B98C782809707FF1F9D
:105CA00083C7874BA18B1707FF1F1307274991E372
:105CB000014723A0E1BA014582809707FF1F83C7F0
:105CC000A749918B1707FF1F1307074891E3014767
:105CD00023A2E1BA01458280011106CE2AC6EFF067
:105CE0005FF6324599459707FF1FA386A746EFD079
:105CF0008FBEF24017F5FFFF1305051305616FE036
:105D00005FBF1C5581C7A1473E858280011122CC0F
:105D100026CA2A84AE84130500049305300506CEF6
:105D200097C0FE1FE780203508D4630505101306D1
:105D30000004A68597B0FE1FE78000407854834793
:105D4000270193F68700638E0610145483C626003D
:105D5000A18A6388061083270408E9EF93053005BC
:105D60001305001097C0FE1FE780E0302320A40831
:105D70008D4771C1A3020400785483C71400834681
:105D8000170081EF81EE83C72400918BDDEB834701
:105D90002701918BDDE7854711A889C62147A3021A
:105DA000E40099C78347540093E70701A302F40076
:105DB0006C5483C72501858B91CF1C54054783C73D
:105DC00027008D8B6398E7008347640093E71700F3
:105DD0002303F4008327040899C78347640093E7EB
:105DE00087002303F4008347540005476398E70CBA
:105DF0009304840041468145268597B0FE1FE780C5
:105E00002037414681451305840197B0FE1FE78086
:105E100020361306C4033285C14532C6EF602FDA3F
:105E2000832704083246BDC72285EF00903F9307C1
:105E3000000525CDA147F2406244D2443E8505616C
:105E4000828083C704008346070015473387E70233
:105E5000977701009387071BBA97B69783C7070008
:105E6000B1B783C6140091C68346170099C2E147B3
:105E700035BF83C62400D58F918B91DF83C7040083
:105E80008346070015473387E7029777010093871A
:105E9000A715D9B722859306C402A685EFF00FA6F1
:105EA0002285EF00903159F5C14703550400A30145
:105EB000F4008145EF700FAD8147B5BF13F787013F
:105EC00049C3C18B930484004146A9CB890526852B
:105ED00097B0FE1FE78040264146814513058401A7
:105EE00097B0FE1FE780C028834764001306C403F1
:105EF000328593E747002303F400C14532C6EF60C3
:105F00000FCC8327040832468DC32285EF00703101
:105F10009307200505F1A301F40079BF814526858B
:105F200097B0FE1FE780C02445BF9306C402A68534
:105F30002285EFF0AF9C2285EF003028CD4761DD50
:105F4000D5BD094785456388E70093F7D70F11470B
:105F50006397E700894503550400EF70AFA28347BC
:105F6000640093E747002303F4008327040881C7F4
:105F7000930710054DB7C54779BF83472500638256
:105F80000726797122D406D626D24AD08347350017
:105F9000130750052A84639EE7060349750013061C
:105FA000C503C14593573900AA97328583C487003A
:105FB00032C6EF60CFC0938781C09C43A9C79C477E
:105FC000B9C30325040893767900B3D6D44032468A
:105FD000858A93050504180893E606081305050845
:105FE00082971375F50F05E141460C081305C402AD
:105FF00097B0FE1FE78040142285EF00101C930726
:106000006005A301F400B250225492540259456134
:106010008280130710026395E7021C5503270508C9
:1060200083D7470069EB13F7071071C778550357FB
:1060300047011377071061C393077002A301F400AF
:106040008347340013077002639FE70C3C5885E3D5
:1060500093053005714597C0FE1FE780C00128D821
:1060600019C57146814597B0FE1FE780601024581E
:10607000B9C883C7A40191E72285EFF06F93238D00
:10608000A40028588145414697B0FE1FE780400E86
:1060900028583D478345A5019387F5FF93F7F70FF0
:1060A0006364F700EF60AFB1EF40BFF53C58A14526
:1060B0002398A70013852701EF606FB02C58035574
:1060C0000400EF00D0409307800203550400A301B1
:1060D000F400EFE06FE8414611C58357E50013D6A1
:1060E00017003E96060685451705FF1F0345B506B2
:1060F000EF50EF9A09BF13F7072011CB78540357DD
:1061000047011377072001C79307900205BF93F754
:1061100007409DD77C5483D7470193F707408DD321
:106120009307B00221BF13078002639BE7023C582C
:1061300089CB83D507010355040013862701EF009F
:10614000903E1C5483D7470013F707202DC3785483
:10615000035747011377072039CB93079002B5B750
:1061600013079002639CE700EF602FD7AA850355C1
:106170000400EF00503A9307A00281BF1307A0026A
:106180006393E704EF60CFD4AA8585470145638414
:10619000F500814505452EC6EF604FD12A86B245F0
:1061A00003550400EF00B0331C5483D7470093F726
:1061B00007408DC77C5483D7470193F7074099CF99
:1061C0009307B00219B71307B0026399E700EF60B5
:1061D0008FD1AA8503550400EF0070389307F002B1
:1061E0000DB58280411122C4405926C206C67C5496
:1061F000AA8483D7470113F7071019C71854035708
:106200004700137707101DE313F7072019C7185429
:10621000035747001377072011EB93F707408DCF03
:106220001C5483D7470093F707409DC7930710027C
:10623000A301F4002285EFF05FD4034734009307F5
:10624000F0026310F702224403D52400B2409244C6
:10625000814541016FE01FB79307F002A301F400ED
:10626000DDB7B2402244924441018280397122DC80
:10627000405926DA4AD84ED606DEAA89AE8432893B
:106280006300043E03552500835704006384A70080
:10629000A14429A08347240091EB9D44F25062540D
:1062A00026854259D254B259216182809387E5FFF5
:1062B00093F7F70F2D47E362F7FE177701001307F7
:1062C00027D68A07BA979C43BA978287B2852285D8
:1062D000EFF03FA3AA84D9B74146CA851305C40489
:1062E00097B0FE1FE78040E522851127AA8411C1DF
:1062F000A14483473400130740056397E7009307E1
:106300009005A301F40059BF130760056395E700EA
:106310009307A005FDB7D147EDB79309C4054E8596
:106320004146CA8597B0FE1FE78000E103250408B7
:106330004DC983473400130790056399E700228510
:1063400089279307E005A301F40051A81307A005CE
:106350006393E7088347740013D737002297834677
:1063600087009D8BB3D6F640938781C09C43858A76
:1063700093E606F893F6F60F81DF9C4791DB9305D1
:10638000050818084E861305050482979374F50FC7
:10639000E39004F041460C081305C40497B0FE1FB7
:1063A000E78080E2834774004D47850793F7F70F36
:1063B000A303F4006377F7002285E1259307E00546
:1063C00089B785451705FF1F0345F5D8EF40FFD571
:1063D000930750053DB71307C005E382E7F68144F4
:1063E00075BD130984004E86CA8522851408EFE026
:1063F000FFD041469305C404080897B0FE1FE7800C
:10640000A0DCE30D05E88A861306C403CE854A8521
:10641000EF10300315E12285EFE09FD99707FF1FAA
:106420009387C7D12A879C470355040081460146BC
:106430008A858297AA8411C1A14493072002D1B50D
:1064400083450600EFE01F9859BF034734009307C8
:106450002002E314F7E47C5889EB9305300571457D
:1064600097C0FE1FE78020C168D86858E30705E29F
:106470004146CA8597B0FE1FE78000CC645822854C
:10648000EFE01FD3238DA400930730026DBD0347B7
:10649000340093073002E312F7E083570600685890
:1064A0002146930529002318F500490597B0FE1FE2
:1064B000E78080C87C5483D7470113F7270035CB8A
:1064C000185403574700098B2DC793074002A5BDF9
:1064D0000347340093074002E311F7DC3C5C81EB97
:1064E00085455D4597C0FE1FE780E0B828DC285C45
:1064F000E30705EE834709004146CA85230BF500F3
:1065000097B0FE1FE78040C3930750022DBD03479D
:10651000340093075002E312F7D8285C194693051C
:106520001900410597B0FE1FE78000C17C5483D756
:106530004701918B9DCF1C5483D74700918B95CBFE
:106540009307600209B57C5C89EB930530055145E2
:1065500097C0FE1FE78020B268DC685CE30A05D2C2
:106560004146CA8597B0FE1FE78000BD7C5C7D5721
:1065700098CB4E85EFF01FC79DB503250408130681
:106580000004CA851305050497B0FE1FE780C0BA52
:106590002285EFE01FB3834734001307000563959E
:1065A000E7009307400545B313071005639CE70018
:1065B00085451705FF1F034515BAEF401FB7930721
:1065C000500551B313072005E39BE7E0938781C093
:1065D0009C43E38F07CA9C47E38C07CA83250408C2
:1065E00093048400180893850508814626862E8525
:1065F0008297035504001008A685EF609FC193079A
:10660000B00591B3034734009307E005E317F7C8DB
:106610008325040841464A8597B0FE1FE780C0BA2B
:10662000AD44E30D05C6032504084146CA8597B06D
:10663000FE1FE78060B02285EFE09FB79707FF1F3E
:106640009387C7AF2A879C472C580355040081467F
:1066500001468297AA8411C1A1449307100255B143
:10666000AD47E39EF5D68346060083552500130605
:10667000650003450500EF60EFBC95B3894761C233
:10668000DDCD2300A60083C70500A300F60083C765
:1066900015002301F60083C72500A301F60083C778
:1066A0003500A30206002302F60083D74500A1832C
:1066B000858BA302F60003D745001377072009C78F
:1066C00093E72700A302F60083D7450093F707401E
:1066D00099C78347560093E74700A302F60083D784
:1066E000450013974701635807008347560093E717
:1066F0008700A302F6002303060083C74500858BAD
:106700002303F60003D74500098B09C793E7270049
:106710002303F60083D74500918B99C78347660012
:1067200093E747002303F60003D745008147218BF9
:1067300019C703476600136787002303E6003E85F9
:1067400082802E86AA8505456FF05FF32E86AA8586
:1067500009456FF0BFF289478DC505C5411106C6D1
:10676000AE870D47AA852380E700138517004146B1
:1067700097B0FE1FE780409CB24081473E854101B3
:1067800082803E85828089478DC505C5411106C638
:10679000AE871147AA852380E7001385170041467D
:1067A00097B0FE1FE7804099B24081473E85410186
:1067B00082803E85828089478DC505C5411106C608
:1067C000AE871947AA852380E70013851700414645
:1067D00097B0FE1FE7804096B24081473E85410159
:1067E00082803E85828089479DCD15CD411106C6A8
:1067F0001D472380E50003570500AE872146A3808F
:10680000E5000357050021832381E500930525005A
:106810001385370097B0FE1FE7800092B240814792
:106820003E85410182803E85828089478DC505C5B0
:10683000411106C6AE872147AA852380E70013854C
:106840001700414697B0FE1FE780008FB240814796
:106850003E85410182803E858280894795C90DC968
:10686000411106C625472380E50003470500AE8792
:106870001946A380E500930515001385270097B0FE
:10688000FE1FE780608BB24081473E8541018280D8
:106890003E85828089478DC505C5411106C6AE87F4
:1068A0002947AA852380E70013851700414697B042
:1068B000FE1FE7806088B24081473E8541018280AB
:1068C0003E858280894795C50DC5411106C6AE87B4
:1068D0003147AA852380E7001385170013060004BB
:1068E00097B0FE1FE7804085B24081473E85410159
:1068F00082803E85828089478DC505C5411106C6C7
:10690000AE873547AA852380E700138517004146E7
:1069100097B0FE1FE7804082B24081473E8541012B
:1069200082803E858280894791C909C99547238025
:10693000F50083470500A380F50081473E858280EE
:10694000894791C909C9AD472380F50083470500F0
:10695000A380F50081473E85828015C55D718A85DB
:1069600086C6A2C42A84EFE0AFF0035504000A866D
:1069700097060000938626DD9D45EFE06FE2B64066
:106980002644616182800545828015C55D718A85D6
:1069900086C6A2C42A84EFE0AFED035504000A8640
:1069A000970600009386C6DA9D45EFE06FDFB6409C
:1069B000264461618280054582805D71A2C4930591
:1069C000C5022A8441460A8586C697A0FE1FE78035
:1069D000A076035504000A86970600009386E6D742
:1069E000C545EFE0EFDBB6402644616182805D7112
:1069F000A2C49305C5032A8441460A8586C697A08A
:106A0000FE1FE7806073035504000A8697060000A6
:106A10009386A6D7C545EFE0AFD8B640264461615E
:106A20008280938781C09C43B1CB9C435D71A2C49B
:106A300086C62A841305E00F95CF03250408930525
:106A4000050C130505088297832504081306000426
:106A50000A859385050897A0FE1FE780E06D035522
:106A6000040097060000938626E60A869305100424
:106A7000EFE00FD3B6402644616182801305E00F3A
:106A80008280317122DD2A840355050026DB06DF72
:106A90004AD94ED752D556D35AD15ECF62CDEFD018
:106AA000BFCB3C58AA8489EB93053005714597B05C
:106AB000FE1FE780405C28D82858CD470DC9714695
:106AC000814597A0FE1FE780A06A0329040722855D
:106AD000EFE00FEE230DA90083472400138981C046
:106AE000638A07128327090085E39307E00FFA50B2
:106AF0006A54DA544A59BA592A5A9A5A0A5BFA4BD2
:106B00006A4C3E852961828083AB0701E38F0BFCD1
:106B1000032B0408EF50DFBB2A8C0145EF501FB94F
:106B200083C754003858130B0B029309C403130A8C
:106B3000C405938A64003AC0B337F0002A879308EB
:106B400001045688B33680015286CE855A85829BD1
:106B50001C5403C727002307E10203C71700A3063D
:106B6000E10283C707002306F10283270900B5DF8E
:106B700003AB4701E30B0BF683C75400B337F000B8
:106B80003ECEEF50FFB4AA8B0145EF503FB2032732
:106B90000408F2472AC03AC2B33870015688781008
:106BA000930684004E86D2858800029B7C5403C7DE
:106BB00027012305E10203C71700A304E10283C7ED
:106BC00007002304F1028327090003A94701EF50BE
:106BD0003FB02A8B0145EF507FAD83C854009C081D
:106BE0002A883EC2B3381001B337600138109306CB
:106BF00084015286CE8556C0880002990355040050
:106C000097060000938666CF9008C545EFE04FB920
:106C1000AA87F1BD83C6540083270900032B04080B
:106C2000B336D00083AB070136CEEF507FAA2A8C53
:106C30000145EF50BFA73C58F246130B0B02130A55
:106C4000C4059309C403938A64002A889308010445
:106C50004E86D2853EC05687B33780015A85829BC7
:106C60001C54130B010303C727002307E10203C7CA
:106C70001700A306E10283C707002306F10283275A
:106C8000090083AB470183C75400B337F0003ECE01
:106C9000EF501FA42A8C0145EF505FA1F2472AC094
:106CA000B338800156887810930684004E86D285CA
:106CB0005AC28800829B8325040841465A8597A0C2
:106CC000FE1FE7806050AD47E31205EE0DB52E863E
:106CD00097060000938666AEC5456FE06FAC5D71A8
:106CE000B287A2C42300B1002A84BE851305110017
:106CF000194686C697A0FE1FE78000440A862285B3
:106D0000970600009386A6B5A145EFE06FA9B640AF
:106D10002644616182802E8697060000938626B104
:106D2000C5456FE0EFA75D71B287A2C42310B10023
:106D30002A84BE8513052100214686C697A0FE1F22
:106D4000E780803F0A862285970600009386E6A9A1
:106D5000AD45EFE0EFA4B6402644616182802E8607
:106D600097060000938646B3C5456FE06FA379711F
:106D700022D406D626D283473500130730052A844D
:106D80006383E708130750056395E7089307A00599
:106D9000A301F50083477500C14513D737002A9733
:106DA000834687009D8B1305C503B3D6F640858ABD
:106DB00093E606F893F6F60F36C6EF504FE0B2466C
:106DC000938781C09C439DCB9C478DCB03250408B2
:106DD00018081306C40393050504130505088297D4
:106DE0001375F50F01ED1305C40241460C0897A079
:106DF000FE1FE78060342285EFF03FBCB250225482
:106E000092544561828093079005A301F500814665
:106E100045BF130710026396E7027C550327050858
:106E200083D747016314070E13F717006300070E9B
:106E3000185503574700058B71CB93072002A30118
:106E4000F4008347340013072002639BE70E3C588D
:106E500089EB93053005714597B0FE1FE780A021AF
:106E600028D82458BDCC2285EFE08FB4238DA40010
:106E700028588145414697A0FE1FE780602F28587B
:106E80003D478345A5019387F5FF93F7F70F636BA4
:106E9000F70283C701BFD5C341468145080897A0C3
:106EA000FE1FE780E02C194697F5FE1F9385851E8F
:106EB000080897A0FE1FE780202830580C082E8570
:106EC000EF402002EF40EF933C58A1452398A700E4
:106ED00013852701EF50AFCE2C5803550400EFF077
:106EE0001FDF9307300203550400A301F400EFD025
:106EF000BF86414619C10356E5000606854517F5CC
:106F0000FE1F03455525EF408FB9CDBD13F7270070
:106F100009CB185403574700098B01C79307400258
:106F200039BF918BE38F07F01C5483D74700918BB7
:106F3000E38907F09307600219B7EF504FC859B7BC
:106F400013073002639AE7023C5889CB83D50701C7
:106F50000355040013862701EFF0FFDC7C5483D730
:106F6000470113F7270021CF185403574700098B17
:106F700039C79307400285BF13074002639CE700AF
:106F8000EF50AFF5AA8503550400EFF0DFD8930763
:106F9000500291BF130750026390E704EF504FF384
:106FA0000DE9814505452EC6EF504FF02A86B245C2
:106FB00003550400EFF0BFD27C5483D74701918B77
:106FC0009DC71C5483D74700918B95C393076002DC
:106FD00019BF85450145C1BF130760026399E700EA
:106FE000EF506FF0AA8503550400EFF05FD77C5493
:106FF0000327040883D7470119EF13F7071001CFC0
:107000001854035747001377071011C793077002EE
:10701000A301F400E5B313F7072011CB185403576D
:1070200047001377072001C793079002D5B793F75E
:10703000074091CB1C5483D7470093F7074081C783
:107040009307B002F1B79307F002D9B7397122DC88
:1070500026DA4ED652D406DE4AD8AE89328AAA84BF
:10706000EFD08FEF4059414681450A8597A0FE1F1A
:10707000E780001025C803590400631599060347EB
:10708000340093071002631FF7028327040899CF87
:107090002C58A9C94A85EF10B0150545F250625425
:1070A000D2544259B259225A216182808A861306EB
:1070B000C4059305C40313058400EF0090381DE157
:1070C0008A85C9BF2C5899CD83D70501639C470198
:1070D0002146C9054E8597A0FE1FE780E00E19C125
:1070E0002C584DBF2685EFD02FE72A8405455DD467
:1070F0004C54B9C583D70501639447052146C9059A
:107100004E8597A0FE1FE780200C8547631AF50285
:1071100083C7B18A91C74C5483C7B5016396A70C46
:10712000BD452685EF10D00797F7FE1F938787E3AD
:107130009C5B0145A5D71D45894582970145B9BF8F
:10714000938731BE03C7070097F9FE1F938989E132
:107150003E89058B15CF0347540083C7C1BD631912
:10716000F70219469385D1BD1305640097A0FE1F51
:10717000E78080058547631DF50083A7090381C764
:1071800091451D458297BD452685EF10700131B7A9
:1071900003C701BF83A7090331CB03470900098B4C
:1071A00009CB81C795451D4582972685EF10900430
:1071B000EDB581C78D451D4582974146814508083B
:1071C00097A0FE1FE780C0FA194697F5FE1F93852A
:1071D00065EC080897A0FE1FE78000F60C082E85D6
:1071E0000A86EF3010508A85268575B58545C5FF1E
:1071F0006DBF797122D440594AD04ECE52CC06D6BA
:1072000026D2AA892E8A3289630C046A0355250086
:1072100083570400638CA700A144B25022542685F2
:1072200002599254F249624A4561828083442400A3
:1072300099C09D44DDB79387F5FF93F7F70F31476A
:10724000E369F7FE17670100130787E08A07BA971B
:107250009C43BA9782871C54E1F3930530051305CC
:10726000000497B0FE1FE78000E108D455D503471E
:107270000900914763F4E7008D4445B703471900BF
:107280008547E3EBE7FE13060004CA8597A0FE1FBF
:10729000E78080EA0C547054A3020400D4415C4A95
:1072A000858AFD8E83574601F99BD58F231AF600F8
:1072B000D841544AF59B0583058B8582F98E860655
:1072C000DD8E231AD600DC41584AED9A8983858BDE
:1072D00009837D8F0A07558F231AE600D4415C4A43
:1072E0005D9B8D82858A8D83F58F8E07D98F231ABA
:1072F000F600D841544A93F7F7EF2183058BA1821A
:10730000F98EA206DD8E231AD600DC41584AA583E9
:10731000858B25837D8F9317970013F7F6DF5D8F9D
:10732000231AE600D4415C4AA982858AA983F58F95
:107330009396A7009377F7BFD58F231AF600D44111
:10734000584AAD82858A2D83758FFD769386F67FA8
:107350002E07F58FD98F231AF600834726010325C0
:107360000408A18B6387071083C72500A18B638264
:107370000710E31305EA930530051305001097B0D5
:10738000FE1FE78040CF2320A408E30705EE7C54CE
:10739000A30204000347190083C6170089EA45C306
:1073A0008347540093E70701A302F40029A0A147F3
:1073B000A302F40075F72285EFF02FDD6C5483C72C
:1073C0002501858B81CF1C5483C727008D8B99C7DE
:1073D0008347640093E717002303F400832704081E
:1073E00099C78347640093E787002303F40083472A
:1073F000540005476393E70C41468145130584001B
:1074000097A0FE1FE780C0D6414681451305840141
:1074100097A0FE1FE780C0D5C1451305C403EF4008
:107420001FFA032704089307000511E3C14703551A
:107430000400A301F4008145EF50DFD4F9BB03C77A
:107440002701118B19E703472900118B19E38547A1
:10745000A1BF83C707008346090015473387E702AA
:1074600097670100938707BABA97B69783C7070053
:1074700025BF19C597B0FE1FE78040CC2320040824
:107480007C5403C7170011C70347190019C3E1470C
:1074900021BF03C72701118B09E703472900118B7F
:1074A0005DD783C707001547834609003387E70286
:1074B00097670100938747B345BF13F7870131CF23
:1074C000C18B130584004146A9C3890597A0FE1FFF
:1074D000E78080C6414681451305840197A0FE1FC1
:1074E000E78000C983476400C1451305C40393E7DF
:1074F00047002303F400EF409FEC8327040881CF6B
:1075000093072005A301F40009BB814597A0FE1F46
:10751000E78000C6C1B7CD47F5B7094789456386FF
:10752000E70011476398E700854503550400EF50D5
:107530007FC521A01947E389E7FE8347640093E7ED
:1075400047002303F4008327040881C7930710052D
:1075500055BFC54745BF4146CA851305C40497A01A
:10756000FE1FE78060BD8347340013076005639CFE
:10757000E700854517F5FE1F0345F5BDEF30FFBA5F
:107580009307500541B745476383E7029306C4025A
:107590001306C403930584002285EFD03FB62285ED
:1075A000EFF0AFC1AA8411C1A144D147A1BFC9471F
:1075B00091BF9309C4054E854146CA8597A0FE1F19
:1075C000E78080B70325040871C983473400130797
:1075D00090056398E7002285EFF06FC19307E005FF
:1075E00015B71307A005639DE706938781C09C43E9
:1075F000E38107C403A88700E30D08C28347740032
:10760000930505084E8613D73700229783468700D7
:107610009D8B0A87B3D6F640858A93E60608130544
:107620000504029841468A851305C40497A0FE1FED
:10763000E78080B911E1D2842285EFF04FBB834708
:107640007400CD461307E005850793F7F70FA303F2
:10765000F40063E4F60013076005A301E40075BEBF
:107660001307C005E39BE7BA938781C09C43E3827D
:1076700007BC9C47E38F07BA9305050813098400EC
:107680000A8781464A862E858297035504000A861A
:10769000CA85EF501FB89307B005ADB58A864E86F0
:1076A000930584002285EFD07FA541469305C4044D
:1076B0000A8597A0FE1FE78020B18547D284E31E8C
:1076C000F5B42285EFF0AFB2AA84E31705B49307AF
:1076D00010020DBD0347340093077002E31BF7B49B
:1076E0007C5889EB93053005714597B0FE1FE78004
:1076F000809868D86858E30E05B2CA85414697A0BD
:10770000FE1FE78060A3032944072285EFD05FAA0C
:10771000230DA90093078002F5B3034734009307B4
:107720008002E318F7B08357060068582146930596
:1077300029002318F500490597A0FE1FE780C09F88
:107740007C5483D7470113F7072025CF18540357DC
:1077500047001377072035C79307900265B30347A7
:10776000340093079002E316F7AC3C5C89EB930579
:1077700030055D4597B0FE1FE780E08F28DC285C70
:10778000E30905AA4146CA8597A0FE1FE780C09A73
:107790009307A00285BB034734009307A002E31AB6
:1077A000F7A883470600285C194693051900230BA8
:1077B000F500410597A0FE1FE78000987C5483D711
:1077C000470193F70740B1C71C5483D7470093F78D
:1077D0000740A1C39307B00235B3034734009307B2
:1077E000B002E318F7A47C5C89EB930530055145A2
:1077F00097B0FE1FE780208868DC685CE30E05A078
:107800004146CA8597A0FE1FE78000937C5C7D57A8
:1078100098CB03D529008145EFD0CFDAFDBA0347D5
:1078200034009307F004E3F9E79E03250408E30519
:10783000059E13060004CA851305050497A0FE1FC4
:10784000E780808F2285EFF0CF9DAA842285EFD03C
:107850005F878347340013070005639FE70003D663
:10786000E900854517F5FE1F0345F58E0606EF3046
:107870001FA39307300579B1130710056395E7003F
:107880009307600541B113072005E398E798930734
:10789000C0058DB9034734009307E005E31EF79652
:1078A000032504084146CA8597A0FE1FE780C088CB
:1078B0002285EFF00F9DAA8419BD83450600A9BF5C
:1078C00085478144E39BF5940328460083473600AF
:1078D000034726008346160083552500034606000D
:1078E0000145EF50CF8C15BA8147C1463307F500EB
:1078F000B388F5000347070083C808003308F60083
:107900008507334717012300E800E391D7FE828003
:107910000147BD471308F00F3306F5008346060004
:10792000B388F500FD178606558F2380E8000347CE
:10793000060093F7F70F1D83E39007FF82808147CE
:10794000930800F8414893F6F70F3387F50063FC7E
:10795000C600B306F50083C606002300D7008507DE
:10796000E39307FF82806395C60023001701C5BF1C
:1079700023000700EDB701114AC856C22E89AA8A12
:1079800093053005414506CE22CC26CA4EC652C4C8
:10799000328A97A0FE1FE780006EAA849305300507
:1079A000414597A0FE1FE780006D2A84CD49A5C4FC
:1079B00031CD414681459790FE1FE780607B26864A
:1079C000A2855685EF30E051AA8929E1838704001A
:1079D00063D30706A2852685EFF09FF34A86975565
:1079E00001009385256A2285EFF01FF083070900C7
:1079F00063D80704A2854A85EFF09FF15286975518
:107A00000100938525682285EFF01FEE268597A05B
:107A1000FE1FE780A07211C4228597A0FE1FE78099
:107A2000E071F24062444E85D2444249B249224A52
:107A3000924A05618280CA852685EFF07FED7DB789
:107A4000D2854A85EFF0DFECD1B781474146B306D6
:107A5000F5003387F5000347070003C806008507D4
:107A6000334707012380E600E393C7FE82800111BC
:107A700026CA4EC6AE84AA899305300513050003B5
:107A80004AC806CE22CC328997A0FE1FE780A05EAE
:107A90002DC51306000381452A849790FE1FE780B9
:107AA000206D4146CE8522859790FE1FE780A07409
:107AB000A6850D461305D4019790FE1FE780A0739D
:107AC00013060402930504012285EF308041AA8445
:107AD0000D469305D4024A859790FE1FE780A0715A
:107AE000228597A0FE1FE7806065F24062442685EC
:107AF0004249D244B24905618280CD44FDB75D71EF
:107B00004EDE62D4AE892A8C93053005130500033E
:107B1000A6C2CAC052DC56DA5AD85ED686C6A2C4FD
:107B2000B28B368BBA84BE8A4289468A97A0FE1FE2
:107B3000E7806054630505101306000381452A841D
:107B40009790FE1FE780C0624146E28522859790AC
:107B5000FE1FE780406A414681450A859790FE1FD7
:107B6000E78000611D46DE850A859790FE1FE7804D
:107B700080681D46DA85130571009790FE1FE78027
:107B8000806733392001B3349000414681450808AD
:107B900023072101A30791009790FE1FE780405D16
:107BA0001946D68548089790FE1FE780C06419469D
:107BB000D2851305A1019790FE1FE780C06393044F
:107BC00004014146CE8526859790FE1FE780A0627E
:107BD0008A852685EFF07FE7930904024E86A68505
:107BE0002285EF3000302A890DE94146CE85268571
:107BF0009790FE1FE78040540C082685EFF0FFE4C5
:107C00004E86A6852285EF30C02D2A8946454146FD
:107C1000CE859790FE1FE780005E228597A0FE1F0D
:107C2000E780C051B64026444A8596440649F25939
:107C3000625AD25A425BB25B225C616182804D49DA
:107C4000D5B7011126CA52C4AA842E8A130500038F
:107C5000930530054AC84EC606CE22CC3289B68975
:107C600097A0FE1FE780204135C52A84A68541469E
:107C70009790FE1FE7802058930404012146D28587
:107C800026859790FE1FE7800057CA852146130579
:107C900084019790FE1FE780005613090402A68511
:107CA0004A862285EF30E023AA844146CA854E8564
:107CB0009790FE1FE7802054228597A0FE1FE78043
:107CC000E047F240624426854249D244B249224A02
:107CD00005618280CD44F5B739715AD05ECE2A8BCA
:107CE000AE8B41459305300506DE26DA52D456D2D6
:107CF00062CC66CA6AC8368C328DBA8C22DC4AD80D
:107D00004ED697A0FE1FE7800037AA8A930530055C
:107D1000414597A0FE1FE78000362A8ACD44638E36
:107D20000A0859C52A86D6855A85EFF0DFC4AA8489
:107D300041E193053005414597A0FE1FE780A03340
:107D40002A8993053005414597A0FE1FE780A032A0
:107D5000AA89630A090E6306050E1304FD00118447
:107D60001376FD0049C07D144204418035EE1315A1
:107D700044004E86D6855E95EFF01FB7414681459B
:107D80004A859790FE1FE780A03E014D93170D0195
:107D9000C18363F48708BDC04A8597A0FE1FE780B2
:107DA000E039638709004E8597A0FE1FE780003900
:107DB000568597A0FE1FE780603863070A0052854A
:107DC00097A0FE1FE7808037F25062542685425903
:107DD000D254B259225A925A025BF24B624CD24CA4
:107DE000424D216182800144131544008A855E95CD
:107DF000EFF0FFB44E86D2850A85BDBF93154D00C6
:107E00000A86DE954A85EFF03FAE4A868A855A8516
:107E1000EF30200DAA84050D95BFBDFC0A86CE85E6
:107E20004A85EFF07FAC4A868A855A85EF30600B31
:107E3000AA846686CA8562859790FE1FE780C02F58
:107E4000A1BFCD4491BFCD44A9BF397162CC2A8C6A
:107E5000594526DA4AD84ED652D456D25AD05ECE9A
:107E600006DE22DCAE8B328BB68A3AC63E8AC289E7
:107E7000468983440104EF205FF549C191679387E8
:107E800017E92310F50085472301F5002A843247BE
:107E90002105630C0C0493071003A301F400194699
:107EA00081459790FE1FE780A02C23036401A30364
:107EB0005401230A94002312740123174401231848
:107EC000340123192401A2856254F250D25442593C
:107ED000B259225A925A025BF24B624C17E5FE1FCE
:107EE0000345452721616F203FF9A301040019468E
:107EF000BA859790FE1FE780202445BFF250625458
:107F0000D2544259B259225A925A025BF24B624CF5
:107F100021618280011122CC2A84314506CE2EC6F1
:107F200032C436C23AC0EF205FEA29C19167938715
:107F300017E92310F5008D472301F500A301850003
:107F4000B2452246924602476244F2402312B500EF
:107F50002313C5002314D5002315E500AA8517E5D2
:107F6000FE1F0345251F05616F201FF1F24062448B
:107F70000561828001114AC82A89394526CA06CE80
:107F800022CC2EC6B284EF205FE431C1B2459167A6
:107F9000938727E92310F5009147A30125012312B8
:107FA000B5002A842301F500A6851905214697907E
:107FB000FE1FE7806018A2856244F240D244424925
:107FC00017E5FE1F0345051905616F20FFEAF24022
:107FD0006244D24442490561828001114AC82A891B
:107FE000414526CA06CE22CC2EC6B284EF20FFDD44
:107FF00029C19167B245938727E92310F50095477A
:108000002A84231225012301F500214619059790A2
:10801000FE1FE7806012A285231794006244F2409D
:10802000D244424917E5FE1F0345F51205616F2052
:10803000BFE4F2406244D2444249056182800111AA
:1080400022CC2A84394506CE2EC632C436C23AC066
:10805000EF20BFD729C19167938717E92310F50057
:1080600099472301F500B245224692460247231262
:1080700085006244F2402313B5002314C500231584
:10808000D5002316E500AA8517E5FE1F0345850CDC
:1080900005616F207FDEF240624405618280797164
:1080A00022D406D62A842EC632C436C23AC0EFC0C5
:1080B000AFEA1DC1B245224692460247231CB100D9
:1080C000231DC1002C081306F00F2285231ED100AA
:1080D000231FE100EFC0EFD7B250225445618280E8
:1080E000011122CC2A84394506CE2EC632C436C2AE
:1080F0003AC0EF209FCD29C19167938717E92310DC
:10810000F5009D472301F500B245224692460247FD
:10811000231285006244F2402313B5002314C500E6
:108120002315D5002316E500AA8517E5FE1F034594
:10813000650205616F205FD4F24062440561828070
:108140005D712AC613052002CAC04EDE52DC56DA23
:108150005AD85ED662D466D26AD086C6A2C4A6C2F7
:108160006ECE2E8CB28B368B3AC43E8DC28CC68AB4
:10817000035A01058359410503498105EF20FFC4D6
:1081800069C591663243938616E9A9472A8423106C
:10819000D5002301F500930DE4002105930444016B
:1081A0002247630D030693071003A301F400194649
:1081B00081459790FE1FE780A0FB194681456E859B
:1081C0009790FE1FE780C0FA194681452685979053
:1081D000FE1FE780E0F923037401A3036401230079
:1081E000240323128401231D5401231E4401231F51
:1081F0003401A2852644B64096440649F259625A93
:10820000D25A425BB25B225C925C025DF24D17E592
:10821000FE1F034525F461616F201FC6BA85A301C7
:10822000040019469790FE1FE78000F1EA856E85ED
:1082300019469790FE1FE78020F01946E6852685AF
:108240009790FE1FE78040EF79B7B64026449644EA
:108250000649F259625AD25A425BB25B225C925C86
:10826000025DF24D61618280011122CC2A84214598
:1082700006CE2EC632C436C2EF203FB515CD2246FB
:1082800092469167938717E92310F500B1472301C0
:10829000F500A3018500B2452303C500A303D50063
:1082A0006244F2402312B500AA8517E5FE1F03457C
:1082B00065EA05616F205FBCF2406244056182801F
:1082C000411126C2AA84514506C622C4EF20FFAF41
:1082D00049C19167938717E92310F500B947230136
:1082E000F50083C714002A8493856400A301F50078
:1082F00083C7340003C724002105A207D98F231E9A
:10830000F5FE83C744001946230FF5FE83C75400CA
:10831000A30FF5FE9790FE1FE78000E283C7C4001D
:10832000A28517E5FE1F0345E5E22307F40083C796
:10833000E40003C7D400A207D98F2318F40083C731
:10834000F4002309F4002244B240924441016F201A
:10835000BFB2B2402244924441018280411122C402
:108360002A84194506C6EF205FA60DC5916793873D
:1083700017E92310F500C1472301F50023128500FA
:108380002244B240AA8517E5FE1F0345A5DC410142
:108390006F209FAEB24022444101828041110D45C1
:1083A00006C6EF209FA20DC5930710F92300F50024
:1083B0009307E003A300F500C5472301F500B24091
:1083C000AA8517E5FE1F0345E5D841016F20DFAA06
:1083D000B24041018280011122CC2A84294506CE77
:1083E0002EC632C436C2EF205F9E15CDB2459246EE
:1083F0009167938717E92310F500C9472302B50059
:108400002301F500A30185002304D5002246624420
:10841000F2402313C500AA8517E5FE1F034585D347
:1084200005616F207FA5F2406244056182800111E1
:108430004AC82A892D4526CA06CE22CC2EC6B28429
:10844000EF20BF9829C5B245930710F92300F50026
:108450009307E003A300F500CD47A3012501230204
:10846000B5002A842301F500A685150519469790C5
:10847000FE1FE78060CCA2856244F240D2444249AC
:1084800017E5FE1F034505CD05616F20FF9EF240F5
:108490006244D244424905618280011122CC2A847F
:1084A000214506CE2EC6EF205F9205C9B2459167E1
:1084B000938717E92310F500D1472303B500230163
:1084C000F500231285006244F240AA8517E5FE1FDD
:1084D000034545C805616F203F9AF240624405613B
:1084E0008280011122CC2A84214506CE2EC632C4B8
:1084F000EF20BF8D1DC52246930710592310F500AC
:1085000023018500B2452303C5006244F2402312D3
:10851000B500AA8517E5FE1F0345C5C305616F2099
:10852000BF95F240624405618280011122CC2A8409
:10853000214506CE2EC632C4EF203F891DC92246F2
:108540009167938727E92310F500A1472301F500E0
:10855000B24523038500A303C5006244F240231201
:10856000B500AA8517E5FE1F0345F5BE05616F201E
:10857000BF90F240624405618280011122CC2A84BE
:10858000314506CE2EC632C436C23AC0EF20FF8334
:1085900015CD22468567938717C92310F50023015F
:1085A0008500B2452303C500924602476244F2406B
:1085B0002312B5002314D5002315E500AA8517E57D
:1085C000FE1F034525B905616F201F8BF2406244F1
:1085D00005618280011126CAAE844AC82A891385A2
:1085E000C40006CE22CC32C6EF202FFE1DCD8567FB
:1085F000B245938717E923019500231225012A84A8
:108600002310F500310508C426869790FE1FE780E9
:10861000A0B2A2856244F240D244424917E5FE1F4F
:10862000034545B305616F203F85F2406244D24463
:10863000424905618280011122CC2A84194506CE67
:108640002EC6EF208FF805C98567938717F9231089
:10865000F500854723018500A301F500B24562447A
:10866000F2402312B500AA8517E5FE1F034585AE2B
:1086700005616F207F80F240624405618280411174
:1086800022C42A840D4506C6EF202FF405C59307A2
:1086900010F92300F500E947A300F5002301850048
:1086A0002244B240AA8517E5FE1F0345A5AA410151
:1086B0006F208FFCB240224441018280011122CC04
:1086C0002A84214506CE2EC6EF202FF00DC99167D2
:1086D000938727E92310F500930700032301F50092
:1086E000B245230385006244F2402312B500AA85F7
:1086F00017E5FE1F034535A605616F20EFF7F24031
:108700006244056182800111214506CE2EC632C425
:10871000EF20AFEB15C58567938707392310F50068
:10872000B245224685472301F500F2402312B500E9
:108730002313C500AA8503C5C1B805616F20CFF317
:10874000F24005618280397122DC1304F5FF4AD8BA
:1087500052D456D25ECE420406DE26DA4ED65AD027
:10876000894B2A8A3289B68A418063917515938B29
:1087700041B883C741B85E8B89448DCF83C9160049
:1087800083C706009144A209B3E9F90097D7FE1FF9
:1087900083D7477EF51763DFF9009307C6FF639B16
:1087A000F90831452EC6EF204FE22A84B24519ED73
:1087B0009304F00FF250625426854259D254B259B4
:1087C000225A925A025BF24B21618280420913596C
:1087D00009012302B50023132501930700F91509A8
:1087E000A1652310F5002311450185054A8597A051
:1087F000FE1FE780408808C405C983C70B00938526
:10880000EAFF13562900FD172382F1B89790FE1F47
:10881000E78080941C44A28503C5C1B889071CC4A5
:10882000EF208FE5814479B7228597A0FE1FE7806E
:10883000E090BDBF9307D6FFE3CCF9F6B147330410
:10884000F402938441B99C40A29703C7A70019C7BB
:10885000884309C597A0FE1FE780408E1385490015
:10886000A16542058505418103AA040097A0FE1F6A
:10887000E78060809C40229A2320AA00A297884328
:1088800005D905472385E70083470B004A86D6852F
:10889000FD172382F1B89790FE1FE780E0899C4086
:1088A0003E942313240123123401ADBF8547E39185
:1088B000F5F0B1473304F402138B41B983270B0061
:1088C000DA89A29703D76700884355C783D7470043
:1088D000B306C700910763C0D70A3A95D68597902B
:1088E000FE1FE780608503270B0081442297835792
:1088F0006700CA97C207C1832313F70003574700D5
:108900001107E399E7EA3145EF202FCCAA8515CD71
:10891000930700F92310F50083270B00230275014C
:1089200023114501A29703D767009C432313E50059
:108930001CC503C5C1B8EF202FD483270B003E947C
:108940002313040023050400B5B583270B00A29769
:10895000884311C99790FE1FE780407E83270B0054
:10896000A29723A0070083A709003E9423130400C5
:108970002305040045BD11C99790FE1FE780007CC8
:1089800083A70900A29723A0070083A709008544B5
:108990003E94231304002305040029BD6F40B05703
:1089A0006F40D0586F50801C6F40D05B411106C69D
:1089B000EF401058B2400145410182806F40305D68
:1089C0006F40305F6F4030616F4010636F401065E3
:1089D0006F40F0666F40F0686F40F06A6F40906CD7
:1089E0008347160003460600A2075D8E6F40D06DD8
:1089F0006F40106F6F40D0716F4090746F40707710
:108A00006F40507A6F40707C6F40907E6F50A00036
:108A10006F50C002411122C60344C10226C48344E0
:108A2000010303430101030E4101834E8101034F02
:108A3000C101834F0102834241028343810222D656
:108A4000324426D8A2441ED416D27ED07ACE76CC1A
:108A500072CA1AC841016F50E0166F5080006F5003
:108A6000A0026F50C0046F50E0066F5000096F50B5
:108A7000200B6F50400D6F5020106F5040126F60F0
:108A8000303C1307A5FF420785672A884183138579
:108A9000A7C7636CE502138707C801456368B7027F
:108AA00063E605031307301F6362C702138766FF7F
:108AB00042074183938767C763EAE70005063306E9
:108AC000B6028E063325D600828001458280411190
:108AD00026C206C622C4AA84EFE0500719C52A841C
:108AE0002685EFD020432324A418B2402244924488
:108AF00041018280834665010D47AA876384E600B1
:108B0000054582800327451103464700A305C5029A
:108B1000034737006316D7020347B50075F30347D1
:108B20000501930600026307D70093063002014552
:108B30006317D700130760022388E700014582808E
:108B4000BD466310D70203470501930600040145A3
:108B50001377B70FE315D7FE130750042388E700F8
:108B60008280B946631AD7008346050113070003C4
:108B7000E398E6F80547C9B7D1466317D70083469F
:108B8000050113070005EDB7D9466318D7028346E0
:108B9000050113075005E395E6F60327050A136759
:108BA00007202320E50A05472308E50003C717012E
:108BB000136707F8A388E70051B7E946631BD7009E
:108BC0008346050113075006E39CE6F21307A0064F
:108BD000A5B7FD46631BD700834605011307A00711
:108BE000E390E6F2130710F881BF93063002E31911
:108BF000D7F08346050113075008E393E6F00547D5
:108C00002308E5000347A502136717002305E502C3
:108C100071BF832705110947A30AE50095C3238186
:108C2000E70003474505A381E7008347A50293E7D3
:108C300087002305F502F1472308F50001458280EE
:108C40001D4582808547A30AF5008327051191CB36
:108C500015472381E7009307B0022308F50001457B
:108C60008280054582808547A30AF5008327051188
:108C700091CB19472381E7009307D0022308F50021
:108C800001458280054582808947A30AF500832734
:108C9000051181CF1D472381E70083270511034775
:108CA000D5020145A381E700828005458280854782
:108CB000A30AF5008327051191CB2D472381E700F7
:108CC000930770032308F5000145828005458280E3
:108CD0009947A30AF5008327051131472381E7004F
:108CE00017D7FE1F1307075483564701A381D700E8
:108CF00097D6FE1F83C666542382D70097D6FE1FE1
:108D000083D6A653A182A382D700834687012383FB
:108D1000D70003479701A383E7008347E50213F7D2
:108D2000070409CF9307A0032308F5008347E50252
:108D300093F7F7072307F50201458280858BFDD75E
:108D40008327050AA30505022307050293E7070405
:108D50002320F50AE1BF8947A30AF50083270511FF
:108D600081CF35472381E700832705110347B502EB
:108D70000145A381E7008280054582808D47A30AD3
:108D8000F5008327051191CF45472381E70003476D
:108D9000C502A381E7000347B50201452382E7002E
:108DA0008280054582808547A30AF5008327051147
:108DB00085C349472381E7009307A0042308F500F2
:108DC0008347A50293E747002305F502014582800A
:108DD000054582808547A30AF5008327051191C7C1
:108DE0004D472381E70001458280054582800327A6
:108DF00005118D47A30AF500D9472301F7008346E3
:108E00004514A301D70083475514918A2302F70024
:108E10000357A51CB1C69306F034814763FDE600F5
:108E2000930787E80357851415CB8587938757FDEC
:108E30008D87C207C1830357851C63F3E7003E8714
:108E40008347A5022307E50493E747002305F502BE
:108E5000930750052308F500014582808D87F9B7F7
:108E6000858B99C7930707FB2147B3C7E702D1B7A3
:108E70009307C7FB1147D5BF032705118D47A30AE9
:108E8000F500DD472301F70083474514A301F700F0
:108E9000834655142302D7000347B514F98F93F680
:108EA00047000357A51CB1C69306F034814763FD04
:108EB000E600930787E80357851415CB85879387CA
:108EC00057FD8D87C207C1830357851C63F3E700F5
:108ED0003E87930780052308F5008347A5022307F3
:108EE000E50493E747002305F502014582808D875D
:108EF000F9B7858B99C7930707FB2147B3C7E702EB
:108F0000D1B79307C7FB1147D5BF832605118D47FE
:108F1000A30AF500E5472381F6008347751403464D
:108F200065140547B317F7003317C700D98FA3811E
:108F3000F600834715142382F6008347A50293E7C2
:108F400047002305F502930700062308F5000145B5
:108F500082808947A30AF50083270511754723817D
:108F6000E70017D7FE1F1307E72B03473700A3813E
:108F7000E700930750072308F500014582808947E1
:108F8000A30AF5008327051179472381E7000347EA
:108F9000F502A381E7008327050A2167D98F2320E3
:108FA000F50A85472308F5000145828097D7FE1F03
:108FB00093874727B84B9307800583464700B387BD
:108FC000F602145703270511BE96A547A30AF5001C
:108FD000930700022301F7000356A51C8357651C65
:108FE000B297D05A9387C71263F3C700B287A30121
:108FF000F70013D68700C1832302C700A302F7003E
:109000009C5E2303F70013D68700C183A303C70028
:109010002304F70083C7C601A304F70083C7D60162
:109020002305F7009307C0072308F5000145828058
:1090300083270511114613073002A30AC5002381B7
:10904000E70003478515118B05CF0347A51523823C
:1090500007009306F7FF05473317D700A381E70002
:1090600003473514A382E7008347A50293E747002F
:109070002305F502930750F82308F5000145828087
:109080008346751409476392E60217D7FE1F03470C
:10909000D70D09C72147A381E70019A0A381C70005
:1090A000034755162382E70065BF05473317D700EE
:1090B000DDB79547A30AF500832705111307400282
:1090C0002381E700A3810700030735148306F51504
:1090D0006395E6008946A381D7008306E51563986A
:1090E000E60083C6370093E61600A381D700830607
:1090F000D5152382D7000346C515A382E700238335
:10910000C70083478515858B81CB99C68327050AC0
:109110004167D98F2320F50A01458280411126C27B
:109120008324051106C622C4B547A30AF500A9C0C9
:1091300091472A842381F4009305851A21461385DB
:1091400034009780FE1FE78020FF1385B40011468E
:109150009305041B9780FE1FE78000FE9307200203
:109160002308F4000145B240224492444101828028
:109170000545D5BF83270511A1C7411122C406C6E5
:109180002547A30AE5002381E7002A84032505116A
:109190009305840F21460D059780FE1FE780C0F9D7
:1091A0008327040AA3050402014593E7070223204D
:1091B000F40A85472308F400B2402244410182802A
:1091C00005458280A547A30AF50083270511A9C399
:1091D000411122C406C639472381E7002A840325AA
:1091E00005119305840F21460D059780FE1FE7802A
:1091F000A0F48347A402014593E747002305F40246
:10920000930700032308F400B24022444101828006
:1092100005458280E147A30AF50083270511D9CFD0
:10922000411122C406C63D472381E7000347450795
:109230002A8493058506A381E70003475507314635
:109240002382E70003476507A382E700035765070A
:1092500021832383E7000347A505A383E700035782
:10926000A50521832384E7000347C505A384E70000
:109270000347D5052385E70003574506A385E70087
:10928000034765062386E700035765061385E70055
:109290002183A386E7009780FE1FE780E0E98347EC
:1092A000A402014593E747002305F4029307000455
:1092B0002308F400B24022444101828005458280A7
:1092C000E147A30AF50083270511C9CB411122C448
:1092D00006C641472381E700034745072A849305D3
:1092E0008506A381E7000347550731462382E7003F
:1092F00003476507A382E70003576507218323839C
:10930000E7000347A505A383E7000357A5052183CD
:109310002384E7000347C505A384E7000347D50579
:109320002385E70003574506A385E7000347650645
:109330002386E700035765061385E7002183A3868C
:10934000E7009780FE1FE78020DF93074004230893
:10935000F400B240224401454101828005458280EB
:10936000411106C6AD47A30AF5008327051113076F
:1093700090029305D5172381E7001385370029460E
:109380009780FE1FE78040DBB240014541018280AB
:1093900083254511411126C206C622C483C7450054
:1093A00003C735000568A207D98F1387A7FF4207B7
:1093B00041839306A8C7F94463E2E60C03C765003E
:1093C00083C65500130808C82207558FF944636700
:1093D000E80A6365F70A03C6850083C6750022069E
:1093E000558E9306301F63EBC60883C6A50083C85D
:1093F0009500A206B3E616016362D80813081600AA
:109400003308F80293983600635A180783C8B500EA
:109410001398080113580801638408006360070764
:109420008358A5038144639D1701631BF70083588C
:10943000C5036397C8008354E503958C93B4140067
:10944000231DC504231AF506231BE506231ED50498
:109450002312050783C7D50003C7C5002A84A207C6
:10946000D98F2313F5063146B90513058506978074
:10947000FE1FE78060CC9147A30EF400B240224467
:109480002685924441018280411122C406C6854747
:10949000A30AF5002A8483453515032705110345E2
:1094A0004515854693176500CD8F2301F700ED47DD
:1094B000A301F7008347C4000346241593E707027E
:1094C0002306F400EF107074930770062308F4006D
:1094D000B240224401454101828083274511130394
:1094E000000E03C6470003C737002206598E130734
:1094F00056FE420741836367E30683C6670003C7DE
:1095000057001168A206D98E138786EB4207418364
:10951000130888146368E80403C7870083C87700CA
:10952000220733671701930857FEC20893D8080132
:10953000636A130383C8970083C7A700A207B3E732
:109540001701938887EBC20893D80801636C180150
:10955000231EC51A231FD51A2310E51C2311F51C41
:109560006FC0A008054582808346B5000547AA87DD
:1095700005456395E60C83C6670131470545639F42
:10958000E60A03A7471183463700A38AD704834618
:10959000570003464700A206D18E239BD70483457C
:1095A000770083466700A205D58D239CB704034648
:1095B0009700834687002206558E239DC704834665
:1095C000B7000345A700A206C98E239ED704034512
:1095D000C7000347D7002207498F03D5A703239F5E
:1095E000E7040147631BB50083D5C7036397C50034
:1095F00003D7E703158F133717002391E70603C737
:109600000701930600046304D70293064004631520
:10961000D70005472388E70003C717019546A38EA7
:10962000D700136717F8A388E7000145828003C7B6
:10963000A702136717002385E702E1BF8280034773
:1096400065018947631DF7008327451183C73700EC
:10965000230AF504F5472308F500014582801D45DE
:1096600082808347B5002A87D9EB83466501B547D9
:1096700005456397F6088346070193070002639147
:10968000F60883274711014583C6570003C64700E4
:10969000A2064206B29603C66700B29603C637001A
:1096A0006206B2962320D70C83C6970003C68700B4
:1096B000A2064206B29603C6A700B29603C677007A
:1096C0006206B296232ED70A83C6C70003C6D70008
:1096D000A2064206B29603C6B70083C7E700B29659
:1096E000E207B6972320F70E8347170193E7870019
:1096F000A308F700930730022308F700828005458E
:1097000082808347B5009DE3034765018547631D5C
:10971000F70083460501130730026397E6009307BD
:10972000C0022308F50081473E8582808547EDBF52
:10973000834665010547AA870545639CE60203C782
:1097400007019306B002631AD7001307E0022388CB
:10975000E700A3850702014582809306D0020545F4
:109760006319D7001307E002A38507022388E700E7
:10977000DDB78280034765018947631EF704E94727
:10978000A305F50283274511394783C73700639244
:10979000E7020347050193070003631EF7028327CF
:1097A000050A93E707022320F50A85472308F500F9
:1097B000B9A03D476393E70283278510034705015E
:1097C000F59B2324F510930700046316F700930715
:1097D00060042308F5000145828049476398E70249
:1097E000034705019307A004E317F7FE8547230805
:1097F000F5008347A50293E717002305F502834789
:10980000150193E707F8A308F500F1B751476392F4
:10981000E7020347050193070005E31EF7FA8547B2
:109820002308F5008327050A93E707102320F50A8C
:10983000F9B75947639DE7000347050193075005B2
:10984000E31BF7F88327050A93E70720A9BF6947B9
:10985000639FE7000347050193075006E31DF7F6F2
:109860008327050A056713070780D98F2DBF714726
:10987000E383E7F67547639CE70003470501930719
:109880005007E31AF7F48327050A2167F9BF130786
:109890003002E392E7F40347050193075008A9B7A4
:1098A0000347B50085476311F70203476501631B52
:1098B000F700034705016317F700930760032308C8
:1098C000F50081473E8582808547EDBF834665016F
:1098D0000547AA8705456393E60603C70701930674
:1098E00070036315D70203C7A70223860704937684
:1098F000070499C61377F7FB136707012385E7026F
:10990000130780032388E7000145828093065003F4
:1099100005456315D702130780032388E70003C7B3
:10992000A7022386070401459376070481CA1377AB
:10993000F7FB136707012385E702828082800347D4
:1099400065019947631EF7080327451183473700D0
:10995000A307F5048347570083464700A207D58F26
:109960002318F50483477700834667001307A00395
:10997000A207D58F834605012319F5048347E50225
:109980006395E604858B99CB8327050AA305050219
:109990002307050293E707042320F50A8347A5025E
:1099A00093E717002305F50285472308F500834751
:1099B000150193E707F8A308F5008347E50293F73D
:1099C000F7FB2307F50201458280E207E187E3D038
:1099D00007FE8327450A93E707042322F50AC1BF40
:1099E000054582800347650189476304F700054503
:1099F0008280832745111307000483C73700A3051E
:109A0000F5028347050193F6B70F6397E6009307C6
:109A100050042308F50025A0130750056393E702BF
:109A20008327050A93E707202320F50A85472308A3
:109A3000F5008347150193E707F8A308F5000145F2
:109A40008280130750066395E7009307A006D1B7FD
:109A500013075008639CE70085472308F5008347F8
:109A6000A50293E717002305F502E1B70347B50008
:109A70003DFF130700026386E7001307300263957A
:109A8000E7009307600271B71307A007E391E7F6B9
:109A9000930710F8BDBF834665010547AA870545B2
:109AA0006394E60403A787100545418B15CF03C7D0
:109AB00007016318A7001307B0042388E7000145D6
:109AC00082801306A004631AC70003C7A702238875
:109AD000D700136717002385E70203A7870A1367D8
:109AE000070423A4E70AE1BF828083466501054796
:109AF000AA8705456393E60283C607011307A004FE
:109B00000545639CE60003C7A7022388A70001451B
:109B1000136717002385E70282808280034765016F
:109B20008D47631FF718834715018D8B91EB834693
:109B300005012147938706FC93F7F70F6361F7024E
:109B4000D9472306F5029307A002A305F502832750
:109B5000850A93E727002324F50A0145828083477D
:109B6000B5000326451163900714930750056398C9
:109B7000F600D9472306F50293073002F9B797C7D5
:109B8000FE1F9387276A8345460003C7A70383C741
:109B9000B703834865146D8F2305E514034636002B
:109BA000F18F0546A305F514331616016314C7009B
:109BB00023050514034875148545B3950501639481
:109BC000B700A30505140347A5148347B5145DCF5B
:109BD000D9CB93752700B1C113F627001DCE93078B
:109BE00020202315F5140347A5148547B3971701C3
:109BF0006314F700230505140347B5148547B3978D
:109C000007016314F700A305051485476398F60858
:109C1000930760052308F50089B71376470001CA4A
:109C200013F3470063050300930740405DBF058BB6
:109C300019C713F7170001C7930710105DB709473D
:109C400081E5114711E205472305E51413F72700C5
:109C500009C78947A305F51479B7918B99C3914733
:109C6000D5BF8547C5BFB3570741858B81C723053E
:109C7000B51495BF9377270089C789472305F51445
:109C80009DB7118B91477DFB8547CDBFA9DF33D7AA
:109C90001741058B45DFA305C514B1B78327850A96
:109CA00093E707104DBD85476397F600834746004D
:109CB000A305F514B1BF8327850A93E7072061BD8B
:109CC00005458280834665010D47AA870545639453
:109CD000E61483C60701130750050545639DE61288
:109CE00003C7B7006319071283C6471403C7571485
:109CF00003A6471133F5E6008345460019ED639648
:109D0000B60003453600630AE500239507141307E0
:109D100070052388E70001458280ED8E2385D714E6
:109D20000346360003C86714718F0546A385E71400
:109D3000331606016394C6002385071403C5771400
:109D40008545B395A5006314B700A385071483C6A2
:109D5000A71403C7B714C5CA41C793F526009DC908
:109D60001376270005CA130720202395E71483C61E
:109D7000A7140547331707016394E60023850714EA
:109D800083C6B71405473317A700E392E6F8A38507
:109D90000714B5BF13F6460001CA937847006385E0
:109DA000080013074040D1B7858A99C693761700FB
:109DB00081C61307101055BF894681E5914611E20F
:109DC00085462385D7149376270089C60947A3853E
:109DD000E71471BF118B19C31147D5BF0547C5BF24
:109DE00033D7A640058B01C72385B71449B713F7AE
:109DF000260009C709472385E71495BF918A1147B3
:109E0000FDFA0547CDBF25D7B3560741858AC5DE84
:109E1000A385C714A9BF82808346B5000547AA87DA
:109E20000545639FE60683C66701154705456399A7
:109E3000E60603C70701930650056306D70093069D
:109E40008005631FD70403C7A70283A547111367C3
:109E500017002385E70203C645001147636EC7005C
:109E600083C63500636AD7001307F6FF1385F6FF34
:109E7000718F758D498F11C705472388E70001450C
:109E8000828003C7650003C555002385C7142207D8
:109E9000498F2396E714A385D7141307A005F1BFB4
:109EA00082808347B50095E3834665010D4785476A
:109EB000639BE600034705016317F700930710064D
:109EC0002308F50081473E8582808547EDBF034723
:109ED000650189476310F7068327451197C5FE1F63
:109EE00083C5E53883C7370013F6F70113D767003A
:109EF00097C7FE1F83C7973763EAC7008346E514F9
:109F0000A18A89C6B3D6E540858A9DE6E94723063E
:109F1000F5028547B397E700ED8F8D8B794799C39D
:109F2000130700028327850AA305E50293E72700AC
:109F30002324F50A05458280230AE5140347050119
:109F4000A309C51485476318F70093076006230823
:109F5000F500014582808327850A93E70740232483
:109F6000F50AC5BF034765018947631CF7028327CC
:109F700045110347050183C737002308F5028547CC
:109F80006318F700930760072308F50001458280F6
:109F90008327850A056713070780D98F2324F50ACD
:109FA000F5B705458280834665010947AA870545BF
:109FB000639FE60283C607011307500701456398B4
:109FC000E60203A74711A166034737002388E7028B
:109FD00003A7070A558F23A0E70A05472388E70050
:109FE00003C71701136707F8A388E7008280828000
:109FF000834665011547AA8705456399E60C83C624
:10A0000007011307500805456392E60C03A74711A3
:10A0100083463700A38DD71483064700A382D71643
:10A02000030657002380C716034767002382E716FD
:10A0300003C7871593754700B5CD8946A38CD71400
:10A0400083A6070AC1656D9BCD8E23A0D70A238CFA
:10A05000E71403C7A7169376170085C29306F00787
:10A060006306D600136727002385E71603A7070AB0
:10A07000B7060200558F23A0E70A17C7FE1F130774
:10A08000671A034737000145A387E70203C7470361
:10A09000A380E71605472388E70003C7A7021367D5
:10A0A00017002385E70203C71701136707F8A38882
:10A0B000E7008280098B51DFC9DE03A7070AC1666A
:10A0C000A38CA714558F23A0E70A61B7828083462B
:10A0D00065011547AA8705456390E60A83A64711DF
:10A0E000014503C636001377060F59E717C7FE1F51
:10A0F00003471717718F49C303C7660011482380B0
:10A10000E716838556000147A382B716130517008B
:10A110003357E640058B9378F50F15CF238D171530
:10A1200003C74600A38DE71403C78715937647003E
:10A130009DC68946A38CD71483A6070A41666D9BEA
:10A14000D18E23A0D70A238CE71403C74703014508
:10A15000A380E71682802A87E31A05FBD1B7098B13
:10A160006DD7E5D50547A38CE71403A7070AC16699
:10A17000558F23A0E70AD1BF82808346650111472E
:10A18000AA8705456393E60A83C5B7000545639E24
:10A19000A50883A6471103C836006366050303C7F5
:10A1A0004600130510091306B7FF1376F60F636C0C
:10A1B000C50003C656009306B6FF93F6F60F636418
:10A1C000D5006371E6027947A385E7021307800291
:10A1D0002386E70203A7870A01451367270023A404
:10A1E000E70A828083A6C710014593F6060895CE3C
:10A1F00083C647176317B80293E61600238AD7165B
:10A200009306000AA38AE7163307D70283D6A7036B
:10A210003347D70283D6070485063697239BE71674
:10A220008280D99A238AD71682808280832705115B
:10A23000E9C72547A30AE50051472381E700034703
:10A24000451B8355651B0356A51BA381E7000347E8
:10A25000551BA382B7002382E70013D78500238311
:10A26000E7000347851BA383E7000347951BA384EF
:10A27000C7002384E700135786002385E700834641
:10A28000751409476386E6020327051093164701F4
:10A2900063C006028566938686842E8763F3B600C4
:10A2A000368742074183A382E70021832383E700A7
:10A2B0008346651409476386E60203270510931653
:10A2C000470163C00602856693868684328763F3FE
:10A2D000C600368742074183A384E7002183238594
:10A2E000E7008347A50293E747002305F50293079C
:10A2F00000052308F50001458280054582808327FB
:10A300000511E9CB2547A30AE50055472381E7005E
:10A310000347451B8355651B0356A51BA381E70017
:10A320000347551BA382B7002382E70013D785009C
:10A330002383E7000347851BA383E7000347951B9F
:10A34000A384C7002384E700135786002385E70012
:10A350008346751409476380E60285669386868482
:10A360002E8763F3B600368742074183A382E70056
:10A3700021832383E7008346651409476380E6024F
:10A38000856693868684328763F3C60036874207E4
:10A390004183A384E70021832385E7008347C50722
:10A3A000A305050299C78327050A93E70710232011
:10A3B000F50A8327450A13974701635807007D77FD
:10A3C0001307F77FF98F2322F50A85472308F50045
:10A3D000014582800545828003476501AD476318CA
:10A3E000F702411106C683474517832545112946C3
:10A3F00093E70701230AF5168D051305D517977006
:10A40000FE1FE78060D3B2400145410182800545CF
:10A4100082808347B500EDE7411122C406C6034799
:10A420006501E1472A8405456318F70C03470401D9
:10A43000930700046312F70C832544110565930606
:10A44000A5C703C7450083C7350022075D8F930763
:10A45000A7FFC207C18363ECF60883C7650083C604
:10A460005500130505C8A207D58F6362F50863E0A0
:10A47000E70803C6850083C675002206558E93063D
:10A48000301F63E6C60683C6A50003C89500A20672
:10A49000B3E60601636DD504130516003305E50226
:10A4A000139836006345A80403C8B50013150801C6
:10A4B00041816304080063ECA702231DC404231236
:10A4C000A406231AE406231BF406231ED40483C720
:10A4D000D50003C7C5003146A207D98F2313F40660
:10A4E000B905130584069770FE1FE780E0C4930743
:10A4F00070042308F4000145B240224441018280E7
:10A5000005458280411126C206C622C40347650163
:10A51000E14785446318F704832785102A8485441E
:10A52000898BA9C38347B50063919706EFE05FE687
:10A5300083470401A305A4026397970093071004BF
:10A540002308F40039A8130700046393E702930774
:10A5500010042308F4008347A40293E7170023059F
:10A56000F4028144B2402244268592444101828013
:10A570008327040A93E727002320F40A8347140162
:10A5800093E707F8A308F400E9BF834715018D8B13
:10A5900099CF9307A002A305F402BD472306F40256
:10A5A0008327840A93E727002324F40A5DBF8347A7
:10A5B000050163979700EFE0BFDDA305A402BDBFCF
:10A5C000130700026390E702EFE09FDCA305A402FB
:10A5D000814449F98327440A37070080D98F232211
:10A5E000F40A49B713070004E39EE7F69307300225
:10A5F0005DB7411126C206C622C48347B500854413
:10A60000A5E703476501A5478544631FF704832732
:10A61000850FA18BB1CB832545112A8421468D0559
:10A62000130505109770FE1FE78000B18327041003
:10A63000B73678089386060DDD8E8327441013E71E
:10A6400007018327840FF58F2324F4108327C40F79
:10A65000F98F2326F41083470401639D9700930725
:10A6600010032308F4008144B2402244268592441A
:10A67000410182808327840A93E707012324F40A97
:10A68000DDB7411126C206C622C403476501A547AE
:10A690008544631AF70603470501930700038544C1
:10A6A0006313F706832545112A8421468D0513057A
:10A6B00005109770FE1FE78020A883270410B73687
:10A6C00078089386060DDD8E8327441023089400B6
:10A6D000A305040213E707018327840F8144F58F44
:10A6E0002324F4108327C40FF98F2326F410832723
:10A6F000040A93E707022320F40A8347140193E72F
:10A7000007F8A308F400B240224426859244410190
:10A7100082808347B50005476395E708411122C44D
:10A7200006C68346650125472A8405456390E606EB
:10A73000034704016310F7068325441121461305DE
:10A7400004108D059770FE1FE780009F832704107B
:10A75000B73678089386060DDD8E8327441013E7FD
:10A7600007018327840FF58F2324F4108327C40F58
:10A77000F98F2326F410930710032308F40083476E
:10A780001401014593E707F8A308F400B2402244FE
:10A79000410182808327840A93E707012324F40A76
:10A7A000F9BF054582800347B5008547631CF70460
:10A7B000411122C406C626C203476501A1472A8467
:10A7C0000545631CF70283244411130584121546C2
:10A7D000938534009770FE1FE780009683C794002E
:10A7E00003C784000145A207D98F2317F4128347BA
:10A7F000140193E727F8A308F400B24022449244DE
:10A8000041018280054582800347B500854763107A
:10A81000F716834665015D47639CE614011126CA5D
:10A820008324451122CC21462A84938534001305C4
:10A83000F51806CE9770FE1FE780009083C7C4000E
:10A8400003C7B400A207D98FA30BF418A183230C6C
:10A85000F418EF000FFB2AC4EF00AFFA2AC62C0051
:10A860001305841A21469770FE1FE780E08C83C78A
:10A87000F40003C7E4001305041BA2074207BA97BC
:10A8800003C704012C001146BA9703C7D40062071E
:10A89000BA972324F40C83C7340103C72401A20709
:10A8A0004207BA9703C74401BA9703C71401620766
:10A8B000BA972322F40C0347941A8347A41A420739
:10A8C000A207BA970347B41ABA970347841A6207D4
:10A8D000BA972320F40C0347D41A8347E41A42079B
:10A8E000A207BA970347F41ABA970347C41A620734
:10A8F000BA97232EF40AA247374703001307D73F1E
:10A90000B387E70237A72600130737ECBA973EC490
:10A910009770FE1FE780408283C7640103C77401FC
:10A92000A2074207BA9703C75401BA9703C7840125
:10A930006207BA97232EF40C0347241B8347141B8A
:10A940004207A207BA970347041BBA970347341B71
:10A950006207BA972320F40E930710022308F4002D
:10A96000F24062448147D2443E850561828085473A
:10A970003E858280034765019147631BF7124111B1
:10A9800026C28324451106C622C403C7340001CB66
:10A990009307F7FFF98F81E79377070F8DC7930729
:10A9A0000002A305F502930730022306F502832770
:10A9B000850A93E727002324F50AB24022449244F3
:10A9C00001454101828083C554009306E007814719
:10A9D00011466397D500F947E9B7B687638CC6007F
:10A9E00093861700B357F740858B93F5F60FF5D78D
:10A9F000230DB514838744002A84B5C3A30EF51430
:10AA0000030535143387A7001375F50F635AF0005B
:10AA10008307F41563DAE700898FA30EF41429A0E5
:10AA20008307E415E34AF7FE8347D4153E95620594
:10AA30006185212F2301A4145D2583473414A301CC
:10AA4000A414B307F540A30EF41401278347A415FB
:10AA5000034734142301A414A297A382E7168307A3
:10AA6000440383062416014763D5F600958F13F738
:10AA7000F70F230EE41483C7540005472300F41690
:10AA8000834704016397E700930760F82308F40005
:10AA90002DB7130750086396E700FD57230EF414F3
:10AAA000E5B78327840A0967D98F2324F40A31B7CD
:10AAB0000545828003476501A547631EF7044111E0
:10AAC00022C406C683460501130700052A8485476C
:10AAD0006397E602EFE07FA005E98327040AA30558
:10AAE000040293E707102320F40A8347140193E735
:10AAF00007F8A308F40085472308F4008147B24013
:10AB000022443E85410182808347A40293E71700D7
:10AB10002305F402D9BF85473E858280034765013E
:10AB2000A5476309F700054582800545B2402244E8
:10AB30004101828083278510411122C406C693F704
:10AB400007022A84FDD3EFE05F998547E30FF5FC08
:10AB5000034704016318F700930710052308F40066
:10AB60000145E9B78327840A93E707082324F40AF9
:10AB7000C5BF054582800545828005458280054523
:10AB80008280054582800545828005458280054595
:10AB900082808347C500A30A0500F19B93E7170055
:10ABA0002306F5000325051113351500828017B71C
:10ABB000FE1F0347575B9547630BF70097B7FE1FD0
:10ABC0009387075A83C777000D47631FF70097B72E
:10ABD000FE1F83C77759639E07109307601017B74E
:10ABE000FE1F2313F7588280411126C297B7FE1F1C
:10ABF000938747639384C1BB22C4E05F9C404AC0F3
:10AC000006C623A20706096798C7194597B7FE1F0E
:10AC1000238A0754EF005016938701BB944337C72C
:10AC2000898E130767ED98C6375755001307575598
:10AC3000D8C2034724029306F00F3E896307D7006A
:10AC4000FD57A300E4022301F402034514028947DF
:10AC50006303F5000145984001469305F00F5C43FE
:10AC600093E717005CC3930710FA2305F400994794
:10AC700017B7FE1FA309F74E97B7FE1F2382074E93
:10AC800097B7FE1F2380074E9D2D938741BC9443A9
:10AC9000DC56F59BDCD68327090003479400137626
:10ACA000F7079843137707F8518F98C317B7FE1F1C
:10ACB000A30A074A904017B7FE1FA303074A054798
:10ACC00018C298431377F7E798C398431377F7E7C9
:10ACD0001367071098C39C4637073300B240D98FDB
:10ACE00022449CC69307900D3CCA924402494101FC
:10ACF00082808280411106C622C417B7FE1F034717
:10AD0000B74697B7FE1F9387A74501CF97B6FE1F9B
:10AD100083C6864509476396E60017B7FE1FA3055D
:10AD2000074403C77700A1466387E60003C777009F
:10AD30009D46639DE60083C7770017B7FE1F230576
:10AD4000F742854717B7FE1FA300F742EF00607B6D
:10AD500097B7FE1F9387074DE05F684023150400F7
:10AD6000230404009770FE1FE780403D91452310A7
:10AD70000404232204042324040417B5FE1F0345FE
:10AD80005522EF004FF3A14517B5FE1F034575216E
:10AD9000EF006FF2034514039307F00F6307F5000C
:10ADA000EF000FF6FD57A308F402034504039307D1
:10ADB000F00F6307F500EF00AFF4FD572308F4022E
:10ADC000B240224441018280011126CA97B4FE1F7D
:10ADD0009384444522CC03A4040C4AC84EC652C4F2
:10ADE00056C206CE2A898149130A2500854A29E8D8
:10ADF0009305702531459770FE1FE780C0272A8490
:10AE000001453DC083471900194693052900A30059
:10AE1000F400130524009760FE1FE780E03183A74C
:10AE2000040CA1EF97B7FE1F23AE874A232404002A
:10AE300083C7C40B850717B7FE1F2303F74A25A056
:10AE400003471400834719006305F700A2890044F3
:10AE500079BF1946D285130524009760FE1FE7804D
:10AE6000A036E31555FF0545F2406244D2444249FD
:10AE7000B249224A924A05618280E38909FA23A4F1
:10AE800089006DB797B7FE1F9387C73903A5070CD5
:10AE900011E997B7FE1F23A7074497B7FE1F238129
:10AEA00007448280411106C622C400459770FE1FE8
:10AEB000E780C028228575F8B240224497B7FE1F6C
:10AEC00023A2074297B7FE1F238C074041018280CF
:10AED00097B7FE1F9387073523A0070C238E070A19
:10AEE0008280011122CC1384C1BB184006CE26CA31
:10AEF0002EC632C43C4BAA84354593F7F7F73CCBBA
:10AF0000A52D184026853C4B93E707083CCB2246ED
:10AF1000B2459760FE1FE780C06CF2406244D244A5
:10AF20000145056182801387C1BB1443BC4A93F776
:10AF3000F7F7BCCA010001001843160513650508A0
:10AF40003C4B93E707083CCB9387C1BA9C4303A7CC
:10AF5000450E88C398CB03A7850E0145D8CB03A720
:10AF6000C50B98CF03A7050CD8CF03A7450C98D3E2
:10AF700003A7850CD8D303A7C50C98D703A7050D45
:10AF8000D8D703A7450D98DB03A7850DD8DB03A70A
:10AF9000C50D98C703A7050ED8C7984313670704C4
:10AFA00098C382801387C1BB1443BC4A93F7F7F759
:10AFB000BCCA0100010018431605136505083C4B87
:10AFC00093E707083CCB9387C1BA9C4303A7C50E00
:10AFD00088C398CB03A7050F0145D8CB03A7C50BA2
:10AFE00098CF03A7050CD8CF03A7450C98D303A788
:10AFF000850CD8D303A7C50C98D703A7050DD8D7C0
:10B0000003A7450D98DB03A7850DD8DB03A7C50D66
:10B0100098C703A7050ED8C798431367070498C3BA
:10B02000930700F817B7FE1F230FF71282801386CD
:10B0300001BB1C42B7068000B71501809843938579
:10B0400085E7558F98C39843B7060010558F98C36E
:10B050001307001DD8DB17B7FE1F0347E7F1931650
:10B060009701CD8ED4D7D457B70500821377F70355
:10B07000FD15ED8E6607558FD8D73717004093071B
:10B0800070052300F704930780FA2300F70497B6AE
:10B09000FE1F83C666EEB54763FBD70283572702C0
:10B0A00093E707012311F7021842B70709009387B6
:10B0B00037081CD337E700E0D147A309F7049767A7
:10B0C000FE1F9387277D93E717007CD782808357E5
:10B0D0002702C207C183BD9BC207C183E1B79307A3
:10B0E000C00363E2A706130780029547636BA704BA
:10B0F000714791476367A70459478D476363A70466
:10B1000049478947636FA70239478547636BA702A1
:10B11000314781476367A7022947FD576363A70249
:10B120002147F557636FA7001947ED57636BA700D9
:10B130000D47E1576367A7000547C1576373A70031
:10B14000D1573E8582809947EDBFC5576340F506CC
:10B1500055578947634AE504655791476346E504B7
:10B1600071579D476342E5047957A547634EE50251
:10B17000AD47634B0502B54705C90547BD476305A4
:10B18000E5020947CD476301E5020D47DD47630D41
:10B19000E5001147F5476309E50015479307D0031C
:10B1A0006314E500930790023E8582808547EDBFDA
:10B1B000938781BB9C4399CB944BD04B9842518F42
:10B1C00098C294439C479842D98F9CC2938701BBF5
:10B1D0001386C1BB05489C4317B7FE1F0347E7F81A
:10B1E000144263120505884375787D18337505018F
:10B1F00088C3C846F977FD17E98FDCC60100010056
:10B2000014428967AD059CC6930700F817B6FE1F68
:10B21000230AF6F4939725009305E709BE95860562
:10B22000ECD2C8C682807578137325009308F8FFA6
:10B23000630B030803A8070089050D433378180141
:10B2400089683368180123A0070151781307E70BB9
:10B250008E057D18631165048843337505011168F7
:10B260003365050188C3C846F977FD17E98FDCC649
:10B27000010001001C42930600F89385750D23A47C
:10B28000170117B6FE1F230FD6EC8605BA95860563
:10B29000ECD3C8C7828088433375050188C3C8468C
:10B2A000F977FD17E98FDCC6010001001C42930607
:10B2B00000F89385A50423A4170117B6FE1F2303E6
:10B2C000D6EA8E05E1B78843056833751501336505
:10B2D000050188C3C846F977FD17E98FDCC6010070
:10B2E00001001C428966A90594C7930600F817B6A9
:10B2F000FE1F2309D6E68E051307E70941BF938792
:10B3000081BB9C4389CFD44303A88700984233670D
:10B31000070198C2D447DC4B9842D98F9CC29387CF
:10B3200001BB83C641BB137725009C43858A25CB8F
:10B33000984375757D15698F0965498F98C33707DF
:10B3400009001307670898D3372730084517D8CB6B
:10B35000371703001307976198CF0D671307E78D21
:10B3600098D73767000113070731D8D385C637A7A9
:10B370003F001307F74D9E0598CB9385453697B749
:10B38000FE1F23A5B7DE11C6060697B7FE1F23AF23
:10B39000C7DC8280372737001307F72DE9BF37074F
:10B3A00009001307370898D3372710081307179099
:10B3B000D8CB371703001307476298CF0D671307E1
:10B3C000E78B98D73767000113070731D8D385C6B5
:10B3D00037A73F001307E72C98CB75779306F7FF45
:10B3E000984305489505758F631C050198C38E0524
:10B3F0009385C50369B7372737001307072DE9BFC2
:10B400008566558F98C39205E5B711C93717004077
:10B41000835787012168B3E70701231CF7008E05D6
:10B4200097B7FE1F2383B7D4938701BB22069C43A3
:10B43000498E4D8EB70510004D8EF0D3F85313672B
:10B440004700F8D3984391C6B7060020558F98C39C
:10B450008280B70600E0FD16758FD5BF411106C684
:10B4600017B7FE1F034747D0A1476311F70497B7EB
:10B47000FE1F83C7A7D0858B17B6FE1F034636D2A3
:10B4800097B6FE1F83C6A6D1BDC797B7FE1F938789
:10B49000E7D0C8432DC1834515000905EF0090454D
:10B4A00011C5854717B7FE1FA300F7CC17B7FE1FBE
:10B4B000034787CB9947631CF70097B7FE1F938715
:10B4C00067D6FC5F83C7B70095CBEFF04FEE17B799
:10B4D000FE1F034767C99D476312F70297B7FE1F18
:10B4E000938747D483A7070983C7770081CBB240EE
:10B4F00041016FC00041814501454DB7B240410156
:10B5000082801387C1BB1C43B44BE19AB4CB9443F4
:10B5100093E6860094C39C438D83858B89C7010085
:10B52000010001000100938701BB94439C4293F703
:10B53000F7E793E707089CC2938741BC9043B7069F
:10B54000CEFFFD161C46F58F1CC61C4313070008D2
:10B55000B8CB938781BB9C4399CBD4439047984207
:10B56000518F98C2944BDC4B9842D98F9CC297B7AD
:10B57000FE1FA38A07BE82809387C1BB9C439C4366
:10B580008D8BF9CB411122C426C206C617B7FE1F08
:10B59000034777BD8D47AA8417B4FE1F130444BC2C
:10B5A000631BF70097B7FE1F938747BD9C4B01466F
:10B5B00081454545829719476392E40497B7FE1F7A
:10B5C00083C797BA99CB97B7FE1F83C7E7B963962E
:10B5D000970097B7FE1FA38907B8834774002147D8
:10B5E0006318F7009307801017B7FE1F231EF7B6E6
:10B5F0002244B240924441016FF0BFF09D47639FE7
:10B60000F40097B7FE1F83C737B6E1DB17B7FE1FFD
:10B61000034787B58D47E312F7FC65BF8346740087
:10B62000630BD700034774006387E7008347740008
:10B630002147E31FF7FA97B7FE1F83C7F7B2CDFB89
:10B640008347740017B7FE1F2300F7B2854717B76B
:10B65000FE1FA30BF7B069BF8280011122CC2A84A0
:10B6600011452EC632C436C206CEEFF0FFF09387E6
:10B6700001BB9C43B7083300D857719B1367170071
:10B68000D8D71387C1BB08431307000A78D1984362
:10B690001377F7E798C398431377F7E71367071013
:10B6A00098C3138741BC1843B245924603288700CC
:10B6B000224633681801232407011308A00D23280C
:10B6C0000505C9CD4C5713640404F5994CD713777D
:10B6D000F4078043137404F8598C3747767180C39C
:10B6E0001307971298C7375755001307575517B4C4
:10B6F000FE1F1304E4A6D8C35C48B6853CD997B7AF
:10B70000FE1F238007A697B7FE1FA38C07A45C41EA
:10B71000F99B5CC19147014517B7FE1FA305F7A42C
:10B720009760FE1FE7802029938781BB984311C74C
:10B73000544318479C42D98F9CC283473400858B61
:10B7400091CB97B7FE1F83D767AE850717B7FE1F4C
:10B75000231EF7ACF2406244056182804C57F59994
:10B760004CD71377F4078043137404F8598C37C708
:10B77000898E80C3130767EDB5B7011126CA4AC881
:10B780004EC6C1643709006AB70900AC22CC52C466
:10B7900006CE0544FD141309690E9389E90C130ABA
:10B7A000000205E49305000F4145EF000FA0B7B775
:10B7B000006A4205938767CE5D8DF2406244D244B1
:10B7C0004249B249224A05618280A6850145EF00BF
:10B7D0000FA09317850013F7071033E5270119C34E
:10B7E00033E5370181470147E145B356F500850749
:10B7F0003356F500858A058A6307D6000507137757
:10B80000F70F63E4E504E39247FF81471306F00373
:10B81000ED463357F5001377F70305CB6307C702EF
:10B820008507E398D7FE135785009377F50F1377B5
:10B83000F70FE394E7F8135705011377F70FE39E2B
:10B84000E7F613578501E39AE7F605041374F40F3E
:10B8500089BF17B7FE1F03471791A5476307F70C6A
:10B8600097B7FE1F9387C78F83C777001147630E73
:10B87000F70A9387C1BA9843B7C700409387073048
:10B880006315F70A4111354506C622C426C24AC0CF
:10B89000EFF09FCE138901BB0922EF00B072EFF0E9
:10B8A0000FF983270900F576FD169843938441BC70
:10B8B0001384C1BB758F98C39843B70633001377C1
:10B8C000F7E798C398431377F7E71367071098C310
:10B8D00098401C47D58F1CC71C401307D00DB8CB10
:10B8E000EF108011EF105061EF10E004EF10600DC9
:10B8F000032709001C4393F7F7E793E707081CC3E6
:10B9000094403707CEFF7D179C46B2409244F98F92
:10B910009CC61C40130700082244B8CB97B7FE1FF3
:10B92000A38307840249410182808280238A01BA6D
:10B9300023AC01BAB7C700401387073023A6E1BA8A
:10B940001387072023AEE1BA9387071037D700404B
:10B95000411123A2E1BC23A8F1BA06C617B7FE1F06
:10B96000130707808547A303F70097A7FE1F938758
:10B97000675F9C431CCF938707115CCBEFF07FED93
:10B98000B7E700E037071000B24023A0E710370701
:10B99000200023A0E710410182809387C1BB9C4314
:10B9A0001307C00893066007D8CBD4CFD8D31306AB
:10B9B000C003D0D7D8DBD0DFF8C317A7FE1F13070B
:10B9C000277A184FF4C7F8DB41677D1798C73D67A2
:10B9D0003D07D8C737E700E0D5472309F704976745
:10B9E000FE1F9387E74693E717003CD78280938733
:10B9F00041BC984317A6FE1F13064678938701BBE8
:10BA000094438347160013F8F707D9C588425C4270
:10BA1000137505F83365050188C213F5150001C9D2
:10BA200093F5050341456396A506938707834C5715
:10BA30004168130808A093E525004CD7B3D5070348
:10BA4000B70810FEFD18B3F70703FD8913954501EC
:10BA50006C43B3F51501C98D6CC39305A00F370571
:10BA6000FCFFAA07B3D7B7026C43E98DBA07B983C5
:10BA7000CD8F7CC383470600898B99CB9C4293F77B
:10BA8000F70713E707049C4293F707F8D98F9CC286
:10BA90008280938787C161BF5C57F59B5CD79C42CE
:10BAA00093F707F8B3E707019CC2E9B7411106C64F
:10BAB00097A7FE1F238B076EEFF0BFA401458145BA
:10BAC000EFF01EB1B2400145410182809387C1BBB6
:10BAD0009843797117A5FE1F0345456A22D426D2E3
:10BAE00006D64AD04ECE93761500BE8417A4FE1F0C
:10BAF00013040467638F061283472400858B6386D3
:10BB000007101185014697A5FE1F83C5E5680D89BD
:10BB100097A7FE1F23870764EFF06FFE97A5FE1F10
:10BB200083C5C56591851306F00F8D89054597601E
:10BB3000FE1FE78040E8EFF07FF717A9FE1F13090B
:10BB4000E9638327090101468145054582978347BB
:10BB50003400CA89858BC1CF084C97A7FE1FA382EA
:10BB60000760814581461306F100A307010097A7EE
:10BB7000FE1F2389075E9760FE1FE780E0D99315BB
:10BB80008501E1858DE11C4C9306F00F03C707008A
:10BB9000630BD70097A7FE1F83C757606385D70045
:10BBA0006303F70089458387090063C707001C4CBE
:10BBB0000347F1002380E70083A70901104C93F5A8
:10BBC000F50F0945829797A7FE1F83C7E75D898B0D
:10BBD00081CB854517A5FE1F0345455DEFF0EED4EB
:10BBE000B250225492540259F249456182809C40DD
:10BBF000FC53FDF797A7FE1F2386075683270901ED
:10BC00000146814549458297E1BF7C53E39407EEA5
:10BC1000EFF0DFE9EFF0FEDF97A7FE1F2384075464
:10BC200097A7FE1F938787559C4B01468145454545
:10BC3000D9BF83473400858B85C7EFF03FE797A7CF
:10BC4000FE1FA380075297A7FE1F238D075097A7BB
:10BC5000FE1F9387A7529C4B01468145054565B75A
:10BC60007C53E1FBEFF09FE445BF1C49638D07184F
:10BC7000411122C406C626C2834705002A8493F7D1
:10BC8000070489C75C410945638E0710130600024B
:10BC9000814517A5FE1F1305654E9750FE1FE780CF
:10BCA000204D13060002A28517A5FE1F1305054DA2
:10BCB0009750FE1FE780404897A7FE1F83C7974D08
:10BCC00097A4FE1F9384844B99E79307800217A7DC
:10BCD000FE1FA301F74C97A7FE1F83C7C74B91E731
:10BCE000A14717A7FE1F2308F74A97A7FE1F83C780
:10BCF000974A91E7C54717A7FE1FA30EF74897A7D6
:10BD0000FE1F83C7674991E7ED5717A7FE1F23055D
:10BD1000F74897A7FE1F83C7374891E7ED5717A746
:10BD2000FE1FA30BF7468347040093F7070491CF48
:10BD3000DC4037B724001307F7E9636AF706930777
:10BD4000500217A7FE1FA30BF74297A7FE1F93876A
:10BD5000E744C84309C59760FE1FE780203E97A7C8
:10BD6000FE1F23AF074283C70400858B85C317A539
:10BD7000FE1F034575429305900409059760FE1F59
:10BD8000E780602F97A7FE1F23ACA74083C714004E
:10BD9000014517A7FE1FA30AF7409C4417A7FE1FE3
:10BDA0002328F740B2402244924441018280370761
:10BDB00025009306F74863EDF6003767DBFF1307AE
:10BDC0000793BA971307007DB3D7E702FD1795BF16
:10BDD000130707496395E700930760029DB737D7BC
:10BDE00025001307F777636DF7003767DBFF13074D
:10BDF0000793BA971307007DB3D7E702F91791B7F6
:10BE0000930770023DBF05458280797122D417A443
:10BE1000FE1F1304A4361C4406D626D24AD04ECEAA
:10BE200052CC56CA5AC85EC662C466C26382072C28
:10BE3000138A01BB03270A00938941BC368C1C433B
:10BE40001389C1BBAA8B93F7F7E793E707081CC3D5
:10BE500083A609003707CEFF7D179C46AE84328B40
:10BE6000F98F9CC6832709001307000897AAFE1FB5
:10BE7000938ACA32B8CB97A7FE1F83C7E732898B54
:10BE8000BD4C639407203545EFF00FEF03270A0000
:10BE90005C57F19B93E717005CD783C7CA00898B77
:10BEA00063840720814517A5FE1F0345352DEFF05C
:10BEB0001FB403270A00B70633001C4393F7F7E7C4
:10BEC0001CC31C4393F7F7E793E707101CC383A732
:10BED00009009847558F98C7032709009306A00DBE
:10BEE00034CB8346040093F606046388061C504056
:10BEF000B796DBFF938606813696E1669386066ADF
:10BF000063FDC61A9306800C74D3D8431377F7EFFA
:10BF1000D8C301000100010001000100010001007F
:10BF2000010003A709005C4393E707105CC3832764
:10BF30000A0018448326090017AAFE1F130A4A2282
:10BF400098C75844D8C38347040013F71700DC424E
:10BF5000F99BD98FDCC283C7EA0093E7270017A7B4
:10BF6000FE1F2304F72497A7FE1F2389672397A7A3
:10BF7000FE1FA385872363850B1403254A012686AC
:10BF8000DE8523006501A300950009059750FE1F7B
:10BF9000E780801A8327090003274A018145170596
:10BFA00000001305E5B2B8DB97A7FE1FA38B071AA5
:10BFB00097A7FE1F2388071AEFF08EE18D4717A77A
:10BFC000FE1FA302F71A83C7CA00898B8DCF0327F0
:10BFD00009007C53FDFF938741AE9C43829703A7E2
:10BFE0008A006364E50E198D034704000D818327E1
:10BFF0004A01218B7DC33707800062051307F72FA5
:10C00000598D88C3894497A5FE1F83C5251791853F
:10C01000014526868D899760FE1FE780C09903A79A
:10C02000090001455C578583858BB9C35C40C165B8
:10C03000938505A0938787C1B3D6B702370810FE52
:10C040007D18B3F7B702FD8A139646017443B3F621
:10C050000601D18E74C39306A00F3706FCFFAA0712
:10C06000B3D7D7027443F18EBA07B983D58F7CC397
:10C07000B250225492540259F249624AD24A424B77
:10C08000B24B224C924C456182809760FE1FE78044
:10C0900020F1E3FCACFE97A7FE1F83C7C70F9607EE
:10C0A000C117E3E4A7FEC5B38347040093F7070471
:10C0B000E38A07DE89454840DDBB9306000AA9B53F
:10C0C00083274A0123A06701F1B597A7FE1F938735
:10C0D00067F1DC43998F3E9501BF890493F4F40F17
:10C0E000A3809700A69723800700A380A70021BF05
:10C0F0000545BDBF97A7FE1F9387C71283A7470AB1
:10C1000085C3054582800545B25022549254025998
:10C11000F249624AD24A424BB24B224C456182807C
:10C1200079714AD017A9FE1F130949058327890091
:10C1300006D622D426D24ECE52CC56CA5AC85EC695
:10C1400062C4F1D31384C1BB1C4098430D8B05C35B
:10C15000B84B619BB8CB98431367870098C39C4347
:10C160008D83858B89C70100010001000100138CBC
:10C1700001BB03270C00138A41BC368B1C43B70656
:10C180003300B28B93F7F7E71CC31C43AE89AA8A2E
:10C1900093F7F7E793E707101CC303270A0097A458
:10C1A000FE1F9384A4FF1C47D58F1CC71C40130798
:10C1B000900DB8CB97A7FE1F83C707FF918B89EB24
:10C1C00097A5FE1F83C585FB93F7050463980714A5
:10C1D000814517A5FE1F034575FAEFF05F8117A58E
:10C1E000FE1F0345A5F91185014697A5FE1F83C5CE
:10C1F000A5FA0D89EFF0AF9003270A005C4393F78F
:10C20000F7EF5CC301000100010001000100010023
:10C210000100010003270A005C4393E707105CC399
:10C2200083270C000327890098C70327C900D8C3B8
:10C2300018408347090093F617005C43F99BD58F9C
:10C240005CC397A7FE1FA38C77F597A7FE1F2388D3
:10C2500067F55C43858BA9CFDC4085E317A5FE1FFE
:10C26000034595F39305900409059760FE1FE78049
:10C2700080E097A7FE1F23A5A7F2DC40E38507E82F
:10C2800017A7FE1F0347A7F12380E700DC40638E5A
:10C290000A08638C0908A3803701C8404E86D685FA
:10C2A00009059750FE1FE78020E91C40D840B8DB05
:10C2B0003545EFF06FAC83C7E40093E7470017A75D
:10C2C000FE1F2304F7EE9307000417A7FE1F2309A0
:10C2D000F7E897A7FE1F238707E8A14717A7FE1FC8
:10C2E000A303F7E897A7FE1F9387C7C79C5791CB77
:10C2F00013060064C14517A5FE1F034525EBEFE0BB
:10C300001EFA97A7FE1FA38F07E497A7FE1FA38916
:10C3100007E41C400547014598C3FDB393F50503A9
:10C3200093E51500032549004DBDA3800700B5BF67
:10C3300097A7FE1F238B07E697A7FE1F938707E6A5
:10C34000C843411106C609C59760FE1FE78000DF9C
:10C3500097A7FE1F23A607E417A7FE1F0347D7E0F2
:10C3600097A7FE1F9387C7DF01CF97A6FE1F83C63F
:10C37000A6DF21476396E60017A7FE1FA30607DE88
:10C3800003C7770099466387E60003C777009D4699
:10C39000639DE60083C7770017A7FE1F2306F7DC1F
:10C3A000854717A7FE1FA301F7DCEFF08F95C14566
:10C3B00017A5FE1F034585DFEFF0EE8F0145814590
:10C3C000EFF00EA1B24001454101828039715AD08F
:10C3D00097A7FE1F238A07DC17ABFE1F034B0BDA60
:10C3E0004AD893671B002A89130671009945414575
:10C3F00006DE22DC26DA4ED652D456D25ECE62CC8F
:10C4000066CA17A7FE1F230BF7D6EFF09E876312AD
:10C41000052A19469305F00F130571009750FE1F6A
:10C42000E78020DF85476306F52889472300F10070
:10C43000194697A5FE1F938585B4130511009750E3
:10C44000FE1FE78060CF17A5FE1F0345E5B2EFE0B2
:10C450001FC997AAFE1F938A6AD483C7FA009384E0
:10C4600041AEA306A10017A7FE1FA309F7D083A71B
:10C470004A01F97B056C17A7FE1F2325F7D09C40C6
:10C48000A16C97A9FE1F9389A9CD829797A7FE1F3C
:10C4900023A2A7D2FD1B130CECEB938C0CD003460C
:10C4A00001009546B9450A85EFF03F9683C72900FC
:10C4B000858BF5D717A5FE1F034545CC1185014691
:10C4C000930500020D8997A7FE1F238C07C8EFE094
:10C4D0001FE397A5FE1F83C565CA91851306F00F5C
:10C4E0008D8905459750FE1FE780E04C83C73900D2
:10C4F000858B6386071E03A5890197A7FE1FA3826C
:10C5000007C681460146814597A7FE1F238B07C4B6
:10C510009750FE1FE78040402A8A6312051C03A43F
:10C520008901954703472400631BF71A194697A50D
:10C53000FE1F9385C5A4130594009750FE1FE78046
:10C54000A0C88547631DF51883A749011947814590
:10C5500098C317A5FE1F034565C211850D89EFE03D
:10C560003FC597A5FE1F83C565C1918501468D898D
:10C570000D459750FE1FE780004483C72900858B37
:10C58000638F071497A7FE1F238D07BC9C408297DB
:10C5900097A7FE1F23A8A7C0EFF09FD997A7FE1F5C
:10C5A000A38E07BC97A7FE1FA38007C08347340153
:10C5B00001469305000217A7FE1FA30DF7BC834792
:10C5C000440117A7FE1F2308F7BC8347540117A790
:10C5D000FE1FA302F7BC034704018347F4002207B0
:10C5E0005D8F83471401C2075D8F83472401E207F3
:10C5F000D98F17A7FE1F2327F7B803477401834776
:10C60000640122075D8F83478401C2075D8F8347E2
:10C610009401E207D98F17A7FE1F232BF7B617A7A0
:10C62000FE1FA30507B80147B3D6E700858A89C670
:10C63000050A137AFA0F05460507E317B7FE09C680
:10C6400097A7FE1FA38447B78347A4011306800260
:10C65000914517A7FE1F230FF7B297A7FE1F238F41
:10C6600067B1894717A5FE1F034545B417A7FE1FED
:10C67000230CF7B2EFE0BEC20347010085478144B7
:10C68000631BF7001306340099454145EFF03E8ED9
:10C690000545EFF03E88F250625426854259D25447
:10C6A000B259225A925A025BF24B624CD24C21612F
:10C6B00082808547194697A5FE1F9385458C1305F3
:10C6C00011002300F1009750FE1FE780E0A61946F5
:10C6D000970501009385C5C8130571008DB3EFE080
:10C6E0005FE2630F09007D191379F90F631A0900DE
:10C6F000EFF01FC4854497A7FE1F238167A961BF80
:10C70000034601009387C1BB89469843631AD60448
:10C71000544733F6760150C701000100984309667B
:10C7200010C7130600F897A5FE1F238DC5A2130698
:10C73000E06E70D354C798437C53FDFF9C408297B2
:10C7400003A78A016360E504198DE3FAACD4EFF026
:10C750004EAC9C40829797A7FE1F23ADA7A481B340
:10C76000544733F6760150C701000100984309662B
:10C7700010C7130600F897A5FE1F2385C59E232228
:10C7800087074DBF97A7FE1F9387C785DC43998F07
:10C790003E9565BF938741BC944305671307171007
:10C7A000D8C6514701007D1775FF9843232607001F
:10C7B000514701007D1775FF9843856793871710D0
:10C7C0005CC78280411106C6EFF0DFFC938741BC55
:10C7D0009C43130700483703009098D7B8477D1350
:10C7E000370E0020337767003367C701B8C7B847F3
:10C7F000B70600F9FD16758F37060004518FB8C7CC
:10C80000B8473706F9FF7D16419B13679700B8C7F5
:10C81000B847B7080080B70E0002718FB8C7B84795
:10C82000370600FF7D1633671701B8C7F84745750F
:10C830007D1E619B13673700F8C7F8471377F7F839
:10C8400013670703F8C7EC4793F5F58F93E50530B9
:10C85000ECC7F847718FF8C7F84711663367D701FF
:10C86000F8C703A807051307F5FF7D753378E800BF
:10C870003368C80023A8070503A847057D1513786A
:10C8800008FF1368C80023AA0705F04B13660608C3
:10C89000F0CBF04B698EF0CBC85F798D2167598D55
:10C8A000C8DFCC5F37070040F58DB3E5D501CCDF9D
:10C8B000D05FB70570003376C601598ED0DFD057F0
:10C8C00009674D8ED0D7D057F18ED4D7D45775760F
:10C8D0007D16F18ED98ED4D7D4573706FDFF7D163D
:10C8E00037070200F18ED98ED4D7945BC19A94DBBE
:10C8F000945B93F6F6F094DB945B93F6F68F94DBFF
:10C90000985BB70600504D8F98DB985B33776700D4
:10C91000558F98DB985FB70608FFFD16758FB70631
:10C920008800558F98DF985FB368170123AC170311
:10C93000B24041018280138741BC1C4341767D1681
:10C94000B44BF18EB4CB944737062000D18E94C7F8
:10C95000D44793E60601D4C7D447BD9AD4C7010093
:10C9600001000100010014430566DC4693E707015E
:10C97000DCC6DC42D18FDCC29387C1BB90439307F6
:10C9800000057CD27C5291C783A7C609A183858B01
:10C99000F5DB01000100010001001C43416603A713
:10C9A000C709B44BD18EB4CB9376F701B84B019B3A
:10C9B000558FB8CB9847B706E0FFFD16758F98C71F
:10C9C0008280938741BC9C4341777D17B44F416679
:10C9D000F98EB4CF9447D18E94C7D44793F6F6EF2F
:10C9E000D4C7D443758FD8C3D44793E60610D4C7B1
:10C9F000D843518FD8C38280397122DC138441BC63
:10CA00001C4006DE26DA4AD84ED652D456D25AD028
:10CA10005ECE62CC66CA6AC86EC6D843FD76FD1685
:10CA20001377F7EFD8C39857758F98D7D857B706AD
:10CA300002003D9BD8D79847558F98C7D8431367B6
:10CA40000701D8C3138701BC1443375734121307A7
:10CA50008767E38FE648D84381749384F40F799B0A
:10CA6000D8C3985FB166938606F0658F558F98DFBF
:10CA7000D84313671700D8C39750FE1FE780805C28
:10CA80001C4003A707091377F7032384E1BC03A71E
:10CA9000470929831377F707A385E1BCD843B96613
:10CAA00093860670799BD8C3985F658F558F98DF02
:10CAB000D84313671700D8C39750FE1FE7808058EC
:10CAC0001C4003A707091377F7032385E1BC03A7DD
:10CAD000470929831377F707A386E1BCD843B566D6
:10CAE00093860630799BD8C3985F658F558F98DF02
:10CAF000D84313671700D8C39750FE1FE7808054B0
:10CB000018408327070993F7F703A384F1BC832711
:10CB10004709A98393F7F7072386F1BC1C4003CC90
:10CB200091BC83C681BC03A7070AB386864113F66E
:10CB3000F600419B518F23A0E70A13076002338759
:10CB4000E6021306700283A5070A7D7E130EFE0F10
:10CB500093F5F5F01305400245737D13130430027D
:10CB60003347C702B708F1FFFD1813082002930EE0
:10CB700010027D4FF94FF542F1436D4DD14B454BBE
:10CB8000BD443949314AAD4AB5493D8B12074D8FF5
:10CB90009305500223A0E70A3387B60283A5070A4C
:10CBA000B3F5C5013347C7023D8B22074D8F23A044
:10CBB000E70A3387A60283A5070A370500F17D152A
:10CBC000B3F565003347C7023D8B32074D8F23A075
:10CBD000E70A3387860283A5070A6144B3F5150186
:10CBE0003347C7023D8B42074D8F23A0E70A3387A7
:10CBF000060383A5070A370810FF7D18B3F5050162
:10CC00003347C7023D8B52074D8F23A0E70A338776
:10CC1000D60383A5070AB70E0010FD1EE98D334722
:10CC2000C7023D8B62074D8F23A0E70A139756007A
:10CC30003347C7029315C70103A7070A3377D70104
:10CC40004D8F23A0E70A3387E6035D4F3347C702C2
:10CC50009375F70003A7470A419B4D8F23A2E70A6C
:10CC60003387F60383A5470AD94F93F5F5F0334789
:10CC7000C7023D8B12074D8F23A2E70A3387560266
:10CC800083A5470AD542B3F5C5013347C7023D8B9B
:10CC900022074D8F23A2E70A3387760283A5470A2E
:10CCA000CD43B3F565003347C7023D8B32074D8F47
:10CCB00023A2E70A3387A60383A5470A494DB3F5A4
:10CCC00015013347C7023D8B42074D8F23A2E70A68
:10CCD00069473387E60283A5470AB3F50501334761
:10CCE000C7023D8B52074D8FE54523A2E70A3387E4
:10CCF000B60283A5470AE98D3347C7023D8B620719
:10CD00004D8F23A2E70A338786020D443347C702BB
:10CD10009315C70103A7470A3377D7014D8F23A285
:10CD2000E70A3387E603254F3347C7029375F700B9
:10CD300003A7870A419B4D8F23A4E70A3387F60395
:10CD400083A5870A9D4F93F5F5F03347C7023D8BC6
:10CD500012074D8F23A4E70A3387560283A5870A5B
:10CD60009942B3F5C5013347C7023D8B22074D8F6A
:10CD700023A4E70A3387760383A5870AB3F5650002
:10CD80003347C7023D8B32074D8F23A4E70A338711
:10CD9000760283A5870A9543B3F515013347C70289
:10CDA0003D8B42074D8F23A4E70A3387A60383A553
:10CDB000870A294DB3F505013347C7023D8B52075A
:10CDC0004D8F23A4E70A3387660383A5870AE98D7D
:10CDD0003347C7023D8B62074D8F93954600B3C51D
:10CDE000C50223A4E70A03A7870A3377D701F20510
:10CDF0004D8FB385960223A4E70A03A7C70A419B78
:10CE0000B3C5C502BD894D8F23A6E70A3387260324
:10CE100083A5C70A93F5F5F03347C7023D8B120788
:10CE20004D8FB3C5860223A6E70A03A7C70A337747
:10CE3000C701BD89A2054D8F23A6E70A33874603A4
:10CE400083A5C70AB3F565003347C7023D8B320798
:10CE50004D8F23A6E70A3387560383A5C70AB3F588
:10CE600015013347C7023D8B42074D8F23A6E70AC2
:10CE70003387A60383A5C70AB3F505013347C70265
:10CE80003D8B52074D8F23A6E70A3387E60383A520
:10CE9000C70AE98D3347C7023D8B62074D8F9395D3
:10CEA0003600B3C5C50223A6E70A03A7C70A33772E
:10CEB000D701F2054D8FB385F60323A6E70A03A732
:10CEC000070B419BB3C5C502BD894D8F23A8E70A57
:10CED0003387560283A5070B93F5F5F03347C70256
:10CEE0003D8B12074D8F23A8E70A3387760283A56F
:10CEF000070BB3F5C5013347C7023D8B22074D8FA2
:10CF000023A8E70A139726003347C70283A5070B18
:10CF1000B3F565003D8B32074D8FB3C5360323A8AB
:10CF2000E70A03A7070B33771701BD89C2054D8FA9
:10CF300023A8E70A139716003347C70283A5070BF8
:10CF4000B3F505013D8B52074D8FB3C5C60223A82B
:10CF5000E70A03A7070B698FBD89E2054D8F23A858
:10CF6000E70A03A7070B930580023377D70123A8AD
:10CF7000E70A03C7A1BC3307EC40B34DB70283AC4B
:10CF8000470B93FC0CFFB34B770393FDFD00B3EC11
:10CF9000BC0123AA970B83AC470BCD4D93FCFCF04F
:10CFA00093FBFB00920BB3EB7C0123AA770BB30B33
:10CFB000870283AC470BB3FCCC01B3CBBB0293FB22
:10CFC000FB00A20BB3EB7C01B34CA70323AA770BA6
:10CFD00083AB470BB3FB6B0093FCFC00B20CB3EBD1
:10CFE0009B0123AA770BA14BB34B770383AC470B71
:10CFF000B3FC1C0193FBFB00C20BB3EB7C0123AA27
:10D00000770BB30B570283AC470BB3FC0C01B3CBCC
:10D01000BB0293FBFB00D20BB3EB7C0123AA770B83
:10D02000B30BF70383AC470BB3FCAC00B3CBBB0231
:10D0300093FBFB00E20BB3EB7C01B34C770223AA1A
:10D04000770B83AB470BB3FBDB01F20CB3EB9B011C
:10D05000B30CE70323AA770B83AB870B93FB0BFF80
:10D06000B3CCBC02B30A570393FCFC00B3EB9B01A7
:10D0700023AC770B914B83AC870B93FCFCF0B34B49
:10D080007703330A470393FBFB00920BB3EB7C015E
:10D0900023AC770B83AB870BD54CB3FBCB01B3CA67
:10D0A000BA02B309370393FAFA00A20AB3EA5B01A2
:10D0B00023AC570B83AA870BD94BB3FA6A00334AC8
:10D0C000BA0233092703137AFA00320A33EA4A0113
:10D0D00023AC470B03AA870BE14A337A1A01B3C981
:10D0E000B902B304970293F9F900C209B3693A018E
:10D0F00023AC370B83A9870B654AB3F90901334980
:10D10000B902B3C4B4021379F900520933E9290111
:10D1100023AC270B03A9870BE9493379A900330B0B
:10D120006703BD88E204B36499001319470023AC78
:10D13000970A83A4870BB3F4D4013349B902334B64
:10D14000BB027209B3E4240123AC970A83A4C70B82
:10D15000C198137BFB0033EB6401C944B30497020D
:10D1600023AE670B03A9C70B5D4B1379F9F0B3C46A
:10D17000B402BD889204B364990023AE970AB30445
:10D18000B70303A9C70BF54D3379C901B3C4B40282
:10D19000BD88A204B364990023AE970A8944B344BE
:10D1A000970203A9C70B33796900BD88B204B36441
:10D1B000990023AE970AB304970303A9C70BF94C50
:10D1C00033791901B3C4B402BD88C204B3649900B1
:10D1D00023AE970AB304770303A9C70BFD4B33793A
:10D1E0000901B3C4B402BD88D204B364990023AE6C
:10D1F000970AB304670303A9C70B130B1002337913
:10D20000A900B3C4B402BD88E204B364990023AE9C
:10D21000970AB304570303A9C70B930A2002337973
:10D22000D901B3C4B402F204B364990023AE970ADF
:10D23000B304470303A9070C130A3002137909FF4B
:10D24000B3C4B402BD88B364990023A0970CB3049F
:10D25000370303A9070C930940021379F9F0B3C40B
:10D26000B402BD889204B36499006D4923A0970C61
:10D27000B304270303A9070C3379C901B3C4B4026B
:10D28000BD88A204B364990023A0970CF144B304B1
:10D29000970203A9070C33796900B3C4B402BD88AF
:10D2A000B204B364990023A0970CB304B70303A995
:10D2B000070C33791901B3C4B402BD88C204B36446
:10D2C000990023A0970CB304970303A9070C3379A3
:10D2D0000901B3C4B402BD88D204B364990023A089
:10D2E000970CB304770303A9070C3379A900B3C4DF
:10D2F000B402BD88E204B364990023A0970C931490
:10D300005700B3C4B4021399C40183A4070C3306B5
:10D31000C702B3F4D401B3E4240123A0970C03A9FA
:10D32000470C137909FFB3046703B3C4B402BD8883
:10D33000B364990023A2970CB304570303A9470CC5
:10D340001379F9F0B3C4B402BD889204B3649900B0
:10D3500023A2970CB304470303A9470C3379C901EF
:10D36000B3C4B402BD88A204B364990023A2970C8D
:10D37000B304370303A9470C33796900B3C4B4027B
:10D38000BD88B204B36499001309500223A2970C1C
:10D39000B304270303A9470C33791901B3C4B402BA
:10D3A000BD88C204B364990023A2970C9304600261
:10D3B000B304970203A9470C33790901B3C4B4023B
:10D3C0003346B602BD88D204B364990023A2970CF9
:10D3D00083A4470CE98C3D8A6206458E23A2C70CC4
:10D3E00003A6470C9314C7013376D601458E23A2BA
:10D3F000C70C130690023306C70283A4870CC1989A
:10D400003346B6023D8A458E23A4C70C1306A002FC
:10D410003306C702B345B60203A6870C1376F6F0AF
:10D42000BD899205D18D23A4B70C83C5C1BC03C6A9
:10D43000D1BC3386C540B304A60303A9870C337956
:10D44000C901B3C4E40293E48400BD88A204B364B8
:10D45000990023A4970CB304E60303A9870C33793E
:10D460006900B3C4E40293E48400BD88B204B364E9
:10D47000990023A4970C93143600B3C4E40203A9C3
:10D48000870C3379190193E48400BD88C204B36426
:10D49000990023A4970CB304F60303A9870C3379EE
:10D4A0000901B3C4E40293E48400BD88D204B364E8
:10D4B000990023A4970CB304560203A9870C33796F
:10D4C000A900B3C4E40293E48400BD88E204B36419
:10D4D000990023A4970CB304760203A9870C33792F
:10D4E000D901B3C4E40293E48400F204B364990064
:10D4F00023A4970C93142600B3C4E40203A9C70C19
:10D50000137909FF93E48400BD88B364990023A6CE
:10D51000970CB304860203A9C70C1379F9F0B3C4BE
:10D52000E40293E48400BD889204B364990023A6C6
:10D53000970C93141600B3C4E40203A9C70C337903
:10D54000C9013347E60293E48400BD88A204B364B2
:10D55000990023A6970C03A6C70C337666001367C1
:10D5600087003D8B3207518F23A6E70C03A7C70C1A
:10D570003377170123A6E70C03C7B1BC0D8F3346E1
:10D58000D70293F5F507E2053D8A9314460103A6F9
:10D59000C70C3304870233760601458E23A6C70CD9
:10D5A0001316170083A4C70CE98C3346D6023D8AB4
:10D5B0006206458E23A6C70C03A6C70C3344D402CB
:10D5C000B37ED60113162700B3037702720433E447
:10D5D0008E0023A6870C3346D602B3025702937EF1
:10D5E000F60003A6070D419A3366D60123A8C70C9F
:10D5F00003A6070DB3C3D3021376F6F0B3C2D2026B
:10D6000093F3F3009203B363760023A8770C03A689
:10D61000070D337EC601B30FF70393F2F200A202A7
:10D62000B3625E0023A8570C03A6070D3373660090
:10D6300013163700B3CFDF02330FE70393FFFF006A
:10D64000B20FB36FF30123A8F70D03A3070DB3784F
:10D6500013013346D602330DA7033D8A420633E653
:10D66000C80023A8C70C03A6070D33780601334F63
:10D67000DF02B346DD02137FFF00520F336FE80174
:10D6800023A8E70D03A7070D798DBD8AE206C98E91
:10D6900023A8D70CD84385663D9BD8C3D843799B34
:10D6A000D8C39857558F98D7D857B7060081FD161D
:10D6B00013670701D8D71377FC0303AC8703137CE8
:10D6C0000CFC336CEC0023AC8703985F758FD98D0D
:10D6D0008CDF6254F250D2544259B259225A925AB3
:10D6E000025BF24B624CD24C424DB24D21618280C2
:10D6F00023A001BC6FF08FC2138741BC1443DC42EE
:10D7000093F7F7EFDCC20100010018435C4393E795
:10D7100007105CC38280411106C6F92D9305604055
:10D72000EF10D07EB2400145410182806F008072CF
:10D7300019C591C509C68357060001459DE301112E
:10D740000565C9471306F100130555C3854506CE87
:10D75000A307F100EF10507BF2400345F100056193
:10D760008280828001119797FE1F2383A7B00565F1
:10D770001306F100130595C4854506CEA3070100E5
:10D78000EF109078F2400345F100056182800111AD
:10D790001305910006CEDD252304A10005653000A8
:10D7A00025059D45EF105076F24003458100056147
:10D7B000828001111305D10006CEDD252306A100CC
:10D7C0000965700009059145EF101074F24003459A
:10D7D000C10005618280011106CEF525A307A100D5
:10D7E00009651306F10015058545EF10F071F2404B
:10D7F0000345F10005618280011106CEEF00A0779C
:10D80000A307A10009651306F10029058545EF105E
:10D81000B06FF2400345F10005618280011106CE30
:10D82000EF001005A307A10009651306F1003905F3
:10D830008545EF10706DF240014505618280011150
:10D8400006CEEF00503EA307A10009651306F100C4
:10D8500041058545EF10506BF2400345F10005612D
:10D860008280011106CEEF00301CA307A1000965DC
:10D870001306F10045058545EF101069F240034598
:10D88000F10005618280411106C622C4EF0090229A
:10D890008965CD052A84EF1070672285B240224445
:10D8A0004101828001111305510006CEEF00F03CCA
:10D8B0002302A100096550006105A545EF10D06461
:10D8C000F240014505618280411106C6EF00503EDD
:10D8D0008965E505EF109063B24001454101828002
:10D8E000011106CE22CC2A84EF00B0512306A100FC
:10D8F0000965A30681007000218069058D45230715
:10D900008100EF107060F240624401450561828041
:10D91000011106CE22CC2A84EF0070612306A100FB
:10D920000965A3068100700021806D058D452307E0
:10D930008100EF10705DF240624401450561828014
:10D94000011106CE22CC2A84EF0000752306A10027
:10D950000965A306810070002180130505028D452D
:10D9600023078100EF10505AF240624401450561DF
:10D970008280011106CE22CC2A84EF00F006230615
:10D98000A1000965A306810070002180130515021E
:10D990008D4523078100EF103057F2406244014566
:10D9A00005618280011106CEEF00705DA307A10022
:10D9B00009651306F100130575028545EF10D05473
:10D9C000F2400345F10005618280011106CEEF00AF
:10D9D0005066A307A10009651306F100130595021F
:10D9E0008545EF107052F2400345F10005618280D9
:10D9F000011106CEEF00B068A307A1000965130668
:10DA0000F1001305D5028545EF101050F240034593
:10DA1000F10005618280011106CEEF00506CA30772
:10DA2000A10009651306F1001305E5028545EF1015
:10DA3000B04DF2400345F10005618280011106CE30
:10DA4000EF00D06EA307A10009651306F1001305CE
:10DA500015038545EF10504BF2400345F100056179
:10DA60008280011106CEEF104024A307A1000965B2
:10DA70001306F100130575038545EF10F048F240D9
:10DA80000345F10005618280011106CEEF10C03818
:10DA9000A307A10009651306F10013058503854559
:10DAA000EF109046F2400345F100056182800111BC
:10DAB00006CEEF106050A307A10009651306F10020
:10DAC000130595038545EF103044F2400345F100FE
:10DAD00005618280011106CEEF108068A307A100C6
:10DAE00009651306F1001305E5038545EF10D041E4
:10DAF000F2400345F10005618280011106CEEF106E
:10DB00006075A307A10009651306F1001305F5036D
:10DB10008545EF10703FF2400345F10005618280BA
:10DB2000011106CEEF105009A307A10009651306E5
:10DB3000F100130505048545EF10103DF240034543
:10DB4000F10005618280011106CEEF103018A307A5
:10DB5000A10009651306F100130525048545EF10A2
:10DB6000B03AF2400345F100056182809787FE1FBD
:10DB7000239AA76E01458280011106CEEF10D01FB7
:10DB8000A307A10009651306F100130515058545D6
:10DB9000EF109037F2400345F100056182800111DA
:10DBA00006CEEF10B026A307A10009651306F10009
:10DBB000130525058545EF103035F2400345F1008A
:10DBC000056182805D711303D1031AD203430107FB
:10DBD00086C61AD00343C1061ACE034381061ACC67
:10DBE000034341061ACA034301061AC80343C10589
:10DBF0001AC6034381051AC4030341051AC203432D
:10DC000001051AC0EF001057230EA1020965701814
:10DC1000130565038945EF10302FB6400345C10356
:10DC2000616182809787FE1F83D7676099E79307BA
:10DC3000F01F1787FE1F231CF75E9787FE1F83D7F1
:10DC4000075FA146014513F707108607C207335740
:10DC5000D740C183598D13D6574013D79740318F82
:10DC6000058BFD161375F50FD98FF1FE1787FE1F73
:10DC7000231FF75A82809787FE1F83D7675B81EB4C
:10DC8000E17793C7F7FF1787FE1F2313F75A97878C
:10DC9000FE1F83D7E759B94601451168194633F786
:10DCA00007018607C2073357D740C183598D13D761
:10DCB000E74093D5F700058B2D8FFD161375F50FF3
:10DCC000D98FE39EC6FC1787FE1F2313F756828069
:10DCD000011126CA4AC84EC656C29787FE1F9387AF
:10DCE000274806CE22CC52C45AC0AE893289B68AA1
:10DCF000C44B35C9AD472A8463EEA7021304F5FF70
:10DD00001374F40F631D0906268A338B990063127E
:10DD10004B071379F9009386FAFF228523802401AB
:10DD2000A380340193F6F60F4E868545EFD0FF921F
:10DD3000014505A0B147630BF5029307600263E557
:10DD4000A7001304E5FF6DBF930770024945E30B7D
:10DD5000F4FAF2406244D2444249B249224A924A19
:10DD6000024B056182801304500269BF13046002F4
:10DD700051BFEFF03FEB2301AA00050A49BF8547D9
:10DD8000631CF9004E869305000F1385240097301D
:10DD9000FE1FE780E03DB5BF89476316F9004E8658
:10DDA0009305A00ADDB78D47631DF900268A338BE2
:10DDB0009900E3004BF7EFF01FEC2301AA00050ADE
:10DDC000CDBF91476316F9004E869305F00F75BFDE
:10DDD00095476315F9004E86814545BF9947631500
:10DDE000F9004E86BD4555B79D474945E313F9F601
:10DDF0004E869305500551BF011106CE931745017C
:10DE000063D40702EF70E05D894719C983460500B6
:10DE10001147B1476396E60095472300F500C947CF
:10DE2000F2403E85056182802EC6EF902052C947A0
:10DE300065D90347A500418B65D7B2458347B50037
:10DE4000230AB50491E7E9472308F5008147C9BFD4
:10DE5000ED47DDBF011106CE22CC2EC6EF90004F5C
:10DE600001CDB2452A84EF80000DA305A40201452F
:10DE7000F2406244056182804945DDBF1787FE1F7D
:10DE80001307473A814799468345870E3306F500C5
:10DE900085072300B6000507E398D7FE0145828079
:10DEA0009787FE1F9387070C03D707012300E50020
:10DEB00003D707012183A300E50083C7F7002301EF
:10DEC000F5000145828019E1494582809787FE1F50
:10DED00093874735F84B411122C406C62A8409C7E7
:10DEE0000347C700314525E3F85F09C70347B7007B
:10DEF000314531EB83A7070989C783C777003145CF
:10DF0000B9E385471946A2851785FE1F13056540AD
:10DF10001787FE1F2309F7309730FE1FE780C021C7
:10DF2000834754001307000C93F7070C6391E70233
:10DF30001946A2851785FE1F1305053E9730FE1F63
:10DF4000E780801F0145B24022444101828081EB7D
:10DF50001946A2851785FE1F1305653CC5B7130733
:10DF600000044945E391E7FE1946A2851785FE1F87
:10DF70001305453BE1B7411126C29784FE1F9384E8
:10DF8000642A22C4E04806C611C47C48139747009F
:10DF9000634C070CFC5099E74945B2402244924437
:10DFA0004101828009ED1305000FEF60807B6DD584
:10DFB0008347C500F5D3EF60101F0145F9BF054742
:10DFC000E31CE5FC15EC014582972A8445C1856771
:10DFD000938707802310F502930700702317F5003D
:10DFE0008D47230CF500A30A050219469785FE1FED
:10DFF0009385C531130565039730FE1FE780C01375
:10E000000347C4008547E309F7F88347E400B98B69
:10E0100095C30347E40085476318F7028947231037
:10E02000F402224403A38406B24092441305000F75
:10E0300041010283EF70D0119787FE1F83C7F7F36A
:10E040008D8BE318F5FC89BF835704021167637554
:10E05000F7002310E402F1B7930600023E87E3FACB
:10E06000D7FE13070002F5B7314505BF1D4535B78B
:10E070009787FE1F9387071B83A70709314581CF29
:10E0800083C7770089CB411106C6EF90B01FB2401D
:10E090000145410182808280011126CA4AC84EC6CC
:10E0A00052C456C25AC02E89368BBA89BE8A06CE51
:10E0B00022CCB284428AEF9060291307A9FF42075D
:10E0C000856741839386A7C763EEE610938707C8E9
:10E0D0002A84494563E8970A63E6240B1307301F37
:10E0E0006362670B63E0370B93071B00B3879702EC
:10E0F00013973900860763D7E70849C4834714019B
:10E1000013F747003DC7ED9BA308F4008347B40015
:10E11000231A2407231B9406D5EF03578406C167EF
:10E12000FD17630BF706631999068357A403231B96
:10E13000E404231CF4049787FE1F83D7A7198D4698
:10E14000114763E5F600850713F7F70FA30AE40408
:10E150002285EF70100283570404A907231FF404DB
:10E160008327440A93E717002322F40AC547A30E26
:10E17000F400231C5407231D4407231D6405231E9C
:10E1800034050145F2406244D2444249B249224A30
:10E19000924A024B056182808357440691CFB3D4E3
:10E1A000F4024A87B3879702C207C1836373F900F9
:10E1B0003E87231CE40441B7B305990085814A8555
:10E1C000EFD0FE80231CA404930584052685EF4030
:10E1D000606E95B78327840A93E707022324F40A25
:10E1E000C14771B7494579BF01112EC606CEEF90E0
:10E1F000E015B24509E54945F24005618280834753
:10E200001501A305B50213F7470075D7ED9BA308C9
:10E21000F500BD472306F5028327850A93E727000B
:10E220002324F50A0145C9BF1787FE1F130787FF7F
:10E230007C4B81CB83C6C70089C683C6D700C9473C
:10E24000A1E27C5F89CB83C6B70091C683C6070174
:10E25000C947858A95E68327070981CB03C77700DD
:10E2600009C703C7D700C94701EF1787FE1F034738
:10E2700027079787FE1F83C7B706636AF7009D4786
:10E280003E8582809D47F2403E8505618280011176
:10E29000A304A10019461305A10006CE9730FE1F66
:10E2A000E78080E92800EFC03FB28547E31CF5FC1A
:10E2B0008147D1BF797126D24AD04ECE06D622D41C
:10E2C0002E89B28936C63AC43EC242C0EF900008D9
:10E2D000C94455C99305A9FFC20505662A84C181B1
:10E2E0001305A6C7C9446360B50A130606C8636C64
:10E2F000360963EA2909B2469305301F63E5D5085C
:10E3000022476362E6081386160033062603931538
:10E310003700635AB60603461401B144058A25E660
:10E320000326440A1376162039EE92470248231E2C
:10E33000E4040347B400231CF406231A2407231B18
:10E340003407231D0407231DD4048347D4018144CB
:10E3500059EF95EB83270410898B95CF31469305B0
:10E36000F00F130584069730FE1FE78060E08327D7
:10E37000440A2314040693E707202322F40AC9471A
:10E38000A30EF4008144B2502254268502599254BF
:10E39000F2494561828063093905B3852901858188
:10E3A0004A85EFD0CEE2231CA404930584054E8554
:10E3B000EF4040509787FE1F83D7C7F18D46114726
:10E3C00063E5F600850713F7F70FA30AE404228537
:10E3D000EF70205A83570404A907231FF4048327EE
:10E3E000440A93E7170051BF231C2405E1B7C1FF7E
:10E3F00083278410898B95C731469305F00F130549
:10E4000084069730FE1FE780A0D68327440A231492
:10E41000040693E707202322F40ACD47A30EF40055
:10E420009DB7E9448DB79787FE1F9387A7DFF84B09
:10E4300001CB8346C70089C60347D70049450DEF86
:10E44000F85F09CB8346B70091C6034707014945EA
:10E45000058B1DE383A7070981CB03C7770009C795
:10E4600083C7D700494589EB411106C6EFC09FA17C
:10E47000B2400145410182808280411122C426C2FE
:10E480004AC006C62A890144A1449305F00F0545F8
:10E49000EFD0AED1B30789002380A7000504E316AF
:10E4A00094FEB240224492440249014541018280D7
:10E4B000011122CC4AC806CE26CA2EC6328936841D
:10E4C000EF80D068630D05128347B500AA84B2457A
:10E4D0000945DDEB21461385F4189730FE1FE780D0
:10E4E000A0C5A38B241913598900238C24198347B1
:10E4F000E4000346D4008345F4008346C400A20729
:10E50000420603C5C404B297AE97E20603A7440AC5
:10E51000B69749C123A6F40A8347A4008346940012
:10E5200013670702A207C206B6978346B400B697E0
:10E5300083468400E206B69723A8F40A8347640062
:10E5400083465400A207C206B69783467400B69766
:10E5500083464400E206B69723AAF40A83472400C0
:10E5600083461400A207C206B69783463400B697C6
:10E5700083460400E206B69723ACF40A8547A386D7
:10E58000F40423A2E40A0145F2406244D244424921
:10E590000561828023A6F40C8347A400834694007F
:10E5A00013678700A207C206B6978346B400B697E2
:10E5B00083468400E206B69723A8F40C83476400E0
:10E5C00083465400A207C206B69783467400B697E6
:10E5D00083464400E206B69723AAF40C834724003E
:10E5E00083461400A207C206B69783463400B69746
:10E5F00083460400E206B69723ACF40C59B70945EC
:10E6000061B7011106CE2EC6EF805054630F05107E
:10E610008346B5000547AA87B24505456391E60ADA
:10E6200083C60701130740020145639AE60803C742
:10E63000E50083C6D5002207C206369783C6F500DB
:10E64000369783C6C500E206369783C6D704BDCA8F
:10E6500023A6E70A03C7A50083C695002207C206C2
:10E66000369783C6B500369783C68500E20636978F
:10E6700023A8E70A03C7650083C655002207C20620
:10E68000369783C67500369783C64500E2063697EF
:10E6900023AAE70A03C7250083C615002207C2067E
:10E6A000369783C63500369783C60500E20636974F
:10E6B00023ACE70A1307A0022388E7000145F240D4
:10E6C0000561828023A6E70C03C7A50083C69500D9
:10E6D0002207C206369783C6B500369783C68500E3
:10E6E000E206369723A8E70C03C7650083C65500EA
:10E6F0002207C206369783C67500369783C6450043
:10E70000E206369723AAE70C03C7250083C6150047
:10E710002207C206369783C63500369783C60500A2
:10E72000E206369723ACE70C71B7054549BF4111A6
:10E7300006C6EF80B04131C18346B5000547AA87C0
:10E7400009456399E60283C60701130740026393F4
:10E75000E6020D472386E7021947A385E702130760
:10E7600050022388E70003C7A7020145136717007B
:10E770002385E702B240410182800945E5BFAA87AF
:10E780001788FE1F034818AA1785FE1F130585A9C1
:10E790002A8763080802684911C50348C500314546
:10E7A00063180808685F11C50348B5003145631157
:10E7B00008080325070911C5034875003145631989
:10E7C00008069788FE1F83C828B21788FE1F0348D3
:10E7D000B8B11D4563FE08050327870D494513772A
:10E7E000070439C75D71A6C22800B284194686C6DF
:10E7F000A2C4A303F10036849730FE1FE780C093C4
:10E80000A6851305E10241469730FE1FE780C092BE
:10E81000A2851305E10141469730FE1FE780C091B4
:10E820004800EFA0004DB6402644964461618280C6
:10E8300082809786FE1F83C6F69E8DCA1787FE1FAD
:10E840001307479EBA87784B09C70347C700494556
:10E8500015E7F85F09C70347B700494505E383A7F4
:10E86000070989C783C77700494589EB411106C667
:10E87000EFA0E05DB2400145410182808280978730
:10E88000FE1F9387279A9786FE1F83C6B6993E87F9
:10E8900085C6FC4B89C783C6C700C94785EE7C5F28
:10E8A00089C783C6B700C94795E68327070989C783
:10E8B00083C67700C94799EE9787FE1FA384A79662
:10E8C0008327070E11C993E707601787FE1F232BC5
:10E8D000F7A281473E85828093F7F79FFDB7130724
:10E8E00000643305E50241119787FE1F93878793E4
:10E8F00022C403A4870C26C24AC006C6BE841309DC
:10E90000F00F1787FE1F2329A79401E8B240224485
:10E910009244024901454101828003450400630598
:10E920002501CC58EFC0FE85405CC5B79787FE1F18
:10E93000A386A792937715001787FE1F1307878E6C
:10E9400081EF8347C703ED8F6384B7004945828019
:10E950009786FE1F2385F69093772500014591EB5E
:10E960008347D703F18FE393C7FE9787FE1FA388E2
:10E97000C78E82805D71A6C29784FE1F9384848AAD
:10E9800003A34405CAC04EDE62D466D26AD086C6EE
:10E99000A2C452DC56DA5AD85ED66ECE030C4105BC
:10E9A0008349810503490106834CC106034D0107D4
:10E9B0006309030203234305131453006353040242
:10E9C0003143B640264496440649F259625AD25A17
:10E9D000425BB25B225C925C025DF24D1A85616122
:10E9E00082800D4E4943E36EFEFC93FD0501638D6D
:10E9F0000D08054EE397C9FD3AC6468B42C43EC298
:10EA0000B68BB28A2E842AC0EF50B0552A8A32477C
:10EA100019E9FC50054582972A8A1D435DD182473A
:10EA200032472304F500930500026391BB028D4534
:10EA30006310B90A0355CA019305900F13035004DC
:10EA4000E3E1A5F80355EA01E3EDA5F69375F40FAC
:10EA50002300BA0663810D1C3D8815456312A40886
:10EA6000130510F82307AA004543E3EC5BF57D4549
:10EA70004543E37855F51165E36575F533865B012C
:10EA800005822310CA02B5A093FE35004943E38AEC
:10EA9000CEF393FE8500E3960EF26392C90303C39F
:10EAA000C40313734300E30D03F0E30739F509438F
:10EAB000E31469F403C3C4031373230039A0E318F8
:10EAC000C9FF03C3C40313734300E31703F2CDBDAF
:10EAD0008545E31DB9F60355CA019305D02EB9BF8C
:10EAE00035456310A41285462307DA0089462310B2
:10EAF000DA02A307EA00631507160547230CEA00AC
:10EB000093F5050281E59247A30AFA021946814569
:10EB10005A859720FE1FE780C06F63140516A24731
:10EB20000547230EEA02A30EFA021946DA851305F9
:10EB3000EA039720FE1FE780206003470105A30634
:10EB4000EA001307F0076311EC141777FE1F130791
:10EB5000674103474701D6572380E70003055A0161
:10EB6000EFC0AFDE2304AA06EFC06FD7D657A30AC3
:10EB7000AA000D472380A7006391E912638D0C0062
:10EB800093F61C0099C603C7C403218B19E3E389DC
:10EB90003CE32305DA0609472302EA060347C105D9
:10EBA000A302EA0603470A06418B1DEB1307F9FF90
:10EBB0001377F70F89464943E3E5E6E08D46631393
:10EBC000D90E630D0D0013761D0019C683C6C4034C
:10EBD000A18A99E2E3062DDFA305CA06A301EA068E
:10EBE00003474106B70600080143A300EA060347AE
:10EBF0008106A303EA0603274A05558F232AEA0460
:10EC0000C9B309456314A4001945A9BDE30C04E484
:10EC100023070A0091BD1D452307AA0013F815001C
:10EC200013F54500630B0800114811C10548A30FF7
:10EC30000A050545230FAA0405BD13F8250063093D
:10EC40000800094811C11548A30F0A050945DDB799
:10EC50000D4811C11948A30F0A05230F0A0429B54D
:10EC6000230C0A0081460D453356D740058A11C64C
:10EC700003468A010506230CCA008506E396A6FE14
:10EC800041B5230E0A0255BD194763458701A30A02
:10EC90008A01E9B5A30AEA00D1B523050A062302D1
:10ECA0000A06EDBDA3050A0615BF9777FE1F9387D9
:10ECB0006757F04B01114EC606CE22CC26CA4AC871
:10ECC00052C4BE8911C67C4A13965700634E060093
:10ECD0003A8AB6842E89EF50D0282A8419ED83A76A
:10ECE00049051305200491C33145F2406244D244E2
:10ECF0004249B249224A056182800347E5008547BF
:10ED000001453D8BE303F7FE03470406418B41CBEE
:10ED10008D476304F9004945C9BFFD47E3ED97FE00
:10ED2000231E04008D476316F90CC5CC8357C4011C
:10ED30001777FE1F0357A7561D45B3869700E34676
:10ED4000D7FA0347C40015C783560402130700020D
:10ED50006391E602034734068D466319D70A130709
:10ED6000900F13055004E362F7F88357E401E36E54
:10ED7000F7F68D471D45E31AF9F69305800C054516
:10ED8000EFC0BEC28357C40612052324440385077F
:10ED9000BD8BC98F2316F406231E940089A8137710
:10EDA000D90FE30FF7F611476315E9047848931676
:10EDB0007700E3C206F60347C400E31EF7F4835767
:10EDC000C401B1DBA9F89305800C0545EFC0FEBD79
:10EDD0008357C40612058507BD8BC98F2316F40619
:10EDE00039A07C48370700FF7D17F98F7CC80145A3
:10EDF000EDBD9307D9FF93F7F70F0547E378F7F2D7
:10EE000099D88347C400E393E7F2F9BD8546E3123E
:10EE1000D7F61307D02EB1B79777FE1F9387874099
:10EE2000F04B01114EC606CE22CC26CA4AC852C4A7
:10EE3000BE8911C67C4A13965700634E06003A8A73
:10EE4000B6842E89EF50F0112A8419ED83A7490565
:10EE50001305200491C33145F2406244D244424933
:10EE6000B249224A056182800347E5008547014592
:10EE70003D8BE303F7FE03470406418B55CF8D47D7
:10EE80006304F9004945C9BFFD47E3ED97FE231F21
:10EE900004008D47631CF90EF5C08357E401177712
:10EEA000FE1F0357C73F1D45B3869700E346D7FAB9
:10EEB0000347C40015C78356040213070002639179
:10EEC000E602034734068D466310D70E8356C4010D
:10EED0001307900F13055004E360D7F8E36EF7F6BD
:10EEE0008D471D45E31AF9F65C548DC783476406C8
:10EEF000898B8DC3085819CD8347A50081CFEF902A
:10EF000070590C58194613056403B1059720FE1F6C
:10EF1000E78080229305800C0545EFC01EA983572A
:10EF2000C4061205232644038507BD8BC98F23160B
:10EF3000F406231F940089A81377D90FE309F7F487
:10EF400011476315E904784893166700E3CC06F28D
:10EF50000347C400E318F7F28357E40185D79DF017
:10EF60009305800C0545EFC05EA48357C4061205C7
:10EF70008507BD8BC98F2316F40639A07C48370757
:10EF800000FE7D17F98F7CC80145F9B59307D9FFBD
:10EF900093F7F70F0547E372F7F0E38504EE834735
:10EFA000C400E39CE7EE45BD8546E31BD7F28356DC
:10EFB000C4011307D02E39BF5D71A6C29774FE1F1E
:10EFC0009384442603A8440586C6A2C4CAC04EDE64
:10EFD00052DC56DA5AD85ED662D466D26AD06ECE89
:10EFE00063080802832748051394570063520402FC
:10EFF0003145B640264496440649F259625AD25ADF
:10F00000425BB25B225C925C025DF24D6161828088
:10F010003AC632C493771500B68989C76391051043
:10F020004945C1BF91E9A04C19E00145D9B72285F6
:10F03000EF5070170040CDBFE30908FE4285EF5046
:10F040009016E5B77849B70700037D8F55F303475E
:10F05000F505630487016315970103D7EA0149DBCE
:10F0600003C75A036301270903C7EA00631927018D
:10F07000131714004E9703570700E3E3EDFAB85453
:10F080007D141374F40F45CB93161A00B69903D769
:10F090000900B2479305800C2397EA063E9A03477E
:10F0A0000A00054523980A06A384EA06EFC0FE8FEE
:10F0B00003D7CA061205264405073D8B498F2396C0
:10F0C000EA0603A3840603C50B00B640964406492E
:10F0D000F259625AD25A425BB25B225C925C025D88
:10F0E000F24D61610283138B8A05194681455A8569
:10F0F0009720FE1FE780E011631925011946EA8574
:10F100005A859720FE1FE7802003194681455A85BE
:10F110009720FE1FE780E00FE31825F511B7FD15D6
:10F1200013F4F50F094C954C0549177DFE1F130D7F
:10F130004D1E930D00089307F00FE303F4EEA24772
:10F14000228AB38B870003C50B00EF508061AA8A27
:10F15000E31A05EEFC4813052004E39B07E851BDC4
:10F160009777FE1F9387070CFC4B95C3FC4B1397B7
:10F170005700635E0700B1473E858280B147F24089
:10F180006244D2444249B2493E8505618280011100
:10F1900022CC26CA4AC84EC606CEB6893289AE846B
:10F1A000EF50205C2A849307200471D9C947E36893
:10F1B00099FC1547E37597FC03470506137737035A
:10F1C0005DFF8347E505DDFB7C49918BC5FBEF20A7
:10F1D000D06379479D47E374A7FA8347340609470C
:10F1E0006391E706835744081307D02E6373F70231
:10F1F0001307C00293075004E37327F97947930775
:10F200005004E37E27F7414793075004636B2701BF
:10F21000BDB71307301FE363F7FE1307900FE364D6
:10F22000F7FE7C4883460406CA9493E7270085844A
:10F23000B3E9D9007CC8231394082300340781471D
:10F240003DBFE5F3035744089307D02EE3FBE7FCEB
:10F2500019475DBF9777FE1F9387C7FCFC4B81CB97
:10F26000FC4B13975700635407003145828001110E
:10F2700022CC26CA4AC84EC606CEB6893289AE848A
:10F28000EF50204E2A8413052004630904107C48A3
:10F29000898BB9CB8347340609476395E70C8357BD
:10F2A00044081307D02E6379F702035764089307C5
:10F2B000C0021305500463F3E70E03576408F947CF
:10F2C0001305500463FCE70C03576408C14713059A
:10F2D000500463EBE700D9A01307301FE36FF7FC7E
:10F2E0001307900FE362F7FE93F7D40F0547639E71
:10F2F000E70A0325840A19C59730FE1FE78000E45A
:10F300002324040A23120408630909067C48918B0C
:10F31000B5EF8D476393F408930550104A859730F5
:10F32000FE1FE78040D52324A40A25C97C4893F713
:10F33000074091CF9305800C0545EFC00EE783573A
:10F34000A40812058507BD8BC98F2315F408032572
:10F35000840A4A86CE859720FE1FE780E0DD2312CF
:10F3600024091DA0D1F3035744089307D02EE3FDD1
:10F37000E7F603576408994799BF8D474945639F4E
:10F38000F4007C48F99B7CC8014509A89387D4FF09
:10F3900093F7F70F0547E37EF7F63145F2406244F5
:10F3A000D2444249B24905618280E31109F691478E
:10F3B0004945E38DF4F4DDB79777FE1F938787E621
:10F3C000F84B411126C24AC006C622C4AA843E890F
:10F3D00009CF7C4B13975700635907003145B24062
:10F3E000224492440249410182802E85EF506037C9
:10F3F0002A841305200465D413F714007C4845CFF4
:10F4000013F7170061FF034704061377370379F7F3
:10F410008988D9CC0327C90D454593E70740418B1F
:10F420005DDFC1657CC8FD150145EFC04EDA2314D0
:10F43000A408EFC08FB4B70500012326A408FD156A
:10F440000145EFC00EDB9304040A15462328A408E7
:10F450009775FE1F938565ED26859720FE1FE78033
:10F46000A0CDA685130500FB9720FE1FE780206432
:10F470002685EF80203E7C480347C400A300A408F3
:10F48000DD9B93E747007CC88547631FF700930522
:10F49000800C0545EFC06ED18357C4061205850761
:10F4A000BD8BC98F2316F406EF80106A014505BF96
:10F4B00093F7F7BFBDB70345D407CD9B7CC893072F
:10F4C000F00FE303F5FEEFC0AE83F9BF1777FE1F21
:10F4D000130747D57C5F411106C622C426C24AC025
:10F4E00099C703A8C7011314180163400408032730
:10F4F000070825CF3684B2842E8909ED81EB494572
:10F50000B24022449244024941018280EFB08FFE12
:10F510000145FDB78546E314D5FEB9E30297AA87F6
:10F5200031C91147A3060504231BE500231CE50090
:10F5300083C6B7000547E384E6FC95C8239C970281
:10F54000239D870201C41E04E3DB84FA238927017B
:10F550002244B2409244024903A387064101028338
:10F56000D84F93161701E3D506FC314551BF23ACA4
:10F570000702E9BF0D4569B7011106CE2EC632C498
:10F5800036C23AC0EF50E01D3DCD83284505AA871D
:10F59000314513F8082063150806B2451778FE1F99
:10F5A0000348D8CC4545636DB80403C8C70A224652
:10F5B0003358C84013781800630408041775FE1FF9
:10F5C000130545C60328850D45451317C800635923
:10F5D000070202471778FE1F034848C96362E80222
:10F5E00092462387C70AA386B70AA387D70A11E2E0
:10F5F000014793E808102388E70A23AA1705014565
:10F60000F2400561828013052004DDBF011106CEA2
:10F610002EC6EF5000151307200401CD7C49314759
:10F6200093F6270099C6B24589C993E707207CC99C
:10F630000147F2403A850561828093F7F7DFC5BF45
:10F64000011126CA4AC84EC606CE22CC2E89B289DE
:10F65000B684EF70B04F4DC1639D09008547238785
:10F66000F1BC0145F2406244D2444249B2490561CD
:10F67000828003C7E1BC85472A846315F70023878E
:10F6800001BC09494165130545F5EF70104E39C5B8
:10F690008347A5002315F5008327841185EF232CCC
:10F6A000A410232EA410930710F8F9142316350183
:10F6B0002304250144C123200500A304F50083474A
:10F6C000940285450145B395F500C205C181EFB0AF
:10F6D000DEA541BF8327C41188C3E1B79777FE1F1A
:10F6E000938747889C5B1D45B5DF956505459385E8
:10F6F000555582971D45BDB70945ADB76F807FDE73
:10F700006F80BFE26F807FE76F80DFEC6F80BFF2BA
:10F710006F807FFF6F80BFF66F805FFA82806F908F
:10F720008F82034301001AC06F802FF26F808FFE1B
:10F730006F805F846F807F8A6F807F906F803F963D
:10F740006F801F9A03530100035E4100834E8100C6
:10F750001AC072C276C46F80BF9E6F80FFB06F8088
:10F760003FB66F80BFBF6F807FC36F80DFC66F8083
:10F770001FCC6F809FD2828082801307050383573E
:10F780000500110593C7F7FF231EF5FE8347E5FF2C
:10F7900093C7F7FF230FF5FEE313E5FE8280994739
:10F7A0003305F50201110A86C14506CE130505028F
:10F7B0001375E50FEFC0EECC11E50345C100F24033
:10F7C000056182800145E5BF411122C426C24AC0BD
:10F7D00006C681440144138941BD83C791BD636955
:10F7E000F400B240224426850249924441018280BD
:10F7F000832709001315440019469305F00F3E9521
:10F800009720FE1FE780E0A001E5850493F4F40F44
:10F8100005041374F40FD1B7938741C0884305C121
:10F82000411106C6EFB0AED723A201C0938791BDA8
:10F8300083C70700B240A388F1BC4101828093874F
:10F8400091BD83C70700A388F1BC82805971A6D2FD
:10F8500086D6A2D4CAD083C711BDAA84639EA7004E
:10F86000854503C5A1BDEFB0FE8E894503C5A1BD89
:10F87000EFB05E8EEFF05FFA194933892403500030
:10F88000C1451379F90F130409021374F40F22858B
:10F89000EFC02EBF09C901442285B65026549654A4
:10F8A00006596561828019469305F00F480097203C
:10F8B000FE1FE780009665F1480041469305F00F72
:10F8C0009720FE1FE780C08A480871469305F00F15
:10F8D0009720FE1FE780C0890818130600039305D0
:10F8E000F00F9720FE1FE780A0885000C1452285B9
:10F8F000EFC0EEE72A84130519025008F14513758D
:10F90000F50FEFC0CEE6498C130529025008F145EA
:10F910001375E50FEFC0AEE51374F40F498C1305B2
:10F9200039025008C1451375F50FEFC04EE413744A
:10F93000F40F498C130549025008C1451375E50FB2
:10F94000EFC0EEE21374F40F498C1305590250080E
:10F9500091451375F50FEFC08EE11374F40F498CC8
:10F96000138504071018930500031375F50FEFC0F6
:10F970000EE01374F40F498C03C5418A1374F40F1D
:10F98000EFC04ED911BF411122C406C60145014442
:10F9900083C791BD6373F40009C5B240224441019D
:10F9A000828022850504EFF07FEA1374F40FCDB74F
:10F9B000411122C426C206C64AC00144EF904F81BD
:10F9C000938441BD83C791BD6368F400B240224473
:10F9D000924402494101828088401319440019462B
:10F9E0009305F00F4A959720FE1FE780808219E566
:10F9F0008C40CA9503C5F500EF80DFFD0504137444
:10FA0000F40FC9B7397122DC26DA4ED606DE4AD8A1
:10FA10000144EF803FFF938441BD994983C791BD65
:10FA20006369F400F2506254D2544259B2592161D0
:10FA3000828088401319440019469305F00F4A95B7
:10FA40009710FE1FE780E07C05E9330534030A8642
:10FA5000C145130535021375F50FEFC08EA21008CE
:10FA6000C1450945EFC0EEA18C4014080A86CA952D
:10FA700003C5F500EF80DFF805041374F40F79BFB8
:10FA8000011106CEEFF05FD40547A9476373A700C5
:10FA900089471306F10085451545A307F100EF00DE
:10FAA0002FDEF24005618280011122CC26CA4EC6AB
:10FAB00006CE4AC80144938441BD994983C791BD8C
:10FAC0006366F402EFF05FD083C701BD99C3EFF026
:10FAD0003FEE83C7F1BC99C3EFF0DFF26244F2401E
:10FAE000D2444249B24905616FF09FF933053403AE
:10FAF000904013194400C1454A9613050502137539
:10FB0000E50FEFC00E9805C9884019469305F00F20
:10FB10004A959710FE1FE780A06588401946930517
:10FB2000F00F4A9519059710FE1FE78060649C400E
:10FB30003E992316090005041374F40F41B70355C9
:10FB4000250083C5A1BD6F00DFF6397122DC1944A1
:10FB50003384850226DA4AD806DEA147AA84328990
:10FB60001374F40F639AF60413042402714681455A
:10FB700048081374F40F3AC69710FE1FE780405FE1
:10FB80005008F1452285EFC0CE8F0DE18347E10299
:10FB9000A5463247E51793F7F70F63E9F600BA86F3
:10FBA0005008937519002685EFD04EB2F25062547A
:10FBB000D2544259216182801304140245BF7971E5
:10FBC00022D426D24AD0AE842A89328481451306B3
:10FBD00000020A8506D69710FE1FE78060599387BA
:10FBE000918A83C7070023102101230EF100835758
:10FBF00081015DC4138721BF03470700F99B41467C
:10FC00002302E100138741BF034707009765FE1FEA
:10FC10009385055C13056100A302E10003C731BFB2
:10FC200093761700D58FF59B93762700D58FED9BA4
:10FC300093764700D58F9316470093F6061093F7F7
:10FC4000F7EFD58F9316470093F6062093F7F7DF6B
:10FC5000D58F12071377074093F7F7BFD98F231C6F
:10FC6000F1009710FE1FE780204D83C711BF13F7E7
:10FC7000170001CB99C40357810113672700231C88
:10FC8000E10003476101A2850A85D98F230BF100AA
:10FC9000EFD0EE95B25022549254025945618280C1
:10FCA000138761BE03470700F99B41462302E10029
:10FCB000138781BE034707009765FE1F9385455054
:10FCC00013056100A302E10003C771BE937617001C
:10FCD000D58FF59B93762700D58FED9B93764700C4
:10FCE000D58F9316470093F6061093F7F7EFD58F4D
:10FCF0009316470093F6062093F7F7DFD58F120788
:10FD00001377074093F7F7BFD98F231CF1009710A3
:10FD1000FE1FE780604283C751BE91BF411122C4DC
:10FD200026C24AC006C6AA840144138941BD83C7BE
:10FD300091BD636AF4003E842285B240224492441D
:10FD400002494101828083270900131544001946A6
:10FD5000A6853E959710FE1FE780004771FD0504BC
:10FD60001374F40FE9B75D71A2C4138441C01C4041
:10FD7000CAC04EDE86C6A6C252DC2A89AE89A1EB75
:10FD800019E10545D9A0F5DDEFF05FF9A388A1BC25
:10FD900083C791BD636DF5028144138A41BD0DA0F7
:10FDA00083270A001395440019469305F00F3E95EA
:10FDB0009710FE1FE780E04509E9850493F4F40FEE
:10FDC00083C791BDE3EEF4FCBE84A38891BC138A83
:10FDD00011BD03C511BD83C791BDD284E373F5FA8C
:10FDE0001C40A5EF99473305F5024A86C145130526
:10FDF00005021375E50FEFC08E97130600039305F8
:10FE0000F00F0A859710FE1FE780803603450A0031
:10FE10000A8693050003130505071375F50FEFC058
:10FE20000E95138741BD084383C711BD92073E95C8
:10FE30004146CA859710FE1FE780003023A231C1DA
:10FE400003C5418AEFC00E8D0145B6402644964455
:10FE50000649F259625A616182809047814719CE02
:10FE600099473305F502F145130515021375F50F92
:10FE7000EFC0EE8F1C4023A4070085471840104BAD
:10FE80000DC203C504009947F1453305F50213057A
:10FE900025021375E50FEFC08E8D1C4023A80700C7
:10FEA00085471840504B0DC203C504009947C14512
:10FEB0003305F502130535021375F50FEFC02E8BD0
:10FEC0001C4023AA07008547184050471DCE03C594
:10FED00004001949C145330525031305450213756F
:10FEE000E50FEFC0CE8803C504001C4091453305E3
:10FEF0002503D0474106130555021375F50FEFC0D2
:10FF00000E871C4023A6070025BF9DFB83C701BDAC
:10FF100099C3EFF0FFA983C7F1BC99C3EFF09FAE7F
:10FF2000EFF01FB6B9BD011122CC06CE26CA83C799
:10FF300091BD09446378F50295C599473305F502EB
:10FF4000AE840A86C145130505021375E50FEFB0AF
:10FF50005ED32A8401E919468A8526859710FE1FFB
:10FF6000E780801D2285F2406244D2440561828090
:10FF7000011122CC06CE2A842EC632C4EF40CFFD1A
:10FF800005C90347C500A1472246B245631FF700D4
:10FF90009387C1C09C4389CF03A34700630A030032
:10FFA00022856244F24005610283938701C1DDB777
:10FFB000F240624405618280011122CC194433046D
:10FFC000850226CA0A86AE84C14506CE1304040201
:10FFD0001374F40F2285EFB0DECA01C98144F240E8
:10FFE00062442685D2440561828019469305F00F4C
:10FFF0000A859710FE1FE780C0216DF10357C100ED
:020000022000DC
:100000009377D70F89C49377F70F93E72700C20739
:10001000C1838544E305F7FC0A86C1452285231682
:10002000F100EFB0DEF403C5418AEFB0BEEE45BF8C
:100030005D71A2C42A8419453305A402A6C2CAC0B0
:10004000B2842E890A86C14586C61305050213753A
:10005000E50FEFB01EC301C90145B64026449644E2
:1000600006496161828019469305F00F0A85971051
:10007000FE1FE780001A6DF1130404071374F40FD8
:100080001008930500032285EFB0BEBF19C10545D6
:10009000E9B70808EFF06FEE6314090413060003D4
:1000A000814508089710FE1FE780A0166DF1130622
:1000B0000003814508089710FE1FE780600B854705
:1000C0000808238EF1BEEFF04FEB100893050003F4
:1000D0002285EFB0DEE903C5418AEFB0BEE345BF3C
:1000E0001C089000BE8683D50600368763812503F1
:1000F0009106E39AC6FE0145ADD083D607003E8740
:1001000089C69107E31BF6FE81BF23902701834731
:100110002700E38E97F623019700D5F02310070000
:1001200079BF1765FE1F0345C5E40111FD5793050F
:1001300020041205238DF1BC06CE22CC26CA4AC863
:100140004EC6A38C01BC23AA01BC9720FE1FE780EA
:1001500080F223AAA1BC15C59769FE1F938989E087
:1001600083C7E9000144938441BDA38CF1BC83C7DC
:1001700091BD6361F40C83A78900638C070E23880B
:1001800001BE938791BD83C7070005444146814561
:100190001765FE1F1305C503A388F1BC2385818A5B
:1001A00023A201C0238901BE238A01BE9710FE1F2E
:1001B000E78000FC93047007414681451765FE1FE8
:1001C00013050500A38991BEA383818AA38801BE7C
:1001D00023AC01BEA38201BE238301BE238401BEE2
:1001E0009710FE1FE780C0F8A38391BE23A601BE2F
:1001F000238201BE9547A382F18AC147A384F18A75
:10020000238E01BE89472383F18AF2402382818AAB
:10021000A385818A2384818A624423A801C023A6FE
:1002200001C0238801BC238C01BCD2444249B2499D
:100230000561828088401319440019469305F00F28
:100240004A959710FE1FE780A0F288401946930553
:10025000F00F4A9519059710FE1FE78060F19C404A
:1002600005041374F40FCA97239607002387070029
:10027000FDBD930700F82388F1BE21B71971A2DCF8
:10028000A6DACAD886DECED61304000281441389CA
:1002900041BD83C791BD63E3F40203C5418AEFB05A
:1002A0007EC7938791BD83C70700F6506654A38825
:1002B000F1BCD6544659B65909618280032509001C
:1002C0009399440019469305F00F4E959710FE1F21
:1002D000E78000EA0325090019469305F00F4E95C3
:1002E00019059710FE1FE780A0E883270900414603
:1002F0009305F00FCE972396070023870700480049
:100300009710FE1FE780C0E671469305F00F48087E
:100310009710FE1FE780C0E5130600039305F00F5A
:1003200008189710FE1FE780A0E45000C145228501
:10033000EFB0FEC3130514005008F1451375F50F17
:10034000EFB0FEC2130524005008F1451375F50FF8
:10035000EFB0FEC1130534005008C1451375F50F09
:10036000EFB0FEC0130544005008C1451375F50FEA
:10037000EFB0FEBF13055400500891451375F50FFB
:10038000EFB0FEBE13850407101893050003137524
:10039000F50F85041904EFB09EBD93F4F40F1374A8
:1003A000F40FC5BD930705C04111C20722C406C69C
:1003B000C183130720022E846361F70E17D7000054
:1003C000130707D98A07BA979C43BA9782879387FE
:1003D000A18A83C707002300F4002DA083C711BFA3
:1003E00089870DA8938721BFEDB7938741BFD5B704
:1003F00041469765FE1F9385A5DD22859710FE1F58
:10040000E78080D38147B24022443E85410182800B
:1004100083C711BF858BC1B7938731BF5DBF9387FA
:1004200081BF9C431CC0F9BF9387718A5DB783C7A6
:1004300051BE7DB7938761BE69BF938781BE51BFAF
:1004400041469765FE1F9385A5D745BF83C751BE1B
:10045000D1B7938771BEB5BF9387C1BED9B7938714
:1004600041BE85BF9387518AADB79387918A95B76F
:10047000938701BDB9BF9387F1BCA1BFEFF0CFB4A3
:100480002300A40041B783C7818AB1B783C711BFD6
:100490008D8749B783C751BEE5BF1307200489473D
:1004A000E363A7F6EFC03EAD2310A400A1BF011186
:1004B00006CE22CC26CA4AC84EC6EFC07EF735ED1E
:1004C00003C781BD85472A84630CF702938441BD2D
:1004D000854983C791BD6371F404984013194400A2
:1004E0004A978347E700639937012285EFF00FB6FB
:1004F0009C40CA972387070005041374F40FD1BFEB
:10050000EFF06FC8238C01BC938741BD9C4303C7A8
:1005100091BDB907631CE400EFB05ED26244F240C3
:10052000D2444249B24905616FF00FD805042380D7
:1005300007001374F40FC107F1BFF2406244D244C4
:100540004249B24905618280797126D24AD006D6E5
:1005500022D44ECE89472E89B2846308F506636F94
:10056000F5008D476301F50C03C491BD2285B2509F
:10057000225492540259F249456182802E85EFF04F
:10058000EFF983C791BD2A84E372F5FEE5D01946E1
:10059000CA8526859710FE1FE78000BAC1BF83A7D2
:1005A00009001315440019463E95CA851905971090
:1005B000FE1FE78060C131ED05041374F40F83C79B
:1005C00091BDE36EF4FC3E8455B70144938941BD6F
:1005D000FDB705041374F40F83C791BDE375F4FEF2
:1005E000330534030A86C145130535021375F50F2B
:1005F000EFB02EE979FD41469305F00F0A8597107B
:10060000FE1FE78000C171F5CA850A85EFC09E9E76
:1006100069F183C791BDE37BF4F4A9D8A68522854F
:10062000EFF07F90A1B7014499497DB7797126D247
:1006300006D622D4AA8402CC231E0100EF40CF911B
:1006400005CD03C7718A89476308F70293056500E2
:100650002A84034555003008EFF01FEF83C791BD92
:100660006371F5022AC6EFF08F93B2452A860547DB
:10067000A1462685EFF06FCDB250225492544561C9
:10068000828083C7718A91E795452685EFC0BED7E2
:10069000E5B70547E392E7FE83455400014626850A
:1006A000EFF0EFD1D1BF4111C1674AC006C622C4E5
:1006B00026C2FD172E896309F506EF40EF892A84CB
:1006C000D14421CD93056500034555000146D5442D
:1006D000EFF09FE783C791BD6376F500CA85EFF021
:1006E000BF8D8144630B09022285EFF04FC535A011
:1006F000CA852285EFF05F8C11C181440504137413
:10070000F40F83C791BDE365F4FE6308090017F594
:10071000FFFF13050543EF400FACB240224426858E
:1007200002499244410182800144D544D9BF01115C
:10073000C1674AC84EC606CE22CC26CAFD172E89EE
:10074000B289630EF504EF402F81D14429C193058E
:100750006500034555000146D544EFF0FFDE83C731
:1007600091BD6376F5024E86CA85EFF07F8C814499
:1007700039A84E86CA852285EFF09F8B11C181442E
:1007800005041374F40F83C791BDE364F4FEF240D3
:10079000624426854249D244B249056182800144BF
:1007A000D544D5B7411122C41384A1BD83450400AB
:1007B00023A8A1C0614506C6EFC0BED00345040012
:1007C0002244B24041016F107FE6411106C622C4A7
:1007D00026C29DE9AA85AA8437450F001305052482
:1007E0003375A602EFC02EFB2A8409C99307E00FD8
:1007F0006306F50085452685EFC0FEC02285B24020
:100800002244924441018280EFC0FEBF0144FDB703
:100810001387A18A8347070083C511BF93E707F8B1
:100820002300F7006FC0FEB25971A6D2B284500007
:10083000A2D4D2CC86D6CAD0CECE2A84368A02C2E0
:1008400023140100EFF05FD083C791BD6377F50EED
:100850002A89EFE0DFF49147AA896319FA0C03C7EC
:10086000A18A791713371700914619443304890276
:100870004E86CA852685EFF04FAD5146814568000A
:100880009710FE1FE780C08E70001374F40F1305DD
:100890004402C1451375E50FEFB0AEBE05E9414610
:1008A0009305F00F68009710FE1FE780809619ED02
:1008B00013055402700891451375F50FEFB06EBC27
:1008C000700093F519002685EFC05EAD130509078A
:1008D0001010930500031375F50FEFB08EBA15E1F4
:1008E0000810EFE09FE9001013090105835504008B
:1008F00091C5034624002685EF00DF8B1104E31722
:1009000089FE93F929006387090083C5A1BD268567
:10091000EF002F9A91476314FA0403C7A18A89470D
:10092000631FF7022685EFF0BFEE15A803C7718A93
:10093000791713371700D2860DBFA147E31CFAFCC5
:1009400003C7718A8947631CF7000146A285268583
:10095000EFF0EFA6014681452685EFF06FE1B65036
:10096000265496540659F649664A014565618280C7
:10097000011106CE2AC6EFF0CFFA3245F240238DA0
:10098000A1BC05616FF04F921D7186CEA2CCA6CAA4
:10099000CAC8CEC6D2C4EF80EF8683C7B18A89CBDE
:1009A0000144138941BD194A83C791BD636AF400AC
:1009B000F6406644D6444649B649264A25618280B7
:1009C000032509009319440019469305F00F4E952D
:1009D0009710FE1FE780E08331E9B3044403501011
:1009E000F14593F4F40F138514021375F50FEFB06E
:1009F0004EA90DED0347F1039307F00F6318F702BB
:100A0000138534025000C1451375F50FEFB06EA782
:100A10005008C1450945EFB0CEA68325090054080A
:100A20005000CE9503C5F500EF709FFD05041374CB
:100A3000F40F9DBF930705C05D71C207A6C2CAC06F
:100A400086C6A2C44EDE52DCC183130720022A8967
:100A5000B284636EF74E17C70000130727788A0722
:100A6000BA979C43BA97828785476384F5006144AF
:100A700009A8834706000947E36BF7FE2385F18A3F
:100A800001442285B640264496440649F259625AEA
:100A9000616182808547E39CF5FC03470600E3E83B
:100AA000E5FC83C711BF11C793E74700A388F1BED8
:100AB000C1BFED9BE5BF8547E39BF5FA8347060081
:100AC0001147E366F7FA2389F1BE5DBF8547E390DE
:100AD000F5FA83470600E3ECF5F8238AF1BE4DB73B
:100AE000C147E396F5F84146A6851755FE1F130545
:100AF000256E9700FE1FE780206459B78547E3986D
:100B0000F5F603470600E3E4E5F683C711BF01C726
:100B100093E7170061BFF99B51BF8547E399F5F44F
:100B200083470600A389F1BEA1BF9147E391F5F485
:100B30001842B7470F009387F723E3EAE7F223ACA5
:100B4000E1BE3DBF8547E394F5F2834706000947C0
:100B5000E36FF7F0A383F18A25B78547E399F5F0B2
:100B600003470600E3E5E5F083C751BE11C793E7ED
:100B70004700A382F1BE29B7ED9BE5BF8547E39807
:100B8000F5EE834706001147E363F7EE2383F1BEDA
:100B9000C5BD8547E39DF5EC83470600E3E9F5EC29
:100BA0002384F1BEF1BDC147E393F5EC4146A68530
:100BB0001755FE1F1305C5602DBF8547E399F5EA5C
:100BC00003470600E3E5E5EA83C751BE01C793E7A3
:100BD000170045B7F99B71BF8547E39AF5E883474E
:100BE0000600A383F1BE69BD9147E392F5E8184280
:100BF000B7470F009387F723E3EBE7E623A6E1BEB1
:100C000041B5E39605E6EFC0BE8201E9EFE0BFD74C
:100C1000EFB0CEE2EFE05FE9A5B58547238CF1BCEC
:100C200085B59D47E395F5E4938514001946680062
:100C30009700FE1FE780405003C5040050086C0079
:100C4000EFF09F9083C791BDAA840944E37BF5E24E
:100C50004808EF303FB909E52685EFE03FBF4DBFBB
:100C6000938741BD9C4392045944BE948547238792
:100C7000F40001BD9D476391F50A19469385140060
:100C800068009700FE1FE780204B03C50400014663
:100C90006C00EFF07F8B83C791BD6377F5049944B7
:100CA000B30495025008F1459384140293F4F40FB1
:100CB0002685EFA01EFD2A8415E51307A041854770
:100CC0006304E9009307F00F5008F1452685A30758
:100CD000F102EFB0CEA903C5418AEFB0AEA3EFF0A9
:100CE000BFCA45B30944E5BF83C701BF0944E38ACE
:100CF00007D81307A04183C731BE631BE90093E700
:100D00001700A381F1BE1D46A6851385C1BDD5B3CD
:100D1000F99BA381F1BEADB38547E39AF5D41307E0
:100D2000A04183C731BE6315E50093E72700D5B71F
:100D3000F59BC5B7A385018AEFF01FC591B3854721
:100D4000A385F18A014419499309F00F7D5A83C79D
:100D500091BDE373F4FEB30424035008F14593847A
:100D6000140293F4F40F2685EFA0BEF105E183474A
:100D7000F102638D37015008F1452685A307410331
:100D8000EFB0EE9E03C5418AEFB0CE980504137410
:100D9000F40F75BF8547E39CF5CC83470600E3E875
:100DA000F5CC2382F1BEE9B98547E392F5CC8347C0
:100DB00006002547E36DF7CAA382F18AD1B18547C2
:100DC000E397F5CA03470600A546930797FF93F7F5
:100DD000F70FE3EEF6C8A384E18A5DB18547E39897
:100DE000F5C88347060003C701BD01442388F1BC51
:100DF000E31907C8E397B7C8EFE01FCB59B18547A0
:100E0000E397F5C68347060003C7F1BCA387F1BC8F
:100E100009E76394B700EFE03FC903C5F1BCEF7089
:100E2000BFBEB9B98547E394F5C4834706000D47B3
:100E3000E36FF7C22383F18AA1B18547E399F5C235
:100E4000834706002382F18A25B90545EFB08E8CD1
:100E500005B98547E39DF5C0834706002384F18AE1
:100E600005B193074002E394F5C003C514000146A1
:100E700093852400EFF04FED83C791BDE379F5BE74
:100E800019443304850203C70400A1471374F40F07
:100E9000631FF702130424021374F40F5008F14582
:100EA0002285EFA01EDEE31405BC9385840048086C
:100EB0006D469700FE1FE78020285008F1452285E7
:100EC000EFB0EE8A03C5418AEFB0CE844DB613046D
:100ED0001402D9B71757FE1F0357C70993074004D9
:100EE0006D44E3F0E7BA8547E393F5B8834706001E
:100EF000E3EFF5B681CF938781C09C435544E382ED
:100F000007B883C711BF93E787004DB683C711BFEA
:100F100093F7770F61BE1757FE1F0357A705930777
:100F200040046D44E3FFE7B48547E392F5B483479B
:100F30000600E3EEF5B2F9DB938781C09C4355448C
:100F4000E38107B483C751BE93E787001DB19307C0
:100F500020040944E3E727B3E39585B283D5040071
:100F60004A85EFC00ED62A8429BE797106D622D4CE
:100F700026D24AD0834725005147E91793F7F70F48
:100F8000636BF70217C700001307072E8A07BA978B
:100F90009C432A84BA9782878354A5000346C500E0
:100FA0008346D500268532C636C4EF30EFFAAA87CD
:100FB000A246324619E1854425A203C7C700A147CE
:100FC00013053400631AF7029387C1C09C43A685BA
:100FD00089C79C4399C38297F9BF9387C1BE884351
:100FE000EFB07EFB69D99307E00FE306F5FC85457A
:100FF0002685EFC04EC1C1B7938701C19C43A6852A
:1010000099C39C43E9FB938781BFD1BF8355A5005A
:101010002E852EC4EF304FF4AA8751DD03C7C700D9
:10102000A147130534001306C4009306C401A2456A
:10103000631AF7009387C1C09C43B5DF9C47A5DFC7
:10104000829795BF938701C1C5BF83471500D5EF30
:1010500083476500858BD5CB938741C09C4301496D
:10106000D5E78145414608089700FE1FE7804010FC
:101070004C48B5CD83C765011946C105A30FF100E2
:1010800008089700FE1FE780200B83476400035782
:10109000C1018987858BD98F231EF100EFE0CFF244
:1010A00083C791BD6390A70283C7818A99C3EFF07C
:1010B000EF9C9757FE1F9387E7EA9C5B81C78545A6
:1010C00021458297EFE04FF0A2850808EFE0BFC905
:1010D000AA84554905ED894503C5A1BDEFA0EE845D
:1010E000B25022542685025992544561828003559C
:1010F00044008544EF304FE665D5834755001946D7
:1011000093056500A30FF100A5BF01490346140034
:10111000035544008545EFE0BFE5E30E09E84A8644
:101120008D4503554400EFE0BFE471B5034715005A
:101130009947631AF70203554500EF30EFE1AA849F
:101140001DC183C7618A09476389E7020D47638030
:10115000E70205476399E7008345550003554400BE
:101160000146EFE0DFA50346140089455DBF014657
:10117000814513050041EFF0FF8B8355440003C503
:1011800004001546EFC00EABF9BF930545000345BB
:1011900035000146EFF04FBB83C791BDE37DF5E01D
:1011A00099473305F5021306C4009145130555020E
:1011B0001375F50FEFA0BEDB03C5418AEFA09ED5E6
:1011C000DDBB83C741BE0355450081C783C5518A36
:1011D0000DB583C7A18A99E3954521BDEF30CFD7DF
:1011E000AA84E30A05DC8347A400858B85CB0345ED
:1011F0005500854763F4A7028357C40093F707207F
:1012000091EF100893856400EFF00FB483C791BD90
:101210006396A7008D4503554400E1BB83C5540088
:101220000355440013068400EFE07F990146814591
:10123000CDBD03554500EFF06FBFB5BB035545006D
:10124000EFF0EFA683C7A18A93F7F7072385F18A0A
:101250009DB379719397050122D406D626D24AD040
:101260004ECEC1872E8463DE070803C5A1BDEF9073
:101270003EBAAA8431C5834705001307100B638B60
:10128000E7041307000D6387E7021307000B63965B
:10129000E70203474500F9476317F70003552500A8
:1012A0008145EFF04FC083C5440013858400EFF003
:1012B0000EBE21A0EFF07FCB01C52685EF903EAE9C
:1012C000A164A18CB2502254268502599254F2494D
:1012D0004561828083474500EDF3035685008355C1
:1012E000650003552500238E01BEEFF04FC483C770
:1012F000C1BFE1D703C5418A238E01BEEFA09EC1C5
:101300006DBF93F7250085C381450145EFE0BFA57B
:101310009344240083C7A1BD854511E189453E85DD
:10132000EF90BEE045B793F715006384070C13896F
:1013300041C083270900938401C083D947009C40A2
:1013400099EFC165138741C1894617C6000013068E
:10135000A633FD150545EF00EF8D23A0A1C08C40FD
:10136000134414009DE9832709000146854503D5F0
:10137000470093140401C180EFE09FBF8327090059
:1013800001468D4503D54700EFE09FBE03C5418A66
:10139000EFA05EB8EFE04FC835B79308F00F0948EB
:1013A00081471307E100740003D641C14E85EF0069
:1013B000AFDE11ED0346D1008347C10022065D8EEA
:1013C00019C69C404E8583D5A700EFF04FB68840E4
:1013D000C165814603D641C1FD15EF00CFCF9314FF
:1013E000040123A0A1C0C1803DDD854503C5A1BD89
:1013F00005BF93F745008144E38607EC93C445009D
:10140000D1B503472500F14763E4E72A17C600007A
:101410001306C6EA93162700B2969C42411122C4D5
:1014200006C626C2B2972A84828783471500C5E77D
:1014300041469755FE1F9385A5DB1755FE1F1305E3
:1014400025DA9700FE1FE78020D83DE51756FE1FDE
:10145000130606D9C1450945EFA07EB11756FE1FF8
:10146000130606DBC1450D45EFA07EB003C5418ADA
:10147000EFA05EAA93053400138541C31946970077
:10148000FE1FE78060CB8547854503C531C323A098
:10149000F1C4EF909EC9938701C48843938781C1AB
:1014A0009C43ADC703A3070063020306A285224441
:1014B000B24092444101028341469755FE1F9385F5
:1014C00025D41755FE1F1305A5D49700FE1FE780EE
:1014D000A0CF2DDD45B7994723A0F1C46DBF0347C9
:1014E00015008347350039E309476396E702938780
:1014F00001C49C438145014593F7F7F093E7070248
:1015000023A0F1C4EFD0FEFBA300A400B24022440C
:101510009244410182800547814501456395E7007A
:10152000EFD01EEAD5B7EFD09ED9F9BF0947E38FB8
:10153000E7FC938701C4884341991365650023A0A4
:10154000A1C4A9BF83471500938401C4BDE38D479F
:101550006315F70483C721C3139787016187635B12
:10156000070093F7F707894503C531C32389F1C203
:10157000EF90BEBB9C40914613F7F7006318D7006D
:10158000C19B93E7570023A0F1C485A08946E30FD0
:10159000D7F6C19B93E72700FDB79840A38301C20C
:1015A0009546937707FF3D8B6319D70493E7470070
:1015B000D9BF9C40C19B93E76700F1B7138701C473
:1015C0001C4383461500BA84C19B95E293E747000C
:1015D00023A0F1C40356A50093054500034535003B
:1015E0009146EFF06FA4A38301C2884045BD130765
:1015F0001003E392E6FCA38301C293E7370061B7CF
:10160000EFF0BF96938701C49C43154793F6F7000C
:10161000C19B13E53700E394E6F213E5270005B715
:10162000938601C49C4203461500B68493F7F7F0F5
:1016300031E2CD46631BD70293E7070123A0F1C433
:1016400083C7A1C2139787016187635B070093F784
:10165000F707914503C531C32385F1C2EF90FEAC76
:101660009C40370500015D8D15BD93E7070223A05F
:10167000F1C4FDB793E70703DDBF938601C49C4225
:101680007D761306F60FF18F0346150019EE6D46B1
:10169000631AC70093E7071023A0F1C49C423705E3
:1016A0000002D1B793E70720C5BF93E70730EDB736
:1016B000828003470500930610096307D70093074C
:1016C000000D6305F7048280834615003947639156
:1016D000E60483564500056713075740639AE60200
:1016E00018459307F007830537006383F502938756
:1016F00081C19C4391CF03A34700630B0300834741
:10170000270003451700A2075D8D02836FF07FCF8E
:10171000828001119397050126CA06CE22CCC1878B
:10172000AE8463D5070C03C531C3EF906EEE2A84F7
:1017300009C983C7B1C289EFEFF0BFF72285EF90E7
:101740000EE62165258DF2406244D2440561828017
:10175000834705001307000D639EE70483472500B8
:1017600081E7EFF01FF509A81547639DE7000347E0
:10177000C500A147E392E7FCA28503C5C1C1EF9074
:10178000AEEFC1B72147E38EE7FC99466395D700DA
:1017900083477500C5B71D47E390E7FA0355450039
:1017A000EF209FFB41DD0347C500A1472285E315DC
:1017B000F7F8D9B71307200AE380E7F813071009F1
:1017C000E391E7FA03471500B947E31CF7F803571D
:1017D0004500856793875740E315F7F81845834719
:1017E000270003451700A2075D8D5DBF9397150184
:1017F00063DE07001386C1C391451145EFA02EF7A4
:1018000003C5418AEFA00EF111652DBF93F71500B6
:10181000D9CB83C771C2B9CFEF304FA19747FE1F15
:1018200083C7B7758D8B636AF5048D472302F1007A
:101830009387E1C183C707004C0003C531C323066A
:10184000F100938791C283C70700A306F100EFD090
:101850006EF20DC1938701C48843419913656500F9
:1018600023A0A1C4938781C19C4389C79C4399C38A
:101870008145829713C51400F9B5938781C283C748
:1018800007001946938501C22302F100938761C2C4
:1018900083C7070013056100A302F1009700FE1F34
:1018A000E780808971B793F7250085CF83C721C36F
:1018B000858B8DC703C531C3EFD0FE9A05C19387D1
:1018C00001C488431375F5F023A0A1C4938781C197
:1018D0009C4389C79C4399C38145829713C52400C3
:1018E0009DB593F745000145E38F07E483C7A1C287
:1018F0009DC703C531C3EFD03E9A15C1938701C47C
:101900008843FD779387F70F7D8D23A0A1C493872C
:1019100081C19C4389C79C4399C38145829713C564
:10192000440015B5797122D426D206D6AA842EC6D3
:10193000328436C43AC23EC0EF201FE239C5035894
:10194000E500B24582471247A246636DB800636B5B
:101950000401035605016317D600035625016145AE
:101960006300E602231CB1003E862C082685231D59
:101970008100231ED100231FE100EF209FCD0145F0
:10198000B25022549254456182805145D5BF011115
:1019900006CE9747FE1FA381A77C91C52E8532C630
:1019A000EFE05FE03246938701C49C4385EB19C2A8
:1019B00023ACC1C0F24003C6D1C183C5A1C303C5D6
:1019C00031C39387C1C31757FE1F13076784975608
:1019D000FE1F9386E68005616FE0AEFEF24045454E
:1019E000056182809747FE1F83C737598D8B81EB36
:1019F000614582806145B2402244410182804111AB
:101A000022C406C603C431C39307F00FE314F4FEE7
:101A100017050000130525D0EF90DECDA389A1C2E4
:101A2000E30A85FC23AC01C023A001C49147238DA8
:101A3000F1C2EFB08EDB414681451745FE1F13050D
:101A4000257A97F0FD1FE780A07241468145174532
:101A5000FE1F1305E57B97F0FD1FE780607123AE45
:101A600001C2238401C2238301C29D471746FE1F82
:101A700013060677C1450945238FF1C0A38401C22F
:101A8000EFA02EA01746FE1F13068678C1450D4510
:101A9000EFA02E9F41469745FE1F9385657417451D
:101AA000FE1F1305E57497F0FD1FE780E0684146CF
:101AB0009745FE1F9385C5751745FE1F1305457491
:101AC00097F0FD1FE78040671386C1C3914511451C
:101AD000EFA02E9B014505B7FD57A389F1C217471B
:101AE000FE1F13072767A302F7002303F700238DC8
:101AF00001C20547A383E1C223AE01C21947239760
:101B0000E1C20567130707C82396E1C2238EF1C01F
:101B10009D47A38E01C0A38501C2A388F1C223887B
:101B2000F1C219468145138501C217F3FD1F6700F5
:101B30002364930705D04111C20722C406C6C1839E
:101B40005D472E84636BF70C17B700001307477EC1
:101B50008A07BA979C43BA97828783C7A1C3230099
:101B6000F40035A041469745FE1F938565672285A1
:101B700097F0FD1FE780405C19A841469745FE1F7E
:101B800093850569EDB79387C1C39C439CC1814789
:101B9000B24022443E85410182801946938541C36B
:101BA000F9B783C771C265BF2E85EFD0FE9DC5B75B
:101BB0002E85EFD0DE9FE1BF83C781C24DB783C7BB
:101BC00061C271BF1946938501C255B783C7E1C190
:101BD00079B783C791C261B7938701C49C4341B76A
:101BE00083C7D1C1ADBF83D7E1C22310F40045B78D
:101BF00083D7C1C2DDBF83C711C395B783C701C3F4
:101C0000B9BF2E85EFD0FE9D59B783C721C393F787
:101C1000F707B1B783C7A1C299B713072004894753
:101C2000E368A7F6EFB02EB52310A4008DB7930795
:101C3000F5CFC207AE86C183D9452A8763E6F5286A
:101C400017B800001308C8748A07C2979C43411153
:101C500006C6C297B285368582874147E147639EB3
:101C6000E60241461745FE1F1305855797F0FD1FF5
:101C7000E780804C15A04147E1476390E60241466A
:101C80001745FE1F1305C558D5B71147E1476396A1
:101C9000E6001C4223AEF1C28147B2403E854101BD
:101CA00082800547E147E39AE6FE0347060083C7C3
:101CB00071C2A383E1C295C3814765F3138701C451
:101CC000184389463D8B6305D7009546E317D7FC3B
:101CD00003C531C3EFD04EC1C1B781475DDF138764
:101CE00001C418436306A7003D8B7517E367E5FA47
:101CF000854503C531C3EF904EC379BF9307C01C20
:101D000063E0D71C630E061AB24041016FD02EDB90
:101D10009307C01C63E6D71A6304061AB240410158
:101D20006FD00EEA0547E147E399E6F60347060060
:101D3000A946E3E4E6F62384E1C2B9BF0547E147DB
:101D4000E39DE6F4034706008D46E3E8E6F42383CB
:101D5000E1C299B71947E147E391E6F419461385C3
:101D600001C229B70547E147E399E6F203470600B8
:101D70009D46E3E4E6F2238FE1C039BF0547E14722
:101D8000E39DE6F0034706008D46E3E8E6F0A38412
:101D9000E1C219B70547E147E391E6F08347060042
:101DA000A38EF1C0D5BD0947E147E398E6EE03569F
:101DB000060005671307A7C79306A6FFC206C182E0
:101DC000E36DD7EC2397C1C2C1BD0947E147E39654
:101DD000E6EC0356060005671307A7C79306A6FFA0
:101DE000C206C182E36BD7EA2396C1C275B58345AB
:101DF000060003C601C3A388B1C20145EF605FC1FD
:101E000061BD0346060083C511C32388C1C2F5B76F
:101E10009307C01C63E6D70A45C6B24041016FD0A4
:101E20004EEA0547E147E39AE6E68347060003C723
:101E300021C3058B2389F1C293F6170011C7E39DD7
:101E400006E4EFD0AEC489BDE38806E4138701C47D
:101E500018438945398BE31E07E893E707F8238980
:101E6000F1C21DBD0547E147E399E6E2834706005D
:101E700003C7A1C22385F1C211C7E39F07E0EFD0DA
:101E80004EC319BDE38A07E0138701C418431377D3
:101E9000070F19C39145B1BD93E707F82385F1C238
:101EA000E5BB9307200463EFE70089458947E39684
:101EB000B6DEB240835506003A8541016FB06EE050
:101EC000E147E1BB8947D1BB9307200463E9A70041
:101ED000894589476396B60083550600C5B789478B
:101EE0003E858280011106CE2AC6EF20FF8609C9F1
:101EF000B245F240034505004D4605616FB08ED3F3
:101F0000F240494505618280411106C6EF80402BB1
:101F10001715FFFF13050538EF90CEFDEF102FA327
:101F200017B5FEFF13056565EF90CEFCEFB02EE010
:101F300017E5FEFF1305457AEF90CEFBEFE0EEF6D6
:101F40001745FFFF1305E5C4EF90CEFAEF30DFD859
:101F500017F5FFFF13052530EF90CEF9EFE05FA1F5
:101F60001715FFFF1305C589EF90CEF8EF00DF8549
:101F7000B24041016FF01FA79387C1C4138741C4CA
:101F80009C43184301456313F700828083D66700A2
:101F900081E683D6470036959C43F5B79747FE1FE9
:101FA000938747FC8C431747FE1F0357E7FB4111FC
:101FB0001386052223A6C1C4938785FFBA970565BA
:101FC00023A2F1C406C61D05935637006374E500CD
:101FD000930600203307D60023A4E1C423A0E52202
:101FE000E1162312D600231306001CC3998FE117B4
:101FF0002312F70023130700EFF01FF8B2409747B2
:10200000FE1F2392A7FA410182809387C1C41387E0
:1020100041C49C43144301456393F600828003D777
:10202000670011E703D747006373E5003A859C43D7
:10203000E5B79387C1C4938641C49C4390422A87E5
:10204000B305B5406314F6003A8529A89386870046
:102050009C43E369D7FEE377F7FE2E85E3E4D5FEE4
:10206000E3F2F5FE828083C705002300F50083D7E5
:102070002500A300F50083D72500A1832301F500E7
:1020800083C74500A301F5001145828023AA01C43E
:1020900023A801C4828029C1411126C206C622C4D8
:1020A000AA8401458DC52E842285414697B500003E
:1020B0009385C53397F0FD1FE780000883C70400B0
:1020C00005452306F40083C71400A306F400B240BC
:1020D000224492444101828001458280011122CC38
:1020E00026CA06CE0947AA8432846383E5044146A2
:1020F0008147639BC500638FE6006397B6001DA808
:1021000041478147638FE600F2406244D2443E85F6
:10211000056182808A852285EFF0FFF741468A8536
:1021200021A88A85EFF03FF741468A85228531A0B4
:10213000E398B6FC2E86A285268597F0FD1FE780E2
:10214000A008AA87D1B723AAA1C48280011122CCFA
:102150000354650006CE26CA4AC84EC641C083292C
:102160008500AE842A8803C90900814713178901B5
:10217000618763550702B147054563FA8704511427
:10218000420403552800418033878900A2864E8689
:102190008545EF30DF8AB337A00085077D141355DE
:1021A0006900420405891379F90341802380F40012
:1021B000A380A4002381240123928400014719C035
:1021C0001387190098C409476383E7000145F2406B
:1021D0006244D2444249B249056182800545C5BF87
:1021E000C167F917630AF502D94763F7B70201110E
:1021F00022CC2EC606CE2A84EF005FE2B245636889
:10220000B50022856244F24005616F204FFAF2402A
:10221000624405450561828005458280C167F917E2
:102220006314F5006F009FDF411106C6EF202FE712
:1022300011E15D45B2404101828039714ED656D2DE
:102240005AD006DE22DC26DA4AD852D4AA8A2E8B4D
:10225000B28949EF36C6EFF07FFC9145EF009FEC65
:10226000AA844D492DC9B246054A2380340105444C
:10227000630A0B00B68513851400029B0505131431
:1022800005014180E20993D9894163D30902C1451F
:102290005685EF20CFEE654905E933868400A28597
:1022A0002685EF30EFCA2A8905E1310442044180D6
:1022B00091472C085685231CF10026CE231D810052
:1022C000EF107FF72A8901C963070A002685970066
:1022D000FE1FE780A0E6F25062544A85D25442596C
:1022E000B259225A925A025B21618280BA84014A11
:1022F000ADBF011122CC26CA4AC84EC606CE2A89D5
:102300003284B689EFF07FF3AA8405E1938741C553
:102310009C4381CF05476317E40003C4090005040B
:102320001374F40FA2854A858297F2406244268591
:102330004249D244B24905618280AE8601470546D2
:1023400097050000938565D26FF0BFFA83D705002B
:102350002300F50083D70500A183A300F5000945FC
:10236000828083C7250005472300F50003D50500BB
:102370006397E7000A050505420541818280C94748
:102380003305F502CDBF03D505000A05420541819D
:10239000828083D725002300F50003D5050083D76D
:1023A00025003305F502050542054181828003D5EC
:1023B0000500828003D50500828003D50500828058
:1023C00083D725002300F50003D5050083D725001A
:1023D0003305F502050542054181828083D705005A
:1023E0002300F50083D70500A183A300F50083D760
:1023F00025002301F50083D72500A183A301F50063
:1024000003D54500110542054181828083D705002F
:102410002300F50083D70500A183A300F50003D5B1
:102420002500090542054181828089471145639B4A
:10243000F60083471600834606000145A207D58FA4
:102440002310F700828003D70500D947AE8663FAD0
:10245000E70001470D4697050000938565EF6FF093
:102460005FE90945828011456393A6028347160000
:10247000834606000145A207D58F2310F700834746
:10248000360083462600A207D58F2311F7008280ED
:1024900083C725000547FD1793F7F70F6361F7041E
:1024A00083D705008DCF011122CC2A84C84106CEE6
:1024B00015C12EC68945EFF0DFB72A872285624411
:1024C000B246F2401546970500009385C5E90561BF
:1024D0006FF03FE2F24062440945056182800945A0
:1024E00082809547114563F9D706411122C426C25F
:1024F0004AC006C683471600BA8403470600A207EF
:102500003284D98F2390F400834736000347260096
:1025100093054400A207D98F2391F40089472382B1
:10252000F400094613855400368997F0FD1FE780B3
:10253000A0C09307A9FF2394F4009947631BF900F7
:1025400023A60400B24022449244024901454101BD
:1025500082801904C0C4FDB7828083D705008DCF67
:10256000011122CC2A84C84106CE15C12EC685454C
:10257000EFF03FAC2A8722856244B246F2401D4606
:1025800097050000938565E005616FF09FD6F240E6
:1025900062440945056182800945828099476395B7
:1025A000F6048947411106C62302F7008347160047
:1025B00083460600B285A207D58F2310F700834714
:1025C00036008346260003464700A207D58F130531
:1025D00057002311F700910597F0FD1FE780C0B564
:1025E000B240014541018280D14711456394F60014
:1025F000C1474DBF828083D705008DCF011122CC0A
:102600002A84C84106CE15C12EC68945EFF07FA2A7
:102610002A8722856244B246F2402546970500008B
:10262000938565D705616FF0DFCCF24062440945C0
:10263000056182800945828089471145639BF600C8
:1026400083471600834606000145A207D58F231055
:10265000F7008280011122CC2A84C84106CEAE86C2
:10266000014719C52EC68545EFF0BF9CB2462A87A3
:1026700022856244F2402D4697050000938565D37C
:1026800005616FF01FC711456393A60283471600CB
:10269000834606000145A207D58F2310F700834724
:1026A000360083462600A207D58F2311F7008280CB
:1026B000011122CC2A84C84106CEAE8611C52EC691
:1026C0008545EFF01F97B2462A8722856244F24083
:1026D000354697050000938525CE05616FF07FC1D3
:1026E00093F71600114589EB89476387F6008582C9
:1026F0002312D70010C301458280011122CC2A8405
:10270000C84106CE15C12EC68545EFF09F922A8797
:1027100022856244B246F2403D469705000093850B
:1027200005CA05616FF0FFBCF240624409450561CE
:10273000828083D705008DCF011122CC2A84C84125
:1027400006CE15C12EC68945EFF0BF8E2A87228599
:102750006244B246F240454697050000938585C61F
:1027600005616FF01FB9F24062440945056182803E
:1027700009458280854763FCD7022304A700A30490
:10278000B7008347160083450600A207CD8F2310AC
:10279000F7009387E6FF2311F70089476386F60069
:1027A000090650C30145828023220700E5BF114579
:1027B0008280014781464D4681456FF09FB38D472A
:1027C000114563FBD7028347160083450600A20725
:1027D000CD8F2310F7008347360083452600A207DC
:1027E000CD8F2311F7009387C6FF2312F70063866E
:1027F000A600110610C70145828023240700E5BF0B
:10280000011122CC2A84884506CEAE8611C52EC67B
:102810009545EFF01F82B2462A8722856244F24036
:102820005D46970500009385A5BB05616FF07FAC01
:10283000854711456397F60083470600014523004D
:10284000F700828001478146654681456FF07FAA87
:10285000011122CC2A84C84106CEAE86014719C593
:102860002EC68D45EFF0EFFCB2462A8722856244E2
:10287000F2406D4697050000938585B905616FF0BC
:10288000DF9B011122CC2A84C84106CEAE860147C7
:1028900019C52EC68D45EFF0CFF9B2462A8722859D
:1028A0006244F240754697050000938565B6056160
:1028B0006FF0BF98814717B80000130828B41306BB
:1028C000F00F3307F8008346070013970601418392
:1028D0006364E5006393C600828083D60500636568
:1028E000D7002390E5008280850793F7F70FD1BFCB
:1028F00041119397050122C406C626C2C1872E84C2
:1029000063D50702EF80CED0AA8409CD83470500A6
:10291000054793C707086364F700EF60E00A268560
:10292000EF80EEC72165218D29A893F7150099CF77
:102930009747FE1F9387078FFC5791C382971345D4
:102940001400B240224492444101828093F7250052
:1029500099CB9747FE1F9387E78CBC5B91C3829707
:1029600013452400F9BF93F7850081CF9747FE1FD9
:102970009387478BFC5FBC5B91C3829713458400B0
:10298000C9B793F7450081CF9747FE1F9387878983
:10299000FC5FFC5791C38297134544005DB793F7E2
:1029A000050291CF9747FE1F9387C78783A7070923
:1029B00083A7070991C382971345040259B793F778
:1029C000050191CF9747FE1F9387C78583A7070906
:1029D00083A7C70891C38297134504019DB79397B6
:1029E00025010145E3DF07F49746FE1F83C6F68302
:1029F0001746FE1F034666839745FE1F83C5D58293
:102A00001745FE1F03454582EFB08FAC096521BF16
:102A1000411122C41744FE1F1304C4801306801200
:102A2000814526C2AA84228506C623AE01C497E04A
:102A3000FD1FE780E0730145EF2050120145EF20B4
:102A4000F0199737FE1FA38E9754B707D707B5071E
:102A50001737FE1F2322F77EB7A70D0D9387372167
:102A60001737FE1F232CF77CB7A7D707938737218B
:102A70001737FE1F2326F77CE9779387372117370F
:102A8000FE1F2311F77C7D4781472320E40E032797
:102A9000040D2322F40EB7872D049387F79F5D8FD3
:102AA0008327440D9746FE1F23A6E6849746FE1F04
:102AB00023A6E68493E7E7391747FE1F2322F7840E
:102AC0009746FE1F23AAF6829737FE1F83C7674AE1
:102AD0001747FE1FA306F7801747FE1FA306F780C0
:102AE000F977FD171747FE1F2311F7841747FE1FBD
:102AF000231EF782FD471747FE1F230AF7829737E9
:102B0000FE1FA38D077485679387F7F01737FE1FA5
:102B10002317F7741737FE1F2314F774EF809EE412
:102B20009737FE1FA381A7709307C01C1737FE1F9E
:102B30002317F77685471737FE1FA304F7729737D9
:102B4000FE1F83D76742A9831737FE1FA30EF774B2
:102B50008D471737FE1F2318F7709737FE1F23A5E1
:102B60000770B7170706938707441737FE1F232FF1
:102B7000F76E9737FE1F9387E73E83D7070113074A
:102B8000B00F6374F7009307B00F13960701173760
:102B9000FE1F231EF76A1737FE1F231CF76A8347A1
:102BA000C40341829306E600918BC5C39317660068
:102BB0009387073DC207C1831737FE1F231AF768A3
:102BC0000347D403118B49C7131766001307073D4A
:102BD000420741839735FE1F239EE566ED45328708
:102BE0006373B6006D471736FE1F231EE664130697
:102BF00080143E8763F4C700130780148E0697374E
:102C0000FE1F2393E7649737FE1F2391E7649737EE
:102C1000FE1F239CD7629307C01C1737FE1F231388
:102C2000F764B7071600938707901737FE1F232511
:102C3000F762EF80BFCFEF40901AEF806FA9224478
:102C4000B240924441016F60C025939736009DB712
:102C500013973600B5BF411106C622C426C21737E6
:102C6000FE1F034707609737FE1F83C7975F63699F
:102C7000F70001442285B2402244924441018280FF
:102C8000AA84930510241305800B97F0FD1FE7809D
:102C9000803E2A8479DD1306800B814597E0FD1F75
:102CA000E780004D81E4C1572304F4009737FE1FED
:102CB00093874757B84F3DE71737FE1F232E875A94
:102CC0001737FE1F232C875A1737FE1F232A875AD0
:102CD0002320040005479736FE1F2384E658054746
:102CE000A304E400130700F9A305E4001737FE1F4F
:102CF00013070747544B184F1735FE1F0345C527C9
:102D000074C438C87D57230BE40083C7A704A30EFF
:102D1000E4062304A4062306F40AEF804FBCA30AAA
:102D2000A40089BFF84F00C31737FE1F232A87541A
:102D30002320040003C7E703050771BF8347E501AC
:102D4000411122C406C69907A308F5007C45114726
:102D50002308E5002380E7007C45034715012A840A
:102D6000A380E70083475503858B91E7034745031D
:102D700089476319F70078448347070093E70704FE
:102D80002300F7006844930564031946090597E09A
:102D9000FD1FE780603A68440356E4014C54210566
:102DA00097E0FD1FE7804039930730F9A305F40051
:102DB000B24022444101828041114AC01739FE1FAE
:102DC000130949468327490B06C622C426C299E344
:102DD000054505AAAA84EF80CFF28327490B829785
:102DE000EF40C0562A846DD5DC50AC482324F5084A
:102DF00003C7B4009307A009631BF710854723009E
:102E0000F51483C734062303F514A303F51483C70D
:102E1000F50003C705010148A2074207BA9703C797
:102E2000E5001546F905BA9703C735FF1305841366
:102E30006207BA97232CF40883C755FF03C765FFC1
:102E4000A2074207BA9703C745FFBA97232EF40893
:102E500083C775FFA30BF40283C795FF03C785FFE4
:102E6000A207D98F231CF40283C7B5FF03C7A5FFB0
:102E7000A207D98F231DF40283C7D5FF03C7C5FF5F
:102E8000A207D98F231EF40283C7F5FF03C7E5FF0E
:102E9000232E0413A207D98F231FF4028147232C6A
:102EA000F41297E0FD1FE7802029B84883473702D6
:102EB000FD8BA30AF40203473702ED1793F7F70FD0
:102EC00015832308E4022D476368F7028357A403A0
:102ED00005679306A7C7E917C207C18363EEF6002B
:102EE0008356C4039307301F63E8D7008357E40376
:102EF000130707C8637EF70203558400EF4020657F
:102F00000145B24022449244024941018280832714
:102F1000890D13971701E35C07EEFC4403C7070014
:102F200083C70500F98F9583858B2300F514C5B5FC
:102F30008327890B228582978327090E03558400F6
:102F4000294693F7072091E3054693050008EF50C3
:102F500050418327890D13971701635907000355C3
:102F60008400514693050008EF50B03F8327490580
:102F7000FC4B13974700E35D07E403C58400A38B74
:102F80000400494693050008EF50B03D91B541114A
:102F900022C406C626C24AC09737FE1F83C7972899
:102FA0002A848DEB0347040185476318F70E834796
:102FB000D40303475404858B631FF70C194693050C
:102FC00064041305E40397E0FD1FE780E01FB334BA
:102FD000A000A1A883475504DDC78347B5041307A4
:102FE000000493F7070C6390E70A085931C51309E9
:102FF0006404CA851305A5029700FE1FE7802080A0
:103000008547AA84631AF502085889472302F40405
:10301000834735001946CA8593E72700A302F404C5
:10302000510597E0FD1FE7802011B240224426851C
:1030300002499244410182800347040185476304A9
:10304000F70483470406918B9DEF8347C40385EF04
:10305000130544049700FE1FE780608608D805C565
:1030600089472302F4048347350019469305640415
:1030700093E72700A302F404510597E0FD1FE780C2
:10308000A00B85445DB78347C403898B81DF1C583F
:1030900083C7170081FB814449BF83470406918B96
:1030A00099F78347D40013F717000DC38346340103
:1030B0000D47639DE60068402C442244B240924490
:1030C0000249410117E3FD1F6700C34C898BD5DB23
:1030D000034734019547E316F7FAF1BF41119737DB
:1030E000FE1F238D071A22C4930710F906C6A305F5
:1030F000F500938781C580430DC085451735FE1FB8
:10310000034535EAEF804EC5930710273305F502D6
:1031100022832244B24041010283B2402244410151
:1031200082808347A50199C70347A5006314F70070
:103130006FF0DFFA0347950111CF8346A500638244
:10314000E6022305E50089451735FE1F034575E5B1
:103150006F70BEFDF1DF0347A50079FB2305F50085
:10316000DDB7F9D7E5BF2C49314783C7150093F781
:10317000F7032309F5006386E700930700083E85FF
:10318000828083C705000D47BD8BA309F500E39638
:10319000E7FE41114AC01309650322C419462A8477
:1031A000A1054A8506C626C297E0FD1FE780C0013B
:1031B0009147630F05222C4819461305640483C701
:1031C000050089059987858BA302F40497E0FD1F0C
:1031D000E78080F62285EFF09FDBA147630A052098
:1031E0001305200483044401EF90FED86205618535
:1031F0009307000863CEA41E64449D472308F4008F
:103200002380F40085472381F400A381F400CA855C
:1032100019461385440097E0FD1FE780E0F183C75E
:10322000240003C734000149990793F7F70F136788
:1032300087002381F400A381E4007844BA97035700
:10324000C406A381E70083C724007844834614069C
:103250003E978357C4069206A183BD8BD58F230268
:10326000F70003C7240009071377F70F2381E40051
:103270008356E401E1C283470406795993F70704B2
:1032800091C375593309E9401379F90F6374D90A69
:1032900083463406751989471379F90F6391F61639
:1032A0008347B40663960716916793870729F94603
:1032B0009387771BB3C7D7021736FE1F034606FE58
:1032C000136606019735FE1F238AC5FC1386C1BB12
:1032D000104285650CC6B386D702860634D283C6F3
:1032E000340093E60601A381D40074440346240607
:1032F0003697A301C70083C624007844369723027B
:10330000F70003C724007444A187BA960347340624
:103310001607D98FA382F60083C724008D07238167
:10332000F4005C54CA973CDC8357E401B38727411F
:103330002319F4068347040693F7070485C703C7D8
:1033400034007C4483C6240013670704A381E4008F
:1033500003475401B697A381E70083C7240085077C
:103360002381F40003C524000356E4014C54930761
:10337000350068443E954DC26360C90A97E0FD1F61
:10338000E78080DB0349E40103C724009377F70358
:1033900085073E99A30824012381E4008347540351
:1033A000858B91E70347440389476319F700784405
:1033B0008347070093E707042300F7007C44834515
:1033C0001401A380B700930790F9A305F400034507
:1033D00034068347B4065D8DEF709FDD014681455D
:1033E0000D4597E0FD1FE780005DEF808F918147DD
:1033F000B2402244924402493E8541018280054602
:1034000093078042E385C6EA85679387878445B53D
:1034100085679387E71B61BD4A8697E0FD1FE780BC
:10342000A0D19DB72C491307200283C7150093F73D
:10343000F7032309F5006396E71A011122CC06CEA3
:1034400026CA4AC84EC683C7050015472A84BD8BC5
:10345000A309F500639CE7021946A105130565035E
:1034600097E0FD1FE78040D69147630A05142C487A
:1034700019461305640483C7050089059987858B60
:10348000A302F40497E0FD1FE78000CB2285EFF054
:103490001FB0A14763050512834634061739FE1F86
:1034A000130949B405479739FE1F83D929B48327E7
:1034B0000900637ED710829737460F00AA8413064F
:1034C000062481461305007D3385A9028145EF60FE
:1034D000D07BB307950033B5A7002E953E87832692
:1034E000490019E163E4D7003387D7406444A1471A
:1034F0002308F40058D02380F40085472381F4008A
:10350000A381F4001946930564031385440097E0F2
:10351000FD1FE78060C283C7240099072381F40060
:1035200083C7340093E72700A381F4008347540442
:1035300081CB78448347070093E707F82300F7001F
:103540001946930564041385A40097E0FD1FE780E6
:10355000A0BE83C72400990793F7F70F13F7F7036B
:103560000507A308E4002381F40083475403858BF7
:1035700091E70347440389476319F7007844834779
:10358000070093E707042300F7007C4483451401F8
:10359000A380B7009307A0F9A305F4000345340600
:1035A0008347B4065D8DEF70BFC0014681450D4570
:1035B00097E0FD1FE7802040EF70BFF48147F240A5
:1035C0006244D2444249B2493E8505618280829775
:1035D00037460F00AA841306062481461305803E51
:1035E000E5B5930700083E85828041114AC01389E2
:1035F000C1BB8327090022C41307000A06C626C2DE
:103600002A84F8D30945EF703FF7938601BB9042B7
:10361000B7050082FD155C56F19B93E717005CD659
:10362000032709005C4393E717005CC383478406C4
:1036300093F7F703139797015C56ED8FD98F5CD6FC
:1036400037170040930770052300F704930780FAAB
:103650002300F70403068406B54763D0C7168357D3
:10366000270293E707012311F7029C423706330034
:1036700098431377F7E798C398431377F7E71367EF
:10368000071098C3138741BC18431447D18E14C741
:10369000832609001306A00DB0CA5457F59A54D7D3
:1036A000034724069376F7079843137707F8558F57
:1036B00098C337C7898E130767ED98C737575500EA
:1036C000644413075755D8C39D472308F40023804B
:1036D000F40085472381F400A147A381F4007C44D2
:1036E0000357C4062382E70083C724007844834637
:1036F00014063E978357C4069206A183BD8BD58FCF
:103700002302F70003C524009307E00F0905137592
:10371000F50F2381A40003562407898F63CFC704C4
:103720007C442C5C0D053E9597E0FD1FE780C0A012
:1037300003C72400834724079376F7038507B697CA
:10374000A308F4002381E40083475403858B91E7A9
:103750000347440389476319F70078448347070008
:1037600093E707042300F7007C4403471401A38078
:10377000E700930780F9A305F40083270900784444
:103780008145171500001305C539B8DBEF705EE4FD
:103790009737FE1FA387079C834534068347B406EB
:1037A000034614012244B24092440249DD8D014592
:1037B000410117E3FD1F6700032083572702C2075B
:1037C000C183BD9BC207C18379BD397152D4138AAD
:1037D000C1BB83260A0022DC26DA06DE4AD84ED692
:1037E0009307000AFCD2938701BB9C43B7053300C3
:1037F0002A84D857719B13671700D8D7984313773B
:10380000F7E798C398431377F7E71367071098C350
:10381000138741BC184310474D8E10C71306A00DE7
:10382000B0CA5057759A50D7034725061376F70745
:103830009843137707F8518F98C3DC420D4793E7FD
:103840001700DCC264459D472308F50085462380A8
:10385000F400A38104002381D4008347F505638528
:10386000E70019476396E7528547A381F40019469C
:10387000930564031385440097E0FD1FE780C08B28
:1038800083C7240099072381F4000347F40599476F
:103890006316F70483C734001385A40093E7270059
:1038A000A381F40083475403898B6385071E0C585A
:1038B00083C725016380071E1946D10597E0FD1FC8
:1038C000E780808778448347070093E707F8230061
:1038D000F70083C7240099072381F40083C73400CD
:1038E00003C7240093E78700A381F4007C44BA97C0
:1038F0000357C406A381E70083C7240078448346A6
:1039000014063E978357C4069206A183BD8BD58FBC
:103910002302F70003C7240009071377F70F238159
:10392000E4008356C4016386061A83470406795966
:1039300093F7070491C375597C483309E94013791B
:10394000F90F918B81C739191379F90F8149637484
:10395000D90A83473406751989461379F90F639D8F
:10396000D7148347B406639207169169938909298E
:10397000F9479389791BB3C9F9029736FE1F83C6AD
:10398000E69193E606011736FE1F2309D69083269B
:103990000A00056690C6B387F9028607BCD283C7C2
:1039A000340093E70701A381F4007C448346240696
:1039B0003E97A301D70003C724007C4493D68940D7
:1039C000BA972382370183C7240078443E97834700
:1039D00034069607D58FA302F70083C724008D070E
:1039E0002381F4001C54CA973CDC8357C401B3877D
:1039F00027412319F4067C48914613F7C700630B4F
:103A0000D700B1466316D726834614060347F4074A
:103A10006390E626A18BE1C7938741AE9C4383293F
:103A2000840982971727FE1F1307C75B63E6A90A5D
:103A3000B7470F003385A94093870724B335F502B4
:103A40000356870081463305F502EF601024AA89EA
:103A5000B7074B00138749ED9387B7C763EAE720A1
:103A600049468145680097D0FD1FE7806070B7C761
:103A70000300938737FC63CD3713BD09F947B3C9FA
:103A8000F902B2477977F98FCE0993D93901B3E9B1
:103A90003701B9A28347D40381CB78448347070019
:103AA00093E707F82300F70019469305E40397D03E
:103AB000FD1FE780606831BD854693098042E38938
:103AC000D7EA85699389898465B585699389E91BF6
:103AD00045B58149014905B75C43BE9991BF83C78C
:103AE000340083453406C18BA1CB79460947B3899D
:103AF000C902835724076395E5020347B406990773
:103B00008E0709CB9387770D13961700B299938987
:103B100049293DBF9387A70493963700B699C5BF3F
:103B200005476397E500BD0713972700BA99C5B706
:103B3000B9078E07BE99E1BF03C724008357C401AC
:103B4000BA970947639EE5040347B406D9078E0771
:103B500021C79387770D86071727FE1F0347177422
:103B6000136717009726FE1FA38AE67203270A0031
:103B7000A1669389875214C793875754F946B3C7F0
:103B8000D702B387D70286077CD783471406230062
:103B9000B408A30FF4066DBD9387A7048E076DBF0D
:103BA00005476395E500FD078A077DB7F907FDB76F
:103BB000B7872500138747ED634637031307C01205
:103BC00093896909B3C9E902B24789661387F6FF89
:103BD000D58F33F7E900F979B3F93701B3E9E90093
:103BE0004EC619A863C037178357C1006977F98F8C
:103BF0001167D98F2316F1008357640868446C005D
:103C0000139707018357C100D98F3EC68327040A43
:103C10000327C4083EC88327440A1316870061831C
:103C200093F6F7019727FE1F83C7F75F9D8B9607D3
:103C3000D58FD18F3ECA832704094946A2075D8FDD
:103C4000835784083ACC231EF10083C724008D07D4
:103C50003E9597D0FD1FE780204E83C7340093E741
:103C60000702A381F40083C72400C9072381F4005D
:103C70008347040693F7070485C703C734007C44D1
:103C800083C6240013670704A381E400034754019B
:103C9000B697A381E70083C7240085072381F4003A
:103CA0000356C40161E2014983C624008347E40549
:103CB00013F7F60305073A999A07D58FA30824014D
:103CC0002381F40083475403858B91E70347440322
:103CD00089476319F70078448347070093E707048F
:103CE0002300F7007C4403471401814517150000A9
:103CF000130525E3A380E700930760F9A305F4000B
:103D0000784483270A00B8DBEF709E8C9727FE1F4C
:103D1000A38907449727FE1F23860744834534065B
:103D20008347B406034614010145DD8D97E0FD1F6E
:103D3000E78060C8F2506254D2544259B259225AB4
:103D400021618280B787DAFF93876709BE9983472D
:103D5000D10093F7F7F993E70706A306F10093075D
:103D6000C01231BB03C524000C54930735006844CE
:103D70003E956369C90097D0FD1FE780E03B03498A
:103D8000C4011DB74A8697D0FD1FE780E03A29BFDE
:103D90001387E7FF1377D70F6311071EA381D400A2
:103DA0009305650319461385440097D0FD1FE780EE
:103DB000A03883C7240003C734009729FE1F9389C6
:103DC0006946990793F7F70F136787002381F4007B
:103DD000A381E40078440149BA970357C406A3813C
:103DE000E70083C724007844834614063E97835730
:103DF000C4069206A183BD8BD58F2302F70083C62C
:103E000024009147890693F6F60F2381D4000347D7
:103E1000F4056310F70C83470406795993F70704F8
:103E200091C375598357C4013309D9401379F90FE8
:103E30006371F90A03473406751989471379F90F35
:103E40006318F7108347B406639D07109167938743
:103E5000072979479387771BB3C7E70203C689070A
:103E6000136606019725FE1F238AC54203260A0012
:103E700085650CC63387E702060738D203C73400CE
:103E800013670701A381E400784403462406BA9629
:103E9000A381C60083C62400784436972302F70026
:103EA00003C724007444A187BA9603473406160753
:103EB000D98FA382F60083C724008D072381F400E5
:103EC0001C54CA973CDC8357C401B387274123198C
:103ED000F4068347040693F7070485C783C73400B5
:103EE00003C7240093E70704A381F4007C44BA9736
:103EF00003475401A381E70083C72400850723817A
:103F0000F4000347F40591476317F7060356C4010D
:103F10003DC203C524000C549307350068443E9508
:103F20006365C90497D0FD1FE78000210349C401E0
:103F30000347F4059147631AF72883C7890793F766
:103F4000070F93E757001727FE1F2309F734A9BB74
:103F5000054693078042E30EC7EE85679387878403
:103F6000CDBD85679387E71BEDB54A8697D0FD1FCA
:103F7000E780801C75BF014965BF93F7B70F054700
:103F8000E393E7D2A381F4009305650319461385F3
:103F9000440097D0FD1FE780201A83C724009907AB
:103FA0002381F40083C7340093E72700A381F40042
:103FB0008347D40381CB78448347070093E707F80E
:103FC0002300F700834754031385A400898B63877C
:103FD000071A0C5883C725016382071A1946D105B1
:103FE00097D0FD1FE780401578448347070093E78B
:103FF00007F82300F70083C7240003C7340097297C
:10400000FE1F93892922990793F7F70F13678700FB
:104010002381F400A381E40078440149BA9703574F
:10402000C406A381E70083C72400784483461406AE
:104030003E978357C4069206A183BD8BD58F23027A
:10404000F70083C624008547890693F6F60F23817F
:10405000D4000347F4056310F70C8347040679592D
:1040600093F7070491C375598357C4013309D940A5
:104070001379F90F6371F90A0347340675198947F3
:104080001379F90F631EF7108347B4066393071281
:1040900091679387072979479387771BB3C7E7020F
:1040A00003C68907136606019725FE1F2388C51ED0
:1040B00003260A0085650CC63387E702060738D257
:1040C00003C7340013670701A381E4007844034663
:1040D0002406BA96A381C60083C624007844369786
:1040E0002302F70003C724007444A187BA9603474C
:1040F00034061607D98FA382F60083C724008D07E4
:104100002381F4001C54CA973CDC8357C401B38755
:1041100027412319F4068347040693F7070485C74C
:1041200083C7340003C7240093E70704A381F40086
:104130007C44BA9703475401A381E70083C7240056
:1041400085072381F4000347F4058547631DF706BF
:104150000356C4012DCA03C524000C54930735002F
:1041600068443E95636BC90497D0FD1FE780C0FC8F
:104170000349C4010347F405854775BB8347D4034E
:1041800081CB78448347070093E707F82300F700C3
:1041900019469305E40397D0FD1FE780E0F9A1BD20
:1041A000054693078042E308C7EE856793878784B7
:1041B000DDB585679387E71BF9BD4A8697D0FD1F5C
:1041C000E78080F745BF014975B783C7890793F733
:1041D000070F93E7670085BB011156C2972AFE1FA0
:1041E000938A4A0483A74A0A06CE22CC26CA4AC822
:1041F0004EC652C4639F07502A840945EF70CFB75B
:104200001389C1BB032609009307000A938901BBE8
:104210007CD283A70900B7053300568AD857719B13
:1042200013671700D8D798431377F7E798C39843D5
:104230001377F7E71367071098C3138741BC184338
:104240001447CD8E14C79306A00D34CA5457F59A5F
:1042500054D70347A4009376F7079843137707F8DA
:10426000558F98C38347E4007844BD8B2308F4003E
:104270002300F7001D476444639CE73C8547A38106
:1042800004002381F4000347F4058D45631FB7281C
:104290008357C401639207187C481147B18B638D23
:1042A000E71631476398E700034714068347F4078E
:1042B0006304F7168547A381F40019469305640348
:1042C0001385440097D0FD1FE78000E783C72400D3
:1042D000990793F7F70F2381F40003470406137738
:1042E000070415C303C7340013670704A381E40060
:1042F0007844BA9703475401A381E70083C7240099
:1043000085072381F4009727FE1F238907F883C6BA
:1043100024008347E40513F7F60305079A07D58FB2
:10432000A308E4002381F400930740F9A305F400F7
:1043300083475403858B91E70347440389476319F7
:10434000F70078448347070093E707042300F7004A
:104350007C4403471401B7060082FD16A380E700E2
:10436000032709005C4393E717005CC38347840677
:1043700003A6090093F7F703139797015C56F58F8F
:10438000D98F5CD637170040930770052300F704D8
:10439000930780FA2300F70483068406B54763D2A7
:1043A000D7368357270293E707012311F70203A7A4
:1043B0000900B7C7898E938767ED1CC7B7575500AB
:1043C000938757555CC38347A406834444068145BD
:1043D000170500001305E574DD8C89471727FE1FBC
:1043E000A303F7D89727FE1FA38D07D683270900BD
:1043F0007844B8DBEF70CE9D034614016244F2406E
:104400004249B249224A924AA685D24401450561F1
:1044100017D3FD1F6700235AA147A381F4008357D8
:10442000C4062382F4008357C40603471406744469
:10443000A1831207BD8BD98FA382F60083C6240007
:104440000547890693F6F60F2381D40083478A0730
:10445000032609006313F7060347440689476316DA
:10446000F71E0347A406938766008E07630B071C9D
:104470009387770D8607231AF4068357440703476B
:104480008401F9459387070AB387E702094517288E
:10449000FE1F2305A8E0056508C6938707FBC20732
:1044A000C18393877716B3C7B70213970701B38702
:1044B000B702418386073CD21DA03852F9470583D5
:1044C0003357F7023C526C528583FD8BAE977CD2FA
:1044D0008D471726FE1F2303F6DC4207418383C75F
:1044E000340093E70701A381F4007C44BE96834720
:1044F000240693E70704A381F60083C624007C44C6
:10450000B6972382E70083C624007C4421837D8BF9
:10451000B697834634069606558FA382E70083C775
:1045200024008D072381F400DDB399466319D70A6F
:104530000357C4014DE7A381F400138544001946D5
:104540009305640397D0FD1FE78000BF83C7240055
:104550001385A40099072381F40083C7340093E7EF
:104560002700A381F40083475403898BB9C70C58F3
:1045700083C72501B9C31946D10597D0FD1FE78030
:10458000A0BB78448347070093E707F82300F700B0
:1045900083C72400990793F7F70F2381F40003479B
:1045A000040613770704E30007D683C63400784473
:1045B00093E60604A381D4002DBB8347D40381CBAB
:1045C00078448347070093E707F82300F70019466C
:1045D0009305E40397D0FD1FE78000B655BFA147C0
:1045E000A381F4008357C4062382F4008357C406D2
:1045F000034714067444A1831207BD8BD98FA3828D
:10460000F60083C624000547890693F6F60F23813A
:10461000D40083C78A0703260900E30FF7E2385264
:10462000F94705833357F7023C5268528583FD8B67
:10463000AA977CD29727FE1F2382B7C642074183E1
:1046400079BD9387A7048E073DB59387E600E5BF44
:104650000547639CE708B147A308F4008347540368
:10466000898BADC30C5883C72501A9CF1946D10545
:104670001385840097D0FD1FE78000AC7844834702
:10468000070093E707F82300F700684419469305ED
:104690006403090597D0FD1FE78000AA83278A0DD0
:1046A00013971701635D07008347E400B98B81EB23
:1046B00078448347070093E707022300F700930736
:1046C00020F9ADB18347D40399C783C7040093E7AA
:1046D00007F82380F400684419469305E403210594
:1046E00097D0FD1FE78040A54DB70356C4010C5479
:1046F000138584009307660093F7F703A308F4007B
:10470000C5B783572702C207C183BD9BC207C183B8
:1047100069B9F2406244D2444249B249224A924ABB
:104720000561828041119727FE1F9387A7AF22C49E
:10473000A05306C605478346C4006390E60283C7BC
:10474000870711476315F7002285EFE03F9922851F
:104750002244B24041016FF03FA8B24022444101DF
:1047600082809727FE1F9387E7ABBC4F99E33E8576
:10477000828003C78700E30CA7FE9C43C5BF0111DD
:1047800006CE22CC26CA4AC84EC6EFF09FFD11E9DC
:104790008144F240624426854249D244B2490561CF
:1047A0008280834755032A8489EF19469725FE1F87
:1047B0009385C5B51305640397D0FD1FE780C097A7
:1047C000B5A80547639EE7009727FE1F83C7A7A5E7
:1047D000C944E1D319469725FE1F938585B3D9BFF8
:1047E0001C59A1EB8347C503230A050291EB03473C
:1047F00054038547230AF4028947E317F7FC75B78A
:104800001305C50397E0FD1FE780200608D815C1F2
:10481000EF4020420C5883C7A50081CF8947230A67
:10482000F4021946B1051305640397D0FD1FE78014
:10483000A090034744038947E31BF7FA9727FE1F1D
:1048400083C7579E9DCB8347C40385CB83473404DE
:10485000130700041305C40393F7070C6397E710CD
:1048600097E0FD1FE780A00508D81C5899C783C7AB
:10487000270181C78947230EF4028344C40089F8C5
:1048800085470349E4002306F400A304F400171746
:10489000FE1F0347B76E9727FE1F238507989317C0
:1048A0000701231BE4069376F9001947C183637A55
:1048B000D706834644060947938947006394E60078
:1048C0009389C7038356C401834534061727FE1F07
:1048D0000347A7891305A00F9307E70B231B340792
:1048E000138726000946B3D6A6020E071715FE1F2A
:1048F0000355C56F6390C5081307A7040E073E97BD
:104900009397A600BA9737460F00130606248146F0
:10491000B3A5A7023305F502EF5030374E95231BA0
:10492000A4068357E40623180406B1CB03456401AB
:104930009307F00F6307F500EF609EBCFD57230B54
:10494000F4000356E406930664011206A2851715C7
:10495000000013050597EF601EA785451715FE1F7C
:1049600003453564EF606EFC2DB597E0FD1FE780D1
:10497000C0EFDDBD6D073E979397960061B7854701
:10498000E31DF9FC034564019307F00F6307F5008D
:10499000EF601EB7FD57230BF40005669306640114
:1049A0001306068065B7411106C622C42A84EF604B
:1049B0005FB5228523060400A3050400A3040400B8
:1049C000EFE0CFF185451715FE1F0345955DEF60BC
:1049D0009EAE89451715FE1F0345B55CEF60BEAD61
:1049E000034564019307F00F6307F500EF605EB1C4
:1049F000FD57230BF400B2402244410182802C4930
:104A0000411106C622C426C24AC083C715007D478D
:104A100093F7F7032309F500E91793F7F70F637B83
:104A2000F70093040008B2402244268502499244CC
:104A30004101828083C70500BD8BA309F500F517EE
:104A400093F7D70FF9FF2A841946A10513056503CB
:104A500097C0FD1FE7804077914471D52C4885476A
:104A60002302F40483C70500194689059987858BBD
:104A7000A302F4041305640497C0FD1FE780C06B14
:104A80002285EFE0CFD085472A89E31CF5F803475C
:104A900034019547631EF702EF00906B9717FE1FD6
:104AA00083C7B74D8D8B6375F50283470401E36AB5
:104AB000F9F6938741AE9C438144829748D0228582
:104AC000EFE08FAFE31125F72285EFF0DFEDA1BF17
:104AD0008347040181C71947E395E7F413052004D0
:104AE00083044401EF802EC962056185E3CBA4F203
:104AF0002285EFE0AFA48347A4060345440683451F
:104B0000140181445D8DEF60AFEA014681450D459A
:104B100097D0FD1FE78020EAEF60BF9E29B739716B
:104B200026DA9714FE1F9384E46F22DCA0504AD843
:104B30004ED652D456D25AD05ECE62CC66CA06DE6B
:104B4000314B979A0000938AEA8C914B1719FE1FFC
:104B5000130909619389C1BB0D4C971CFE1F938CEF
:104B60006C40130A44018347B4009387E70693F728
:104B7000F70F6367FB188A07D6979C43D6978287FF
:104B80000146930550020145EF606FF7130650028E
:104B90008145054597D0FD1FE780E0E18347390057
:104BA000858BD1C328488146528681459717FE1FC1
:104BB000A389075A97D0FD1FE78000D601E522851B
:104BC000EFF0FFE30347B40093073009E30DF7F874
:104BD000EF603F932285EFE0CFD4F2506254D2547D
:104BE0004259B259225A925A025BF24B624CD24C51
:104BF0002161828083472900858B95C39717FE1F0B
:104C0000238107568347040105476375F700194759
:104C1000E390E7FC9307B0F9A305F400A9B783A7D5
:104C20000900FC53A9F39717FE1F238D07524DB7B8
:104C300083472900858B6387073C9717FE1F2382D4
:104C400007529384C1C6EF60DF8B9C409DCBDC4351
:104C50008DCB89472302F10083475404130561007B
:104C60001946A302F1008347440193056404230617
:104C7000F10097C0FD1FE780204C9C404800DC43BA
:104C800082978347740689CF834554040345840083
:104C900013066404EFA0BFAD83477406898B9DFBA8
:104CA0002285EFE0AFC315BF8347B4060345340642
:104CB0000146930550025D8DEF606FE4014681452A
:104CC000054597D0FD1FE78000CF83473900858BCE
:104CD000638F073228488146528681459717FE1F09
:104CE000A381074897D0FD1FE78000C301E5228517
:104CF000EFE04FF30347B4009307A009E305F7E69D
:104D0000EF603F8071BF8347B40603453406014618
:104D1000930550025D8DEF608FDE014681450545AC
:104D200097D0FD1FE78020C983473900858B6380BA
:104D3000072E28488146528681459717FE1FA38279
:104D4000074297D0FD1FE78020BD01E52285EFE0F7
:104D50008FC10347B400930790094DB783472900DB
:104D6000858B6381072A9717FE1F238C073EEF6010
:104D70004FF983C7840709476307F70083C7840790
:104D80000D476315F70283A6090003574407BC5279
:104D90001307C712858363FBE700930750F9A30548
:104DA000F400BC528583E39007DCDDBD034794012A
:104DB0008347A4011DCF8346A4006302D7286387DD
:104DC000F6002305E4002285EFF00FC18347790048
:104DD00093F7F70FE39907D883C784070947630759
:104DE000F70083C784070D47E31CF7EA930750F9E0
:104DF00025B5E9DF0347A40071FB2305F400E1B703
:104E000083C78407E39EFBFE2285EFE01F9CA1BBC6
:104E100083472900858B6387071E9717FE1F238210
:104E2000073483C78407C18B85C7EF608FED83C7C5
:104E3000840793F70702E5DF83C78407228593F78A
:104E4000F70C1717FE1F230BF744EFE00FFA21BBF7
:104E500083C79407858B91C7EF60AFEA9307E0F9AA
:104E600065BB83C784071547BD8B639CE700EF00D4
:104E7000302E83C77C018D8BE374F5E89307D0F95E
:104E800061BB83C784071947BD8BE39BE7E69307A4
:104E9000C0F959B383472900858BE38607CC971760
:104EA000FE1F2380072C83C78407C18B89CBEF604B
:104EB0004FE583C7840793F70702E5DFB5BF83C7D4
:104EC0009407858BD1FB83C784071547BD8BE38788
:104ED000E7FA83C784071947BD8BE38AE7FAEF60D7
:104EE0004FE2E5B9FC58230E8407228582970347D9
:104EF000B40093077009E308F7C6C5B183473900CA
:104F0000858B95C7EF60EFDF938701BB98437C5398
:104F1000ED9B7CD39717FE1F23890724371700408A
:104F200083578701C607C583231CF70095BB83A75A
:104F30000900FC53E39907C2EF60AFDC938701BB24
:104F400098437C53ED9B7CD39717FE1F238F07203C
:104F50003717004083578701C607C583231CF70016
:104F60009717FE1F2380072025BB83472900858BC9
:104F7000D1CB9717FE1F2386071E83C78407C18BDB
:104F80009DC383C7840793F70702E5DF2285EFE01F
:104F9000CFE583C7840793F7F70C1717FE1F230F7E
:104FA000F72EEF600FD62285EFE04F939384C1C6B2
:104FB0009C409DCBDC438DCB89472302F100834786
:104FC0005404130561001946A302F100834744010C
:104FD000930564042306F10097C0FD1FE780C01508
:104FE0009C404800DC43829783477406858BE386A8
:104FF00007BE834554040345840013066404EFA0F0
:105000000FF7E1BE83A70900FC53E39E07B497178F
:10501000FE1F23890714EDB19717FE1F83C767147E
:10502000858BF5D79717FE1F238D0712EF606FCD85
:105030002285EFD07FD82285EFF0FF9679BEE387F7
:1050400007D865BB41119717FE1F9387A71D22C480
:10505000E04B06C626C2630804248346C400054705
:105060006393E6249716FE1F83C6F60F1547638BDE
:10507000E6001717FE1F1307A70E034777008D469C
:10508000639DE6002244B24092441715FE1F03457B
:1050900055F1854541016F604E8983C707008356EE
:1050A00004021717FE1F232F871C850793F7F70F9E
:1050B0001717FE1F2308F716130700643347D7029C
:1050C00063C8E700EF60FE949717FE1F238C071458
:1050D0000347E4009D476317F7048347940685CF91
:1050E0008356040763E6F602834584009307300481
:1050F000A30BF4001305300493F6F60F0146EFA05E
:10510000CFE622852244B240924441016FF0BF892C
:1051100085062318D406930530020545EF60FE8806
:105120002301A40685471717FE1F2309F716034717
:1051300084018D476319F70AEF50BEEC0D8901ED2C
:10514000930770022305F40093075002A30CF400A8
:105150009307600231A885476310F5089307600242
:105160002305F40093075002A30CF4009307700288
:10517000230DF4000347E40085479714FE1F83C402
:1051800054E26318F70E0356040285452685EF6046
:105190000E9183475403898BEDC78347C403F5C33E
:1051A0000C58E5C183C7A500E9CF8947230AF4025B
:1051B0001946B1051305640397C0FD1FE780C0F7CA
:1051C0000347C407894763E2E70C22852244B240C3
:1051D000924441016FF04F80930750022305F40081
:1051E00093077002A5B789468347F4006319D70275
:1051F00013F7170011CF130750022305E400898B22
:1052000081CF93076002A30CF400230D04009DB727
:10521000930760022305F40093077002EDB79DC366
:1052200013F7170001CB930750022305F400A30CDA
:105230000400E1BF898B81C793076002FDB7930724
:105240007002E5B783479401130740026365F700D6
:105250009307500201A8850793F7F70F1307700211
:10526000E368F7FEA30CF400834794012305F400E0
:1052700069BFB9450545EF604EF3035604022A960F
:1052800029B78547230AF40225BF938741AE9C4383
:1052900083248409829763EDA400835764073385D0
:1052A000A440E374F5F2B24022449244410182806A
:1052B0009717FE1F938707D3DC43BE94F9BF0111F4
:1052C00022CCFD5706CE230BF5008357E5062A8432
:1052D0009DC783460507834585009307C003A30B3D
:1052E000F50001461305C003EFA02FC80945EF6084
:1052F000AFA822856244F24005616FF0CFEA834790
:10530000E5000547BD8B6386E70083470506918B63
:10531000F1DF9717FE1F9387E7F083A7070E93F738
:10532000072085C302C402C202C0814801488147E8
:1053300001478146054681451305C003EFA08FC094
:1053400075B702C08148014881470147814605463B
:1053500081451305C003EFA0CFBC49BF23ACA1C456
:105360008280411106C69717FE1F83C797C389EB3A
:1053700017D5FFFF13050558EF60CEB7EFD04FE903
:1053800097E7FFFF9387678D1717FE1F232EF7EE12
:1053900097F7FFFF9387E73E1717FE1F2328F7EEC7
:1053A000B24097070000938727CA1717FE1F2321D3
:1053B000F7EE97F7FFFF938727371717FE1F232B6B
:1053C000F7EC4101828011C98327050A93E707089A
:1053D0002320F50AFD572303F502828023A0A1C6EE
:1053E00082809717FE1F9387E7E3BC4B9C5799E396
:1053F0003E85828003D78701E30CA7FE938787054C
:10540000FDB7011122CC06CE2A840345650293071D
:10541000F00F2E866309F5002EC6EF606E8E3246C1
:10542000FD572303F4028347A40203578404930621
:10543000640293E707062305F40283570404A28558
:10544000F240BA972313F4046244170500001305D1
:10545000C5F705616F503EF7011122CC06CE2A84B4
:10546000034575029307F00F2E866309F5002EC6DB
:10547000EF600E893246FD57A303F40293067402CF
:10548000A2856244F240171500001305A5EB0561E3
:105490006F507EF3011122CC06CE2A84034585028B
:1054A0009307F00F2E866309F5002EC6EF604E8538
:1054B0003246FD572304F40293068402A285624417
:1054C000F24017150000130585EA05616F50BEEF25
:1054D00003467514ED479715FE1F83D5C5D697165D
:1054E000FE1F83D606D71717FE1F0357A7D6231014
:1054F000F51C231EF51A231CB51A231AD51A231BD3
:10550000E51A8947630BF6069307801483486514F0
:105510002311F51C09481716FE1F1306A6D0639227
:10552000080703568602231DC51A0566130606A939
:10553000231FC51A6D482E866373B8006D469315F8
:1055400006012314C51C6D48C18136866373D800DB
:105550006D462312C51C8356E51B0356A51B6373BA
:10556000D600B2862315D51CBA8663F3E700BE8643
:105570002313D51C2307B50482808567938707A969
:1055800071B703566602231DC51A130680144DB762
:105590000347651489468357A51C631ED7028356AB
:1055A0008514938787E899C6B3C7E702938757FDA9
:1055B000214731A02147B3C7E702938757FDB3C7FF
:1055C000E7020357851CC207C18363F3E7003E87E8
:1055D0002307E504828085466316D7009387C7FBBF
:1055E0001147F1BF938707FBE1B78357451B03576B
:1055F000051C411106C663F3E7003E8793180701B7
:105600008357251C0357651B93D808016373F70064
:10561000BA87139807018356C51B8357851B1358F8
:10562000080163F3D700BE860357A51B8357E51B0C
:1056300013930601135303016373F700BA8783467C
:105640007514C2070947C183639AE600056613060D
:1056500006A942876370C802328729A8032705106C
:105660009316470163CC06000566130686844287BD
:10567000E36406FF131807011358080183466514F5
:105680000947639EE6060357A5039306204E33079A
:10569000D70293F6F80F9A061386F63C9386C64F08
:1056A000634406019306C812158F63D3E7003E8753
:1056B000420705664183130606A9BA876373C700CC
:1056C000B287C207C1830356451C13F7F80F9376C0
:1056D000F30F6316E6040356651C631206050356B2
:1056E000851C631ED6020356A51C631AF602230E00
:1056F0000506EFF0FFE90945B2404101828003272A
:10570000051093164701E3C006FC05661306868460
:10571000BE856373F600B2859397050165B70546AC
:10572000230EC5062312E51C2313051D2314D51CC7
:105730002315F51CEFF0DFE501457DBF0357A51BE1
:105740008357E51B411106C66373F700BA8703460A
:1057500065141397070189464183631BD606856646
:10576000938606A96373D700B68713970701418311
:105770008357A51C6387E70085472315E51C230E87
:10578000F5060357651B8357251C6373F700BA871B
:105790000346751413970701894641836317D6049E
:1057A0008566938606A96373D700B68713970701AA
:1057B00041838357651C6387E70085472313E51CF6
:1057C000230EF506EFF0DFDCB24001454101828097
:1057D000856713868784E37DE6F883260510938723
:1057E0000780F58FD1F7328761B785671386878485
:1057F000E371E6FC8326051093870780F58FD5FBC0
:10580000328745BF0357A50495470356E503B30701
:10581000F7028356A50393D537406355B600118F21
:1058200093173700B3C7D702C207C1832314F50407
:105830008280832745110D469306F00F03C70700AA
:105840000D8BA306E5006314C70083C62700A30BD6
:10585000D50003C70700418B2309E50083C7170064
:10586000230BF50082808347C500CD9B2306F500FE
:105870008280832745110347C50083C707009356DD
:1058800037408987B58F858B99C7134787002306D3
:10589000E500014582800545828083274511034745
:1058A000C50083C70700935627408D87B58F858B2A
:1058B00099E7134747002306E50001458280054527
:1058C00082808327450E85072322F50E91E78327E3
:1058D000850E85072324F50E8327850E93F7070889
:1058E00091C785472322F50E2324050E8347A50281
:1058F00093F7070491CF8357050403578504BA979C
:105900002313F5048327450A93F7F7BF2322F50AEB
:1059100082808327C50E85072326F50E91E783270E
:10592000050F85072328F50E8327050F93F7070832
:1059300091C785472326F50E2328050E8347A50228
:1059400013F7070409C793E707022305F5028280CE
:105950009717FE1F9387078D83A787090145054782
:1059600091E3828083C6B7006393E60005059C43FC
:10597000C5BF411122C491452A84014506C6EF6086
:10598000CE82231BA4041717FE1F0357A794854735
:1059900063F1E7060355A41C8357641C37460F00C8
:1059A00013060624AA97938717271705FE1F03558A
:1059B000E563B3A5A70281463305F502EF40F02C5D
:1059C000835704040357E4058355840505461D8F5A
:1059D0003307B702832704091383F5FF130E8002F0
:1059E0003E979717FE1F9387E78383A8870963660F
:1059F0006600B2402244410182803308C603C68754
:105A0000FD563A9881E7231BC404E5B76314F400FC
:105A10001C40F5DB83AEC7086398BE0083A6070968
:105A2000B306D840B3F6B60263E4A6009C43D9BFE0
:105A3000090675BF1717FE1F0357C789854763F10E
:105A4000E70A411122C48357651C2A840355A51C0B
:105A500037460F0013060624AA97938717271705C2
:105A6000FE1F0355A558B3A5A702814606C63305F8
:105A7000F502EF409021034654059707FE1F9387D8
:105A8000677A83A887097D1685461303800263E63B
:105A9000C600B240224441018280338766028327D8
:105AA0000409FD553E97C68781E7231BD404D5B76B
:105AB0006314F4001C40F5DB03AEC7080328C408D8
:105AC000631A0E0103A80709B305E84063640701E0
:105AD000B305074163E4A5009C43F9B7850645BFBC
:105AE00082801707FE1F0357E77E854763F5E70EA1
:105AF00041119707FE1F9387E77222C403A4870909
:105B000006C626C2A28789EB09EC230E0500B24027
:105B1000224492444101828003C7D7016DFB9C431C
:105B2000DDB76314A40000406DD08347B400D5E313
:105B30000327C4088327C508630DF7080347C50179
:105B400093070008AA84631DF7048357A40319462A
:105B500093050008231AF506231BF5068357C40393
:105B6000231DF5048357E403231EF5040355850024
:105B7000EF20307F8547A38EF40083C7C40193F7DD
:105B8000F707238EF400130584062244B2409244A2
:105B900031469305F00F410117B3FD1F6700435DC8
:105BA0008357A503194693050008231AF406231BFF
:105BB000F4068357C503231DF4048357E5030355F7
:105BC0008400231EF404EF20D0798947A30EF4004B
:105BD0005DBF004015BF230E05008280411126C223
:105BE00006C622C41707FE1F0357C76E8547AA843F
:105BF00063F8E71A83278510898B6383071A970751
:105C0000FE1F9387276283A78709BE85ADED03D664
:105C1000841C01447D581306260205862D067D55F9
:105C2000A5EB630E04108347B4000357A403D5EB20
:105C30008947231CE404A30AF4040357040683578A
:105C400004042285BA97C1071D8B998F231FF40482
:105C50008357C403231DF4048357E403231EF40471
:105C6000EFF03FD18327440A93E717002322F40A79
:105C70008547230AF4008D47A30EF400B240224466
:105C800092444101828003C7D5016DFB8C41BDBFA9
:105C900098436394970051D7BA8783A6070903A74F
:105CA000040963E2E6023387E64083A6C40863F48E
:105CB000E6003377D7026376A7003A856373C7009F
:105CC000BE859C43B1BF158F83A6C70863F4E60069
:105CD0003377D702E37707FF3A88E374C7FE3E8441
:105CE000CDB783D7A403B3F7E702C9FB9D46994715
:105CF00063F5E600935717008D070567231AF4062E
:105D0000130707C88A076353F700BA87231BF406F3
:105D10008357C4030355840013065002231DF40463
:105D20008357E40393050008231EF404C947A30E18
:105D3000F4002244B240924441016F209062ADC110
:105D400003D7A40383D7A503B3F7E702B1EB838797
:105D5000C40163D707049D46994763F5E60093574E
:105D600017008D070567239AF406130707C88A07EB
:105D70006353F700BA87239BF40683D7C40303D584
:105D8000840013065002239DF40483D7E403930593
:105D90000008239EF404CD47A38EF400EF20705C2E
:105DA000238E0400E1BD9707FE1F83C76724AA85E1
:105DB000A5E723A201C69707FE1F23A50750835717
:105DC00065081706FE1F0356662203270509B387D9
:105DD000C70237460F009306F62313060624B6972C
:105DE000B3D7C7021706FE1F034656193E96636EC9
:105DF000C7003306C74003A7C50893869502171549
:105E000000001305E53D6F50AEA49707FE1F938772
:105E1000671DDC433E97F1BF8280938701C698439C
:105E2000011126CA06CE22CC4AC84EC6AA8451C742
:105E3000BE891707FE1F0357E7498547631FF7060B
:105E400003D464089707FE1F83D7471A0325050963
:105E50003304F402B7470F001387F723938707240F
:105E60001709FE1F130909183A943354F402636F9B
:105E70008506938741AE9C43330485408297636BCC
:105E8000A406B307A4401704FE1F0344340F058083
:105E900083A9090001456371F40237450F0033847B
:105EA000874013050524B335A402035689008146B3
:105EB0003305A402EF40605D8299930700FB2387BE
:105EC000F4009707FE1F83C7A71295EF83C79402BC
:105ED00062448545F240D2444249B249B395F50047
:105EE000C205C181014505616F502EA48327490079
:105EF0003E9541B7330785408147E35607F883272E
:105F000049003E94BDBFF2406244D2444249B24986
:105F100005618280411106C6EF10404319C98327ED
:105F20008511014581E7B240410182809C4305050E
:105F3000D5BF7D55CDBF9707FE1F9387A72E83A79B
:105F4000470A411122C426C206C62A84AE8463963B
:105F5000A7009707FE1F23A907368327041281CBCA
:105F600003558400014693050008EF20903F8357B6
:105F7000440481CB035584004D4693051008EF205F
:105F8000503E03558400154693051008EF20703DE0
:105F9000B240230A94042305040023080400224489
:105FA00092440145410182808347A50063880738F8
:105FB00083570508411122C406C626C2850723104F
:105FC000F5088347F500230C05002A8413F7270002
:105FD00005E703570504954763E4E700014501A879
:105FE0009305E003EFF03FF5A305A4020945B24095
:105FF000224492444101828013F7070239CF93F77C
:10600000F7FDA307F5008327050A0347B500A3059D
:10601000050293E747002320F50A8547631FF7022F
:106020008357A5031306204E03274509B387C702EC
:106030009706FE1F83C686F493860605B3D7E7024C
:10604000034775033307C702B697C207C1832312FC
:10605000F5088607BA972311F50883471401858B45
:10606000F5CB8357E40503570404639CE728835763
:10607000C4038355C405034584022310F4068347F3
:106080005405231FB4029205A30BF4028357640541
:10609000F915231CF4028357A405231EF402EF50C4
:1060A0004E8E8346B40023100408835784031707D9
:1060B000FE1F0357A7F36395061EB387E702130776
:1060C00000321706FE1F1306E6F1504293870719A8
:1060D000B3D7E70203270409D1073E97BA86636462
:1060E000F7006364C700B306C740835784052328BD
:1060F000D408231DF4028347D40181C72285EFF021
:106100007F938357A4031707FE1F035727EE9306B9
:106110000032B387E7022311040233D6D702B3F764
:10612000D7029306204E2326C408B387D702B3C7ED
:10613000E7022310F402835704042312F402834776
:10614000F40093E70702A307F40083471401F99BC7
:10615000A308F40083471401898BB9C70357E412DD
:1061600083570404B306F740139606016340061AEA
:10617000631CF7028147014893048413232CF41213
:10618000232E0413154693058412268597B0FD1F10
:10619000E78080FA2685EF10E06B83471401A306A1
:1061A000A412F59BA308F4008347140113F7070119
:1061B00025CB8356C414035704043386E640931555
:1061C000060163C50514639DE604BD9BA308F400A6
:1061D0008347A41481CB13F7270063030714854773
:1061E0002303F4148347B41481CB13F7270063000F
:1061F00007148547A303F4142285EFF02FD48347B7
:10620000C40799C78327040A93E707102320F40AD9
:106210008327040AA305040293E707202320F40A36
:106220008347140113F7070221C31707FE1F130743
:1062300067FF384B13068005834647001857B3861F
:10624000C60236978356C701035704043387E640D6
:1062500013160701634A06000357C4146316D700D8
:1062600093F7F7FDA308F4008347A40293F707040C
:10627000E38607D60357640483570404E310F7D674
:10628000034704019307A0046315F700854723081B
:10629000F4008327440A93E707402322F40A3DBB16
:1062A0008346441783558405A18A99CE0356040476
:1062B000835664170355A403918EB386A602B3C612
:1062C000B602B296231BD41695CBB307F702130779
:1062D00000321706FE1F1306E6D0504293870719B7
:1062E000B3D7E702032704093E97BA866364F70031
:1062F0006364C700B306C7402328D408231DB40233
:1063000009B5998F13970701E35607E493058002B7
:106310002285EFF05FC2A305A40213058002C1B974
:10632000918B99C389476DBD2303041465BD918B7F
:1063300099C38947C1B5A30304147DBD0545828077
:1063400005C541119305200222C406C62A84EFF038
:106350009FBEFD57A305A40223080400A303F40273
:10636000B24022444101828082800DC9411122C481
:1063700006C68347F5002A849305E003898B91C301
:10638000A145EFF05FBBFD57A305A402230804005D
:106390002304F402B2402244410182808280832798
:1063A000050A797122D406D626D24AD04ECE52CCD6
:1063B00056CA2A846387073613F7270019CBF59B43
:1063C0002320F50A03558500194693050008EF20A0
:1063D00040798327040A13F747004DC3ED9B232020
:1063E000F40A8347A40293F7070491CB8327440A56
:1063F000228593E707402322F40AEFF0AFC003475A
:10640000B40085470346440183562406631AF76C9B
:106410008357A4031307204EB387E70203274409D9
:10642000B3D7E7021707FE1F034747B51307070552
:10643000BA97C207C1830347B4022312F408860740
:106440002311F4089307000819C393070004230ECF
:10645000F40019E68347A40293E717002305F4022A
:1064600081EA035584000D4693050008EF20606F14
:1064700023110406230A0400A30E04008327040A40
:1064800013F787000DC303558400DD9B2320F40A16
:10649000154693050008EF20C06C8347A40293E7DC
:1064A00047002305F4028327040A13F7070139C7BD
:1064B000BD9B2320F40A8347D4040355840021465E
:1064C00089C7A30604041306000393051008EF20F0
:1064D00040698347C40489CF83278410C18B89CB4B
:1064E0008355A40422859205C205C181EFE07FF1A6
:1064F0008347A40293E717002305F4028327040AC5
:1065000013F7070415CB0347F40493F7F7FB232095
:10651000F40AA14763FBE7008347B40099E78327A8
:10652000440A93E707012322F40A03558400314605
:1065300093051008EF20E0628327040A13F707028F
:1065400045CB8346B40093F7F7FD2320F40A0327D5
:10655000C4108327841099EA1377070801CB032717
:10656000440A37064000518F2322E40A93F70702BA
:106570006383075AADE28357641B0357641C6304AB
:10658000F7028346741409476391E65805671307B9
:1065900007A9637AF7008327440A05671307078072
:1065A000D98F2322F40A8357A41B0357A41C630426
:1065B000F702834664140947639CE6540567130792
:1065C00007A9637AF7008327440A05671307078042
:1065D000D98F2322F40A035584001146930500083D
:1065E000EF2020588347A40293E717002305F40205
:1065F0008327040A13F7071005C70355840093F790
:10660000F7EF2320F40A230E04061D469305000825
:10661000EF2020558347A40293E717002305F402D7
:106620008327040A13F7070809CF0355840093F75B
:10663000F7F72320F40A1306700593051008EF20DE
:1066400040528327040A13F7072031C393F7F7DF7B
:106650002320F40A83476414230F0400A2970385C0
:106660006716A301A414EF405FAE2301A414228592
:10667000EFE01FF203558400314693050008EF2038
:10668000404E8347A40293E717002305F4028327B3
:10669000040A139727016357070079777D17F98F4D
:1066A0002320F40A8327040A13970701635A070477
:1066B000834504031705FE1F0345F5B6EF508EA66C
:1066C0008357A4031307204E232AA408B387E702A5
:1066D00061777D17B3D7A7021705FE1F0345058A0B
:1066E00013050505AA972312F4088347A40293E72C
:1066F00017002305F4028327040AF98F2320F40AE4
:106700008327040A858B91CF8347A40283454405E0
:10671000228593E717002305F402EFF0DF81A3053C
:10672000A4028307141685C703074403994633065A
:10673000F74063D9C63E8327440AB7061000D58FB9
:106740002322F40AED57A302F416A300E4168347AC
:10675000A41613F7270045C3830644030307241632
:1067600063DCE6000327440A37061000518F23221A
:10677000E40A1147A302E41603073416635CD7004A
:106780000327440A37061000518F2322E40A715769
:10679000A302E416030704161306F007630CC702EE
:1067A0000346D4160345E416158F62076187B306C6
:1067B000A6406355D73893F607016391063893F7DF
:1067C000F7F893E707012305F416835704178507A5
:1067D0002319F4168357241799CFFD17C207C183D5
:1067E0002319F41689EB0355840013060002930560
:1067F0000008EF2000378347A400B9C383270412A1
:1068000099CF8347A40181EF035584000146930586
:106810000008EF20003501E58547230DF40083577C
:10682000440499CF8347140381EF035584004D46F8
:1068300093051008EF20E03201E58547A308F40234
:106840008347441713F7070169CBBD9B230AF4164E
:106850008327440A898BF1E303470401D547630E7C
:10686000F70A83471401898BCDEB814481490149A3
:106870008D4A130A5002139784016187937737007A
:10688000098722970347D7178607B397FA007D8FAA
:10689000638BE700268605458145EF30703CB3E900
:1068A000A9003369B9008504E39744FD03258413E7
:1068B0008325C413337535012AC4B3F52501280097
:1068C0002EC6EF0030798347541363E0A7020345D7
:1068D00044037D578547591562052C0061853AC4EC
:1068E0003EC697B0FD1FE780801C03278413A24794
:1068F0006317F7000327C413B2476300F702154676
:106900002C001305841297B0FD1FE780E0828327D7
:10691000440A93E727002322F40A83464417A54735
:1069200013F796006316F70403570404835764179C
:106930006360F704B307F74013960701634A060242
:10694000834754171306000A0507B387C702035687
:10695000A403DD9A230AD416B3C7C702BA97231B30
:10696000F4168327440A37078000D98F2322F40ABC
:106970008347A402E1CB918B91CF03460401C1650B
:10698000938505A02285EFE03FAD8347A402ED9BF0
:106990002305F4028347A402858B8DC3034574024B
:1069A0009307F00F6307F500EF409EB5FD57A30373
:1069B000F4028347A402F99B2305F4028347A4024F
:1069C000898B91CF8355E403034584029205F91521
:1069D000EF402EFB8347A402F59B2305F402834777
:1069E000A402A18B85C38355E4030D46228592053D
:1069F000F915C205C181EFE03FA68347A402DD9BE4
:106A00002305F4028347A40213F7070101CF0345CE
:106A1000640293F7F7F82305F402EF407EAEFD57CA
:106A20002303F4028347A40213F7070201CF83551F
:106A3000A4040345640293F7F7FD2305F4029205CD
:106A4000EF402EF48347C40193F7070C89CB03472B
:106A5000B400854722856313F712EFF02F98835710
:106A60000404B5C713074006B3F7E702ADE3938705
:106A7000C1C59C43898BA1C797F4FD1F9384844EA5
:106A8000985815CF97F7FD1F83D7C77AC20797F598
:106A9000FD1F83D5457ADD8D254502979C5897F5D6
:106AA000FD1F83D50579294582979C5883152403BA
:106AB0002D4582979C58830544033145829797F76B
:106AC000FD1F2398077697F7FD1F23A50776B25081
:106AD000225492540259F249624AD24A4561828054
:106AE00093070004230EF40019E68347A40293E7FA
:106AF00017002305F402E39F0696035584000D4614
:106B000093050008EF20E005B5B21307801451B4D7
:106B1000130780147DB48327440A7D771307F77F1A
:106B2000F98F45BC998FE3D4F6C28327440AB70690
:106B30001000D58F2322F40A954731B18346B4164D
:106B40008345C4163388B600635BE80013F8070476
:106B50006317080093F7F7F893E70704ADB12A9697
:106B6000E34AC7C68D8EE3C7E6C613F70702E313F1
:106B700007C693F7F7F893E70702B1B1EFE07FF6A6
:106B8000F9BD011197F7FD1F9387C76922CC03A4B4
:106B9000070A26CA97F7FD1F83D747458354640821
:106BA000032504094AC8B384F402B7470F001387CA
:106BB000F7239387072406CE4EC652C456C217F950
:106BC000FD1F13092942BA94B3D4F402636F9502EE
:106BD000938941AE83A70900B3049540829763EA85
:106BE000A402898C63CB040283570404A30F04001E
:106BF00085072310F4048347041463950712228544
:106C000097C0FD1FE780A08E1DA2832749003E95F7
:106C1000C1B783274900BE94E9B783A709008297CB
:106C200003278408636AE50A198D8357E40317F77D
:106C3000FD1F0357A73B8E07B387E70213070032F8
:106C400093870719B3D7E70263EDA708374A0F0008
:106C5000930AFA23130A0A2483570404850723108E
:106C6000F4048347041491E7228597C0FD1FE78051
:106C700000882285EFF04FB3631A052683260409A6
:106C80008327C40803274900B6973E8563E4D700ED
:106C900063E4E7003385E7408347F40183546408E5
:106CA0002328A4088507A30FF40097F7FD1F83D7B7
:106CB000E733B384F402D694B3D44403636C9504ED
:106CC000B304954083A70900829763E9A404338540
:106CD000A440E34305F809BF83274900998F3E95F7
:106CE000A9B7A1452285EFF00FA5A305A40297F748
:106CF000FD1F9387272703A307036309031E62442D
:106D0000F240D2444249B249224A924A8945154545
:106D100005610283B3049740AA946DB783274900A5
:106D2000BE9475B7228597C0FD1FE780A086228597
:106D3000EFF08FA7631C051A8357640817F5FD1F32
:106D40000355C52AB7460F00B387A7021386F6235B
:106D50009386062403270409230B0402032A49000F
:106D6000B297B3D7D702636CF718B307F7408326FF
:106D7000C4082324F408814AB387E600BE8463E490
:106D8000D70063E44701B3844741835704022328B3
:106D90009408B1CB835604040357440237460F00CE
:106DA0002312D4023387E640B387E7020357240255
:106DB0001306062481468145BA97C207C1833385ED
:106DC000A7022311F402EF30406C11CD2695B334A5
:106DD0009500AE94AA8763949A0063644501B30753
:106DE00045412328F40883A709008297AA8483A732
:106DF00009008297E30D95FE83A709008324840888
:106E0000829763E3A4103385A440630C0510835775
:106E1000640897F9FD1F83D9691DB7440F00B38734
:106E200037031387F42393840424BA97B3D79702C4
:106E300017F7FD1F03479714BA9763E4A70EB335FE
:106E40009502035924024E86814633059502EF30A0
:106E5000C063330AA9003305390337460F00130610
:106E6000062481468145EF30406205C1B337950263
:106E70004E868146B385B4023385A402BE95EF30B9
:106E8000C0603305A9402311A4023545EF40CFEE81
:106E900097F7FD1F23A887428346B400054797F75D
:106EA000FD1F83C7E7146395E606130700FD23075C
:106EB000E40099E78145938781C68843EF404EF10E
:106EC0009386C1BB9042954717F7FD1FA30DF72886
:106ED0005846F977FD17F98F5CC60F1000009C42E9
:106EE0008966060A94C723A24707D8C7F2406244BE
:106EF000D2444249B249224A924A05618280B3068D
:106F00004701B387F640A5B583274900BE94E5BD88
:106F1000130710FC2307E400C5F78145938781BA66
:106F200069BF97F7FD1F23AF073897F7FD1F83C78A
:106F3000270CCDFF8347940285456244F240D2443A
:106F40004249B249224A924AB395F500C205C1812D
:106F5000014505616F406E9D011122CC4AC84EC6A5
:106F600006CE26CA52C456C25AC00347B50085474A
:106F70002A842E8983290509631DF71E8357050876
:106F8000035BC50397FAFD1F83DA4A0617FAFD1F54
:106F9000130A4A0563F7671B834605016393E61AE4
:106FA00003278511631F07180327450A631B07186A
:106FB0008346F5001D476396E6180355A503330B7A
:106FC000FB409307204E330565038324440937466D
:106FD0000F008146130606243305F50297F7FD1FBF
:106FE00083C7C7F9B3549502B3B5AA02BE94C204CD
:106FF000C180231394083385AA02EF300049B307F8
:10700000350133B5A7002E953E8783264A0019E146
:1070100063E4D7003387D740B3845403B7460F00E7
:107020009387F623938606242320E900A697B3D7F7
:10703000D702DA976361F7101D8F2320E900938947
:1070400041AE83A7090083240900829763E6A41256
:107050003385A4406355050C83A709008297032755
:1070600009006362E512198D8357E40317F7FD1FCA
:107070000357C7F78E07B387E702130700329387DA
:107080000719B3D7E70263E8A710374A0F00130BBD
:10709000FA2397FAFD1F938AEAF4130A0A24835706
:1070A000040485072310F4048347041491E7228520
:1070B00097B0FD1FE780A0432285EFE0FFEE65E972
:1070C000832604098327C40803A74A00B6973E8590
:1070D00063E4D70063E4E7003385E7408347F401C6
:1070E000835464082328A4088507A30FF40097F7A6
:1070F000FD1F83D7A7EFB384F402DA94B3D444031B
:107100006366950CB304954083A70900232099007A
:10711000829763E1A40C3385A440E34205F897F716
:10712000FD1F83C7B7E563E5A70897F7FD1F23ABEE
:1071300087180145B5A883264A00B387F6403E97D5
:10714000EDBD8354640837470F009307F723B384DA
:107150005403BE9493070724B3D7F40263E7F900FE
:10716000B387F9402320F900D9BD03274A00BA9913
:10717000C5BF23A03501E1B597F7FD1F938787E6CB
:10718000DC43BE94F1B597F7FD1F9387A7E5DC4379
:10719000998F3E95D1BDA1452285EFE0DFD9A305AA
:1071A000A40297F7FD1F9387E7DB9C5B81EF7D557A
:1071B000F2406244D2444249B249224A924A024BC6
:1071C00005618280894515458297D5B7B3049740FC
:1071D000AA941DBF83A74A00BE9435BF25C10111E3
:1071E0006C0022CC06CE2A84EFF01FD729C5FD57AC
:1071F0006308F50297F6FD1F9386C6D6D452324730
:1072000097F7FD1F83C797D791C28583636EF700F9
:10721000B307F7403EC6B24503459402EF404E82A5
:10722000F24062440561828097F6FD1F938686DBFB
:10723000D4423697F1BFEFF0DF94DDB78280411181
:1072400022C406C62A8483278411CDEF8327041223
:10725000E1EF0325041109C597B0FD1FE78000EE9B
:10726000034574029307F00F6304F500EF404EA945
:10727000034564029307F00F6304F500EF404EA846
:10728000034584029307F00F6304F500EF404EA717
:10729000034594029307F00F6307F500EF404EA6F5
:1072A000FD57A304F40203558400552497F7FD1FEE
:1072B00083D74702A1E723A201C697F7FD1F938753
:1072C00067D2DC4317F7FD1F2324F70097F7FD1F54
:1072D000938747C99C479DC397F7FD1F938747CC6A
:1072E000885309CD97B0FD1FE78040E597F7FD1F54
:1072F00023A807CC97F7FD1F23A607CCB240224452
:1073000041018280C84309C597B0FD1FE78000E3B3
:107310008327841103D7A700136707F02395E7009D
:107320009C43232CF41005B7C84309C597B0FD1F33
:10733000E780C0E08327041203D7A700136707F094
:107340002395E7009C432320F41209B797F7FD1F0C
:10735000938747ED83A7870999E33E85828003D70A
:107360008700E30CA7FE9C43C5BF97F7FD1F9387DB
:1073700067EB83A7870A17F7FD1F034797BF41668F
:10738000050781467D1683D5A7006389A50063871D
:10739000C5008506C107E3E8E6FE81473E85828099
:1073A00097F7FD1F938707E883A7870AC9EF411165
:1073B00022C417F4FD1F0354C4E9130414021584F6
:1073C0004AC0160417F9FD1F0349B9BA050942045A
:1073D00026C241809314490033059400420541813F
:1073E0009305402406C697B0FD1FE780C0C805C5B9
:1073F00097F7FD1F23ACA7EC97F6FD1F83C676B762
:1074000033079500B306D9408147130640F593052D
:1074100020F563E82701B240224492440249410129
:10742000828063FDD70058C12315B50022978507D8
:10743000C207A3040500C1834105E1BF2315C500B0
:1074400023220500EDB782804111930530261305F4
:10745000001D06C622C426C297B0FD1FE780A0C14A
:107460001306001D81452A8497A0FD1FE78040D0A8
:10747000014515C897F4FD1F9384C4DA83A68409D7
:1074800095CA3687854703568700630EF60618436C
:107490007DFB2314F400A9EB228597B0FD1FE78044
:1074A000E0C903558400B2402244924441018280E5
:1074B0003687D1BF85472314F40017F7FD1F232F0C
:1074C00087DE17F7FD1F232D87DE17F7FD1F231318
:1074D000F7E0EFF0FFEC83A7C40923A00700230522
:1074E00004002307040075BF83A7C40980C397F76E
:1074F000FD1F23A787DC83D7040B850717F7FD1F24
:10750000231AF7DCC9BF1387170093170701131657
:107510000701C183E35E06F88147A5BF97F7FD1F0A
:10752000938747D003A5870A11CD411106C697B0AE
:10753000FD1FE780A0C0B24097F7FD1F23A807D822
:107540004101828097F7FD1F23A207D88280411155
:1075500022C417F4FD1F1304E4CC8326840906C655
:107560000147B687A5C703D687006317A60615EFA0
:10757000984297F6FD1F23A3E6D43E8597B0FD1FE2
:10758000E780C0BB8327C40923A0070097F7FD1F2E
:1075900083D747D49DE7EFF07FF897F7FD1F23AF20
:1075A00007D0B2402244410182808326C4096397F8
:1075B000F60097F6FD1F23A5E6D0C1B7944314C388
:1075C0006DBFFD1717F7FD1F2316F7D097F7FD1FA7
:1075D00083D747D0F9F7C1B73E879C4361B771465F
:1075E000814517F5FD1F130565CD17A3FD1F670026
:1075F00023B88327C50803568508797193D60701F8
:10760000BD8EC206C182358E1357764093575640C1
:10761000898B058B5D8F93573640918B5D8F935788
:107620001640A18B5D8F93171600C18B5D8F93174A
:10763000360093F707025D8F931756009355860027
:1076400093F707041E065D8F1376F60F518F93D7BD
:10765000554013D63540118A898BD18F13D675408A
:10766000D18F13D61540218AD18F13961500418AE8
:10767000D18F1396350013760602D18F13965500DD
:10768000137606049E05D18F93F5F50FCD8FA207D3
:1076900045465D8F3307C70222D42A8426D252CCB6
:1076A00056CA032A040A832A440A5AC806D63697B9
:1076B0004207418393577740135557400989858B7B
:1076C000C98F135537401189C98F13551740218928
:1076D000C98F131517004189C98F1315370013750A
:1076E0000502C98F131557009355870013750504BC
:1076F0001E07C98F1377F70FD98F13D5354013D7CE
:1077000055401189098B498F13D57540498F13D581
:1077100015402189498F139515004189498F13958B
:10772000350013750502498F13955500137505042F
:107730009E05498F93F5F50F4D8F2207D98FB3879B
:10774000C7024AD04ECE5EC662C4B697C207C18396
:1077500013D7774013D557400989058B498F13D527
:1077600037401189498F13D517402189498F1395C7
:1077700017004189498F1395370013750502498F0A
:107780001395570093D58700137505049E07498FFD
:1077900093F7F70FD98F13D5354013D7554011897B
:1077A000098B498F13D57540498F13D51540218911
:1077B000498F139515004189498F1395350013752D
:1077C0000502498F13955500137505049E05498FD1
:1077D00093F5F50F4D8F2207D98FB387C702130694
:1077E00050025285D685B697BD8E93940601C1800E
:1077F00033F6C402137BF60FEF20F04305891DE931
:107800008347140801498149B3849702130C50023D
:10781000C1804A865285D685EF20F0410589937B49
:10782000F90F11C563863403850993F9F90F05092A
:10783000E31189FF230F6407B25022549254025976
:10784000F249624AD24A424BB24B224C4561828095
:107850005E8BCDB78347150003472500834645005F
:10786000A2074207BA9703470500FD8A0548BA9761
:10787000034735009305000201456207BA970147A7
:107880003316E8007D8E01C605051375F50F050753
:10789000E318B7FE8147214633D7F640058B01C771
:1078A00005051375F50F8507E398C7FE8280011162
:1078B00052C656C4032A8513832AC51322CC26CA6E
:1078C0004AC806CE2A84A30B0512A30605128144DA
:1078D0001309500226865285D685EF20D0350589BA
:1078E00011C58347D4128507A306F4128504E393D8
:1078F00024FFF2406244D2444249324AA24A05611E
:10790000828017F7FD1F034717869547630BF70023
:1079100097F7FD1F9387C78483C777000D47631FC1
:10792000F70097F7FD1F83C73784639B0710930702
:10793000701017F7FD1F2319F7828280411197F706
:10794000FD1F9387278E0D4522C426C203A4070975
:1079500006C64AC0EF305FC2938701BB944337C766
:10796000898E130767ED98C637575500130757558B
:10797000D8C20347A4039306F00FBE846307D70061
:10798000FD57A30CE402230DF40203459403894739
:107990006306F5008547A30CF40201451389C1BBBA
:1079A000032709000146930550025C4393E7170043
:1079B0005CC3930720FB2303F4009D4717E7FD1FDB
:1079C000A303F77A97E7FD1F238C077897E7FD1F3E
:1079D000238A0778EF30BF920326090097E7FD1F3F
:1079E000A382077897E7FD1FA38C077685471CC203
:1079F0009C40B705330098431377F7E798C3984343
:107A00001377F7E71367071098C3138741BC184330
:107A10001447CD8E14C79306900D34CA5457F59A67
:107A200054D7034754009376F7079843137707F822
:107A3000558F98C3B240224492440249410182804A
:107A40008280411126C297E4FD1F9384645522C4AD
:107A50002A8403C53400C14506C6EF30DEA503C540
:107A6000340093050002EF301EA597E7FD1FA38C9D
:107A7000076E2302040023130400B2402244924400
:107A800041018280411197E7FD1F9387A77922C4A6
:107A900006C617E7FD1F0347376D03A4070997E7DD
:107AA000FD1F9387E76B01CF97E6FD1F83C6C66B6B
:107AB0000D476396E60017E7FD1FA307076A03C794
:107AC0007700A1466387E60003C777009946639D68
:107AD000E60083C7770017E7FD1F2307F768854790
:107AE00017E7FD1FA302F768EF30BFA12285EFF073
:107AF0005FF513063002930500080145EF1060069C
:107B0000034504049307F00F6307F500EF305E9F11
:107B1000FD572300F404B2402244410182805D718C
:107B2000CAC01389C1BB83260900A2C452DC56DA3D
:107B300086C6A6C24EDE5AD85ED662D466D26AD057
:107B40006ECE9307000A138A01BBFCD283270A007A
:107B5000938A41BCB7053300D8572A84719B1367B9
:107B60001700D8D798431377F7E798C3984313774C
:107B7000F7E71367071098C303A70A0010474D8E55
:107B800010C71306A00DB0CA5057759A50D70347B7
:107B9000E5071376F7079843137707F8518F98C3D3
:107BA000D842370600827D16799BD8C203478506E6
:107BB0001377F70393169701D857718F558FD8D73E
:107BC00037170040930770052300F704930780FAE6
:107BD0002300F70483068506B54763DAD72E83575B
:107BE000270293E707012311F70283270A000327DF
:107BF000C40893053002054598C703270409D8C374
:107C000097E7FD1FA38F0754EF303EDA64449D478A
:107C10002308F400230FA4062380F4008547A381E2
:107C200004002381F4007C4893F707209DCB914703
:107C3000A381F4008347E40A8346D40A78449A0770
:107C4000D58F2302F70083C724008146850723814F
:107C5000F4000346040B8345D40A0345E40AEF30DD
:107C6000CFFA7C4893F70740B1C303C734007C4484
:107C700083C6240013678700A381E4000357A40888
:107C8000B697A381E70083C7240078448346F407AE
:107C90003E978357A4089206A183BD8BD58F2302FC
:107CA000F70083C7240089072381F40003C624005A
:107CB000035744089307D00F918F97E9FD1F9389CD
:107CC000695663D2E7220347040889476309F7200E
:107CD0008546930780426305D7008567938787842D
:107CE00079479387771BB3C7E70283C6890793E673
:107CF000060197E5FD1F2383D55A83260900856574
:107D00008CC63387E7020607B8D283C6340093E6F1
:107D10000601A381D40078448346E4073297A30187
:107D2000D70083C62400784436972302F70003C7A0
:107D300024007444A187BA96034704081607D98F14
:107D4000A382F60083C724008D072381F4008347B4
:107D5000040693F7070485C703C734007C4483C631
:107D6000240013670704A381E40003475401B69776
:107D7000A381E70083C7240085072381F40083479C
:107D8000C4070547C11793F7F70F6366F70603CBE0
:107D90002400154697E5FD1F9385255993073B0061
:107DA000032BC4043E9BA1472300FB0093078002E2
:107DB000A300FB0013052B009790FD1FE780C03741
:107DC0000347C407C1476319F71283578408A10703
:107DD0002311F408C547230EF40683472408A303A0
:107DE000FB0083572408A1832304FB0083C72400DE
:107DF000A5072381F40003564408014B31C203C791
:107E0000240068448325840A930737003E9583C77E
:107E10003400C18B638C070E795B330BEB40137B13
:107E2000FB0F5A869790FD1FE78000318327840A55
:107E3000DA973CDC83574408B38767412319F4067B
:107E400003C72400814517D5FFFF130585CD937720
:107E5000F70385073E9B137BFB0FA3086401238177
:107E6000E4007C44856B9164A3806701930770F9FB
:107E70007844A305F40083270900B70C3300130DE1
:107E8000A00DB8DBEF30CEF403461401834504089F
:107E900001451D4B97A0FD1FE780E0B193840429A5
:107EA000EF302FE6938D8B8483C78907C18BB5E7AD
:107EB000B640264496440649F259625AD25A425B69
:107EC000B25B225C925C025DF24D616182808357FD
:107ED0002702C207C183BD9BC207C18329B3916733
:107EE00093870729F5BB83C7890793F7F70E17E731
:107EF000FD1F2305F73AA1BD0357840883572408C3
:107F0000998F0947E34BF7ECC947F1B59790FD1FEF
:107F1000E7808022034B440825B783C7890793F77E
:107F20000702E5DF83C789070326090093F7F70CEB
:107F300017E7FD1F2304F7369307000A7CD2832737
:107F40000A00D857719B13671700D8D79843137747
:107F5000F7E798C398431377F7E71367071098C3B9
:107F600003A70A001447B3E6960114C72328A60501
:107F70005457F59A54D70347E4079376F707984385
:107F8000137707F8558F98C3032CC40423086401A2
:107F9000054723006C01A3010C002301EC00784885
:107FA0001377074005CF2147A301EC00784483569F
:107FB000A4082302D70003472C0074440346F407A7
:107FC000BA960357A408120621833D8B518F238252
:107FD000E60003472C0009072301EC0083452C0031
:107FE000835624071307E00F0D8F6355D708834688
:107FF0000408094626876388C600054613078042A1
:108000006383C6006E87F9461307771B3347D70291
:1080100003C689071366060197E7FD1F2380C7285B
:108020000326090023247601B306D702860634D23C
:1080300003463C0013660601A301CC0074440346CA
:10804000E407AE96A381C60003462C007444B296A2
:108050002382E60083462C007044218736968346AF
:1080600004089606558FA302E60003472C000D076F
:108070002301EC0003562407014721C203482C00CA
:1080800083463C00684413073800C18A3A952C5C4B
:10809000B5C67957330707411377F70F3A863AC6C3
:1080A0009790FD1FE7804009345C3247BA9634DC74
:1080B00083562407998E2319D40603462C000145C4
:1080C0009376F603850636971377F70FA308E40037
:1080D0002301CC007C44A380E700034614018345C0
:1080E0000408930770F9A305F40097E7FD1FA38A1E
:1080F000070697A0FD1FE780008C7DB39790FD1FBA
:10810000E780800303472407231904067DB78347CC
:10811000C507638A0722411122C406C626C24AC087
:1081200049472A84639CE70203572508835785083B
:108130006316F7029304050A154697E5FD1F93851C
:10814000C51E26859790FD1FE78000FF2685EFF06E
:108150006FF09147A300A408230EF4062285EFF0E8
:108160004FC90945EF304FC10347C4078D4763141A
:10817000F70A9147230EF4067C4817E7FD1F130703
:10818000670A93E787007CC883479707898BEDDFF1
:108190008347970793F7C70F17E7FD1FA300F71053
:1081A000938741AE9C4382970357640897E7FD1F6E
:1081B00083D7C7E3232AA4083307F70293070032C3
:1081C000130707193357F70297E7FD1F938787E1D6
:1081D000DC43B306E500368663E4A60063E4F600FC
:1081E0003386F640232CC40897E6FD1F83C616D9B4
:1081F0006360D602158E9306D407A285170500008A
:10820000130525F1EF20DEE42285EFF05F91B5A89C
:10821000958F3E96CDB7138941AE8327090082978B
:10822000AA84832709008297E38DA4FE832709008F
:1082300083248409829763E5A4063385A44097E7E5
:10824000FD1F83C7B7D397E4FD1F83D424DA63E30C
:10825000A70031ED835764081307003217E6FD1FAE
:10826000130646D8B3879702504293870719B3D7AE
:10827000E702032784093E97BA866364F7006364C4
:10828000C700B306C740232CD40883578408B240E4
:10829000924485072314F408224402494101828054
:1082A00097E7FD1F938707D4DC43BE9479B797E720
:1082B000FD1F83C7B7FE93E7170017E7FD1FA30F46
:1082C000F7FC37470F0013070724B335E502938700
:1082D000C1BB03A90700A16726862324F9008146B4
:1082E0003305E502EF20601A06052326A90617E7E5
:1082F000FD1F130727F383479707898BEDDF83471C
:10830000970717E6FD1F1306E6CD504293F7C70FF8
:1083100017E7FD1FA304F7F883576408130700321B
:10832000B387970293870719B3D7E7020327840916
:108330003E97BA866364F7006364C700B306C7401C
:10834000232CD408D1B5828097070000938767DC7F
:1083500017E7FD1F2322F7F4828001458280411137
:1083600006C6EFE0BFFEB240133515000605410119
:1083700082806FF0DFFE411106C6EFE03FFD0DC1C8
:108380000357C5058356A50503566507835545075D
:1083900003558500EF708FBA0145B24041018280DC
:1083A0000945E5BF011106CE22CCEFE03FFA59C1E5
:1083B0000346B50005472A8497E7FD1F938787E6A4
:1083C0006316E604B853094515CF034604038346F4
:1083D00057048358E4030358C4038357A403835505
:1083E00084000345B4021307670432C00546EF70EA
:1083F0004FB38347F400A3050402014593E7170038
:10840000A307F400F24062440561828003A70709D4
:1084100009456DDB834657078358E4030358C403BB
:108420008357A403835584000345B40213076707E9
:1084300002C075BF0945F9B7011122CC06CE2A84C6
:10844000EFE0DFF02DCD8347B5020347A5152313D9
:108450008100A302F10083479515A304E1002304E2
:10846000F100A9E38347D5150307F5152306F100AD
:10847000830735142305F100631DF7008947A30521
:10848000F1004800EF704FAF0145F24062440561D2
:1084900082800307E5156314F7008547CDB7A30570
:1084A0000100C5B7834705162305F1008347B515BD
:1084B000A305F100834755162306F100D9B70945F6
:1084C000E9B7011122CC06CE2A84EFE03FE829CD9E
:1084D00083070516A304810021802305810013076B
:1084E000F007638FE70203474503998FA305F10067
:1084F0008347A51613F7070101C72306010039A01A
:1085000093F7070281CF85472306F1002800EF701B
:108510008FA60145F2406244056182808947EDB72C
:10852000FD57A305F100D1BF0945EDB7411106C6BE
:10853000EFE0DFE119C98345051403558500EF70AD
:108540004FA30145B240410182800945E5BF9375C3
:10855000F50F01112E8506CE22CC2EC6EFC06FA0DE
:108560000DC12A8483460507B245034575010546BA
:10857000EF70AF9F0145A30B0400F2406244056118
:1085800082800945DDBF411106C6EF70CF9DB24024
:10859000014541018280411197E7FD1F938787C8FC
:1085A00022C4E05F06C6094511C80355A40BEF704D
:1085B0004F9B9307F00F231DF40A0145B24022445C
:1085C0004101828097E7FD1F9387C7C5FC5F99CB68
:1085D00041111385870B06C6EF706F98B2400145B5
:1085E0004101828009458280411106C622C4EFE024
:1085F000FFD50DC983467514034665142A84835537
:1086000085000345B5028506050693F6F60F137639
:10861000F60FEF708F940145A3050402B240224487
:10862000410182800945DDBF397106DE22DC26DA90
:108630004AD8EFE0BFD1630A05168346B500054767
:108640002A8497E7FD1F9387E7BD6391E60CA45347
:108650000945D9C483C744041946898BC1CB8C58BA
:1086600083C7A500C1C7B10528089790FD1FE78003
:10867000A0AC83C75404138964041946898BB5CF11
:10868000CA8508109790FD1FE78000AB8C581946EB
:10869000910528109790FD1FE78000AA83470403E7
:1086A0008358A40383C654040346B400835584004E
:1086B0000345B4023EC48357E40313080102381093
:1086C0003EC28357C4033EC03C08EF70AF87834768
:1086D000F400A3050402014593E71700A307F40083
:1086E000F2506254D2544259216182808145280857
:1086F0009790FD1FE780C0A7ADBF814508109790F8
:10870000FD1FE780E0A61946CA8561B783A4070963
:108710000945F9D483C744061946898BB5C39385A7
:10872000640628089790FD1FE78000A183C74407CF
:10873000138964071946898BB9CBCA8508109790AD
:10874000FD1FE780609F83A5440819462810910506
:108750009790FD1FE780409E83A7440883C737009A
:1087600093E72700A38AF4068358A40383C654071B
:108770000346B400835584000345B40202C425BFF8
:10878000814528089790FD1FE780809E45B7081017
:1087900081459790FD1FE780A09D1946CA85281046
:1087A0009790FD1FE7804099C1B7094515BF41115A
:1087B00006C6EFE0BFB90DC10357651C8356451CC3
:1087C0000356A51C8355851C03558500EF605FF794
:1087D0000145B240410182800945E5BF411106C60D
:1087E00022C4EFE0BFB60DC92A840357C5058356DE
:1087F000A505035665078355450703558500EF60BA
:10880000BFF383471401014593E74700A308F40031
:10881000B2402244410182800945DDBF411106C6B4
:10882000EFE0DFB20DC18347851903467519930543
:10883000F51803558500A2075D8EEF60BFEF014577
:10884000B240410182800945E5BF411106C622C4FC
:10885000EFE0DFAF0DC12A841306051083558500B4
:108860000345B502EF60DFEC0145A3050402B24009
:108870002244410182800945DDBF411106C622C460
:10888000EFE0DFAC05CD0347B50285472A846314CA
:10889000F700A30505020345B4020357C405835638
:1088A000A4050356840583558400EF603FE8014525
:1088B000A3050402B2402244410182800945DDBF84
:1088C00001111375F50F06CEEFB0BFE939C997E76F
:1088D000FD1F9387279583A7070E93F707209DC356
:1088E00002C402C202C08148014881470147814653
:1088F000054681451305C003EF60DFE40145F24002
:10890000056182808346D5031307E50302C08148D1
:1089100001488147054681451305C003EF607FE0AC
:10892000F1BF0945E9BF97E7FD1F9387A78F03A70D
:108930000709094529CB83A7070E011106CE93F736
:1089400007208DC302C402C202C08148014881478A
:108950000147814601468145EF60DFDEF240014577
:1089600005618280835807020358A70183570705D2
:1089700083465707014602C013076707814509452B
:10898000EF603FDAE1BF828001458280014582804D
:1089900001458280014582800145828001458280B7
:1089A00001458280014582800145828001458280A7
:1089B0000145828001458280014582800145828097
:1089C0000145828001458280411106C622C40347C9
:1089D0000500930700086315F70203471500930687
:1089E0005002854763E4E606975700009387C7A5C2
:1089F0000A073E971C430355250082978147B9A07B
:108A00009306100885476313D70403471500CD4626
:108A10006308D70E63E3E602A146630DD708B146AB
:108A2000630DD70A95466313D70203552500EFE07F
:108A3000FF912A8415E9894711A893060003630F63
:108A4000D70E63EAE600E946630FD70CB240224432
:108A50003E854101828093077005630FF70E9307EF
:108A600017F0B337F000DDB78327851195C703569C
:108A700045040506420641829C431307160042073F
:108A800041839DE72312C40401CA83558400054530
:108A9000EF601FC8231204040345B40203464405D3
:108AA00083558400EF609FC52285EFE04FF9B9B789
:108AB0003A86D9B703552500EFE05F892A8425DD82
:108AC0000346C504835585000345B5023336C0000F
:108AD000EF601FC3A305040215B703552500EFE09F
:108AE000FF862A8429D903572505835605050346A1
:108AF000F504835585000345B502EF60BFC0D9BFBB
:108B000003552500EFE09F842A8415D503564504BC
:108B100001CA835585000545EF609FBF23120404F9
:108B2000A3080402E1BD03552500EFE03F82E30402
:108B300005F00345B502EF60FFBDC9B5035525003B
:108B4000EFE0DF802A84E30805EE835585000345C6
:108B5000B502EF607FBCBDBF03552500EF601FBCB1
:108B600071BD011122CC2A84114506CE2EC632C415
:108B7000EF20AEA51DC1B24522462311850023007A
:108B8000B500A300C5006244F240AA8517D5FD1FB9
:108B90000345354105616F202EAEF2406244114518
:108BA00005618280411106C622C4EFE02FFA41C15F
:108BB00083270512230D05002A84A5C30347F5006A
:108BC000058B19EB03558400014693050008EFF06F
:108BD0005FF939C5014581A8D44303C6C70083C5E1
:108BE0008700035585008906EF607FB305E583277D
:108BF000041203D7A700A3840700136707F0239587
:108C0000E7009C432320F4128357240481C7FD17F7
:108C10002311F40483270412D5F7231104045DBF44
:108C20008547230DF400B24022444101828009456A
:108C3000DDBF97D7FD1F9387E75E83A7870C91E37E
:108C400082806384A700DC5FDDBF411122C406C6B9
:108C50008347A5002A8491C79305C5006905EF10D5
:108C6000C0598347240191CB930544011305A40205
:108C70002244B24041016F104058B24022444101A9
:108C80008280AA862E86AA85170500001305C500D6
:108C90006F206EF397D7FD1F9387C75803A7870CE4
:108CA000411126C206C622C4BE8411E7B240224446
:108CB0009244410182806304A700585FFDB7834757
:108CC000A5002A8491C79305C5006905EF10E052FD
:108CD0008347240199C7930544011305A402EF10AB
:108CE000C05122852244CC58B240924441016FF0D9
:108CF0005FF901114AC817D9FD1F1309A95222CCE7
:108D00000324890C26CA4EC652C456C206CEAA8473
:108D1000014A93094500854A631D040E93052025E9
:108D2000130500049790FD1FE780E0342A841D4559
:108D300061C883C734001946938544001305440075
:108D4000A301F4009780FD1FE780003F938AA401F0
:108D50004146814556859780FD1FE780804B79ED20
:108D60009309A401D68541464E859780FD1FE78073
:108D7000804885472305F400834734009305C400E9
:108D80004E8593E72700A305F400EF100047938476
:108D9000A4024146814526859780FD1FE7806047F4
:108DA0004DE19307A402A6853E854146BE84978087
:108DB000FD1FE780404485472309F40083473400C2
:108DC00093054401268593E72700A309F400EF10DB
:108DD000C042A3000400832549032285EFF07FEA07
:108DE00063140A0697D7FD1F23A28750232E04027F
:108DF0008347490C0145850717D7FD1F2306F74E0A
:108E0000F2406244D2444249B249224A924A056140
:108E100082800347340083C734006305F700228A49
:108E2000405CDDBD4146CE85130544009780FD1FA3
:108E3000E7808039E31555FF4945D9B7230504007C
:108E4000B9B72309040071B7232E8A0245B741112F
:108E500097D7FD1F9387073D22C403A4870C26C222
:108E600006C64AC0FD5419ECB240224497D7FD1FF4
:108E700023AE074697D7FD1F238807469244024931
:108E80004101828003450400EF208EE70329C403DB
:108E90002300940022859790FD1FE780202A4A84B2
:108EA000D9B797D7FD1F9387E7372382070C23A4F1
:108EB000070C6F10403E411126C206C622C4EFE0E7
:108EC000AFD8AA843DC5EFE06FC82A84630A0512B3
:108ED000930710112315F500930700FB2307F500F6
:108EE00085472308F50097D7FD1F83D7A708A50757
:108EF0003E85C207C183130740106374F700130552
:108F00004010131705014183930700046374F700B1
:108F10001305000442059305302541819790FD1FFC
:108F2000E78060152328A41019E903558400EFE0B9
:108F30000FE2B2402244268592444101828097D7B5
:108F4000FD1F9387E7219C4F228523130414232AB6
:108F5000F41097D7FD1F9387E72C03A6870D83A6F0
:108F6000C70D03D7A70383C7A704232CC40E232E42
:108F7000D40EA307F414FD572310F4042313F402B2
:108F80002314F4028347E4022324C4102326D410BC
:108F900093E707FC2307F4028567938787BB2315B4
:108FA000F4042312E414EFC01F8C17D5FD1F0345F2
:108FB000A5FC2301A414EF208F92D147A306F41639
:108FC00093078002A305F4169307006F231FF41480
:108FD0009307F0072300F416F5779387A7EB231187
:108FE000F416A301A4142303A416A303A4162304B4
:108FF000A416A304A41697D7FD1F2399072215BF13
:10900000854405BF411122C42A848345040317D532
:10901000FD1F03455521A307A40206C626C2EF2063
:109020007E908357A40317D8FD1F035828FC93068E
:1090300000323307F80297D4FD1F83C424F4232A97
:10904000A4083356D7023377D7029306204E23263F
:10905000C40837460F0013060624B387D702B3D7D8
:10906000A7023307D702BE94835784039384C4179F
:10907000C2048507C1802312940833470703B387CE
:10908000D7022310E4028146858FB3B507033385E9
:109090000703EF10803F8327840897D6FD1F938630
:1090A00066F4D442AA9733B5A7002E9501E53E8712
:1090B00063E4D7003387D740834774032328E40849
:1090C0001307204EB387E70286042285BE9423113E
:1090D0009408EFC0EFBF2285EFC0CFF28355E403C1
:1090E00022859205F915C205C181EFC0AFBA22856C
:1090F000EFE0EFFB97D7FD1F23A8871C9387C1C51F
:109100009C43898B85C397D4FD1F9384A4E59C5809
:1091100091CB83258409354582979C588325C409C2
:109120003945829722852244B240924497D7FD1F49
:109130002391071097D7FD1F23AE070E41016FC083
:109140009FC60357050889468357450863F3E60021
:109150000947B397E7002313F5086F209E8B011191
:1091600022CC26CA4AC806CE4EC652C483476503DF
:109170002A841389C1BB8507230BF5028347350178
:10918000938401BB639C075A8347C50013070004FF
:10919000A309E50003471501BD9B93E737002306AC
:1091A000F50093178701A30D0500E18763D9070038
:1091B0001377F707A308E500EF10BF9D39A88327B1
:1091C000850A93F62700BDC6F59B2324F50A83275D
:1091D0000510918BA9CFEFF07EBA0347B401854704
:1091E0006310F706832784110347C400DC43238000
:1091F000E7008327841103475401DC43A380E70081
:1092000003278411832709005843B8DB9C40B70625
:1092100080009843558F98C3D857719BD8D7F24098
:109220006244D2444249B249224A05618280EFF049
:109230009EB265B793F617008DC6F99B2324F50AF5
:10924000832704110347C4002380E7008327041108
:1092500003475401A380E700832709000327041173
:109260006DB783490501054A6398491DF9C713F78E
:10927000070119C7BD9B2324F50AEFF0BEEFB1BF6C
:1092800013F7070201CB93F7F7FD2324F50AEF004C
:109290002F83A1B713F7070401CB93F7F7FB232420
:1092A000F50AEFF03EB315BF13F7070809CB93F7A4
:1092B000F7F72324F50A2285EF106F8439BF13F7DF
:1092C000072009CB93F7F7DF2324F50A2285EFF077
:1092D000BEBA21B713F7074001CB93F7F7BF23249A
:1092E000F50AEF006F9AD5BD13974701635C07003D
:1092F0007D771307F77FF98F2324F50A2285EFF096
:109300001EC8E1BD13973701635A07007D777D17AB
:10931000F98F2324F50AEFF07EC9C1B51397270111
:10932000635A070079777D17F98F2324F50AEFF048
:109330005ED865B52324050A21B78327450A638EC5
:10934000071A93F6070481CA93F7F7FB2322F50A5D
:10935000EFF01E9859B593F6071081CA93F7F7EF0F
:109360002322F50AEFF01EE68DBD93F6072099CA79
:109370004D8B631F070E93F7F7DF2322F50AEFF0FB
:109380007EE9A1BD93F6074081CA93F7F7BF232278
:10939000F50AEFF05EA191B59396470163DB0600F5
:1093A0007D771307F77FF98F2322F50AEF001FE877
:1093B0002DB59396370163DC06004D8B55EB7D7719
:1093C0007D17F98F2322F50AEFF07EA239B51397A6
:1093D0001701635A070071777D17F98F2322F50A69
:1093E000EFF0BEB2DDBB1397E700635A07000177C9
:1093F0007D17F98F2322F50AEFF0BEB5F9BB13975D
:10940000B700635B07003707F0FF7D17F98F232252
:10941000F50AEFF0FEC1D1B313978700635B070035
:10942000370780FF7D17F98F2322F50AEFF05EF3EF
:109430006DB32322050A29B5638C090293066004E3
:1094400063EF36071307500463F9E9141307A0020A
:10945000638AE91C63673703930710026380F91A74
:1094600063EA3701ED476387F914F547638AF91416
:10947000228599B393075002638FF91C93077002FA
:10948000F5B7130760036389E914636B370193072A
:10949000E0026384F91E93071003E380F9DEC9BF7D
:1094A00013070004638CE908930710046387F90A23
:1094B00093078003E39EF9FAEF10AFED19AA930723
:1094C000A0056387F91E63E137059307500563859F
:1094D000F90263EB37019307B0046388F91C930723
:1094E0001005E38AF9DC69B793076005E380F9DECC
:1094F00093078005E39EF9F622859790FD1FE7808C
:1095000060D1E30C05CCADB79307B00663ED37012E
:109510009307A00663FBF92093076006E39AF9F42A
:10952000EFF09EF699A093076007E389F9DC9307B3
:109530006008E39FF9F2EFF0DEB705A81397470143
:10954000E35807F27D771307F77FF98F2324F50A95
:10955000EFF0FEA22308340149B18347B5028DC75D
:1095600005476398E700EFF0BED585472308F40070
:10957000ADB183270510918BD5C3BD472306F402F7
:109580002285EFF0AEFFD5B7EF10AFE08327040AD6
:1095900093E727002320F40AC9BFEF108FDF83274A
:1095A000040A230844012311040693E747002320FB
:1095B000F40A25B1EFF0EEE5D947230AF40431B9F6
:1095C0002285EF100FDD8327040A93E7170023207D
:1095D000F40A2308040011B19790FD1FE78080C3AF
:1095E000E30D05BE8547A306F4042285EFF02EECBB
:1095F0008347C404F99B2306F404C5B6832785106A
:10960000858B81C7EFF09EB1C9BEE947A305F5027E
:1096100083270510918B99C38D478DB72285EFF075
:109620008EF3A1B7EFF00EE28347D40491CB41460D
:109630009305C40A1305C40C9780FD1FE780C0AFD3
:109640008347C4042326040E2328040E93E717003F
:109650002306F40459B683270510918B81CF8D47DB
:109660002306F502EFF08EF183471401DD9BA3087A
:10967000F400E5BDEFF02EEEC5BF8347C5042322FD
:10968000050E2324050E93E727002306F504EFF0CB
:109690008EDD83471401A3050402DD9BA308F400BB
:1096A0008327040A93E70701F5B5EFF0AEF275BD25
:1096B0008347A51499CB83466514331ADA006306F1
:1096C000FA0013670701A308E5000347B41411CF9C
:1096D000834674148547B397D7006388E7008347B0
:1096E000140193E70701A308F4008347E40199CF2D
:1096F00083471401C18B99EB8327040A93E7072062
:109700002320F40A2285EF10CFC885B583071416ED
:10971000F5DB83274410898BF5D78327440A370765
:109720001000D98F2322F40AF1BFEF108FC68327D0
:10973000040A056713070780D98FA9BD97D7FD1FB6
:1097400083D747AF850717D7FD1F2315F7AE71B431
:1097500083474517858B638207108347651393D62C
:109760003700AA9683C5061313F7770033D6E54072
:10977000058A69CE397122DC06DE26DA4AD84ED651
:1097800052D456D25AD05ECE62CC66CA2A840345E1
:1097900045037D57FD47591562052C0061853AC484
:1097A0003EC69780FD1FE780803003268413224742
:1097B0008326C413B247718FF58F6314E600638765
:1097C000F6062800EFE00F89894763F1A7062946CE
:1097D00081451305D4179780FD1FE7806099224AC1
:1097E000B24A81490D4C854C930B500293948901E8
:1097F000E1844E865285D68513DB2440EF00B043CA
:109800008D88229B058986040309DB170DCDB3944F
:109810009C00B3649900A30E9B168509E39879FD1B
:109820008347441793E78700230AF416F2506254E3
:10983000D2544259B259225A925A025BF24B624CAC
:10984000D24C21618280B3149C00E1B78547B39765
:10985000E700CD8F2388F6128280828079714ECE08
:1098600097D9FD1F9389099C22D403A4090A52CCDD
:1098700056CA5AC8797AA16A370B008226D24AD0D2
:1098800006D65EC662C466C217D9FD1F1309498D8C
:109890009384C1BB7D1AFD1A7D1B8347E400130727
:1098A000000D639FE7209C4098430D8B05C3B84B88
:1098B000619BB8CB98431367870098C39C438D8303
:1098C000858B89C701000100010001009790FD1FF1
:1098D000E78020C18347C404858B89C7A2850545DD
:1098E000EF104FEC83472414938B01BB83A60B002E
:1098F00093F7F70313979701DC56B3F76701D98FF6
:10990000DCD637170040930770052300F704930750
:1099100080FA2300F70483462414B54763FBD7106D
:109920008357270293E707012311F70203A70B00D0
:109930008327840994401CC78327C4095CC3DC4285
:1099400093E71700DCC25C57F19B93E717005CD7E5
:109950008355441C95470356641C910503457414B4
:1099600017D7FD1FA301F780C205930710FD23073A
:10997000F400C181930700FC17C7FD1F2302F77E87
:10998000EF10FF9703467414854683572408035746
:1099900064086318D60A060793875703BA97984056
:1099A000544733F6460150C701000100984009664C
:1099B000860710C7130600F897C5FD1F2384C57AD4
:1099C0007CD354C797C7FD1FA38E0778904097C7D5
:1099D000FD1FA387077885471CC28346C4041387ED
:1099E00041BC83A70B00858A1843CDCA9443B705B1
:1099F000330093F6F6E794C3944393F6F6E793E6C1
:109A0000061094C31447CD8E14C79306900F34CA22
:109A10005457F59A54D7034764139376F70798433E
:109A2000137707F8558F98C39780FD1FE78020EBC9
:109A3000ADB583572702C207C183BD9BC207C1834F
:109A4000E5B58945060794406318B602D046B3755C
:109A50004601CCC6010001009440896593879718A0
:109A60008CC6930500F817C5FD1F230DB56EBA9778
:109A70008607FCD2D0C6B9B7D046B3754601CCC66E
:109A80000100010094408965938797048CC6930573
:109A900000F817C5FD1F2307B56CD1BF9443B70568
:109AA000330093F6F6E794C3944393F6F6E793E610
:109AB000061094C31447CD8E14C79306900D81BF32
:109AC0001307100D639BE75883470900858B63825A
:109AD000074C83470900E207E18763D4070A8347FD
:109AE000F40093F7070285C78357A4031307204E9A
:109AF000B387E70203274409B3D7E70217C7FD1F5F
:109B00000347C74713070705BA972312F40893873B
:109B100001BB9C4397C6FD1F9386C64C83AC460091
:109B20009843032C0901894631830D8B832BC4088C
:109B30008357440817C5FD1F0355454B631DD716B2
:109B400093879718B3A5A70237460F00130606247C
:109B500081463305F502EF0050133385AB40B30760
:109B600085013E8763E4A70063E49701338797414B
:109B7000835764082328E4082310040885832313EB
:109B8000F4088345C40403254411930624031306F3
:109B9000440385899780FD1FE78000D897C7FD1F84
:109BA0002383A75C03C7690483474403998F230A6F
:109BB000F4028327441183C7070013F7070C19E346
:109BC0008D8B91E7854717C7FD1F230EF7588347F5
:109BD0006900858B6397072C8347A40293E72700CE
:109BE0002305F40283470900E207E18763D30702F4
:109BF0008347641313D7370093F67700229785477E
:109C0000B397D7008346071393C7F7FFF58F230851
:109C1000F7128347F400898BDDCF2285EFB07FC533
:109C20005DE98347F400A309040093E74700A30715
:109C3000F400832784118DCF0347B40115CB03C7EC
:109C40009700058B15E703D7A700C843136707F0F4
:109C50002395E7009780FD1FE780404E835744041B
:109C600085072312F404832784119C43232CF410CA
:109C70008347540181CB8347C404898B81C72285E4
:109C8000EFB03FC483470401130720026398E70243
:109C90008327040AA305040293E787002320F40A1C
:109CA0008347140193E78700A308F4009307400259
:109CB0002308F4000DA09387970469B513070006E5
:109CC000639AE70C85472308F4008347A40293E7CF
:109CD00017002305F40283476900898B638407100A
:109CE0008347C404858B638F070E834794018507E0
:109CF000A30CF4008347F40013F7270029E793E748
:109D00002700A307F400930700F8230EF4008357FD
:109D1000A4031307204EB387E70203274409B3D7F0
:109D2000E70217C7FD1F0347672513070705BA9703
:109D3000C207C1832312F40886072311F40897C7CA
:109D4000FD1F23A30758228597C7FD1F238A0740BD
:109D5000EFF0EFC003456414894783455401631F46
:109D6000F51403458414910513652500EF104FC4C5
:109D7000834754016386071E8347C404898B63812C
:109D8000071EA2850145EF100F9A630B0512EF1015
:109D90004FF76DA413077006639CE702938701BB1E
:109DA00098437C53ED9B7CD397C7FD1F238F073AC5
:109DB0003717004083578701B3F7FA00231CF700D9
:109DC0008347C40093F7F7FD2306F4008547CDB51C
:109DD0007147E392E7F08327040A93E717002320F3
:109DE000F40AD5BD2285EFB05FABE31505F0A30CF7
:109DF00004002285EFB0FFA383471401A18B85CF18
:109E0000834764018DCB83477401094793F7B70FEC
:109E10006383E7029307D003230AF40493077002D5
:109E20002308F4008347C404858BE38507EC22856F
:109E3000EFB03FAEC1B50347D4008D476317F704B9
:109E400083477401130780026373F7028347740129
:109E50001D476388E702A306F4028327840A22854C
:109E600093E717002324F40AEFE01EE219A88A07FB
:109E70001737000013070722BA979C432285829761
:109E800071F583476401D9FFB5B583476401E38366
:109E900007E622859780FD1FE780804AE31C05E4E2
:109EA000CDB7834784018507230CF40083D7E900ED
:109EB000850717C7FD1F231EF7362DBD91057DB5FC
:109EC000938701BB9843B70633001C4393F7F7E72A
:109ED0001CC31C4393F7F7E793E707101CC3938752
:109EE00041BC98431C47D58F1CC79C401307A00F4B
:109EF000B8CB938701BB9C43B70680009843558F2E
:109F000098C3D857719BD8D7930720FD2307F40037
:109F100083270412E38A07B00347F400058BE305A7
:109F200007B0D44303C6C70083C587000355840028
:109F30008906EF50CFFEE31905AE8327041203D73D
:109F4000A700136707F02395E7009C432320F41232
:109F500083572404E38A07ACFD172311F404E9B402
:109F6000938701BB9843B70633001C4393F7F7E789
:109F70001CC31C4393F7F7E793E707101CC39387B1
:109F800041BC98431C47D58F1CC79C401307A00DAC
:109F900085B79C40FC53E392079097C7FD1F23832E
:109FA000071CEF100FD6834709002285E207E187DF
:109FB00063DA071EEFF0EF9883D729012285850722
:109FC00017C7FD1F2319F726EFF08FF883570404F6
:109FD000B5C713074006B3F7E702ADE39387C1C5E2
:109FE0009C43898BA1C797C4FD1F9384A4F79858FD
:109FF00015CF97C7FD1F83D7E723C20797C5FD1F5E
:10A0000083D56523DD8D254502979C5897C5FD1F97
:10A0100083D52522294582979C58831524032D45F5
:10A0200082979C58830544033145829797C7FD1F4B
:10A030002391072097C7FD1F23AE071E22852254B8
:10A04000B25092540259F249624AD24A424BB24B40
:10A05000224C924C45616FB05FDC1307200DE398F2
:10A06000E7D283471900858B6381071497C7FD1FCB
:10A07000A388070E8327040A13972701634A070E54
:10A0800022859780FD1FE780603985476312F50EB2
:10A090008355441C0356641C034574149105C20582
:10A0A000C181EF10CFA58347C404938B01BB138CF0
:10A0B00041BC858BBDCBA2850545EF00BFEE03A754
:10A0C0000B00B70633001C4393F7F7E71CC31C4390
:10A0D00093F7F7E793E707101CC303270C001C470F
:10A0E000D58F1CC79C401307900FB8CB930710FD6A
:10A0F0002307F4009C40D44733F74601D8C70F101C
:10A1000000009C40096798C7130700F817C6FD1F99
:10A11000230AE60403A60B00184231830D8B0DEFD2
:10A1200013076019F8D3D4C701B203A70B00B70611
:10A1300033001C4393F7F7E71CC31C4393F7F7E77F
:10A1400093E707101CC303270C001C47D58F1CC7BF
:10A150009C401307900D51BF1842094631830D8B67
:10A160006315C7001307E04375BF1307E01B5DBF0E
:10A17000EF102FB9834794018DC793F7070F81CB59
:10A180009305D0032285EFB01FDBA305A40297C778
:10A19000FD1F938727DD9C5B89C7954513055008F4
:10A1A00082972285EFC0AF9F51BD9C40FC536396C0
:10A1B00007EE97C7FD1F238707FAEF108FB4D5B7B7
:10A1C000411106C6EFB0EF9997C7FD1F938787052A
:10A1D00017F7FFFF130767CE23AAE70AB24017F766
:10A1E000FFFF130767E223ACE70A97F7FFFF9387A8
:10A1F000276723A4F1C641018280397122DC37042C
:10A20000400026DA4ED6AE84AA899305E4FF0545C0
:10A2100006DE4AD8EF10EEFD498C13170401418386
:10A2200021839317840013590401D98F2316010049
:10A230001379F90F10088A854E852317F100A306BC
:10A24000210102C002C202C402C802CA02CC02CE6C
:10A25000EF003FC98347E1010347D101A381840097
:10A26000A2074207BA970347F101218023828400A5
:10A27000BA97F25062542380F40013D78700C18349
:10A28000A3822401A380E4002381F4004259D25424
:10A29000B259216182800111194697C5FD1F93852E
:10A2A00005CE17C5FD1F1305650606CE22CC26CAAE
:10A2B0004AC891644EC69770FD1FE780E0E793851A
:10A2C000F4FF0145EF10AEF02A84FD550145EF1073
:10A2D0004EF2A287FD147D5933F79700B366E5006F
:10A2E000F9C6631425016304970C17C7FD1F2307E4
:10A2F000F702A18393E707FC9169416417C7FD1F2B
:10A30000232CA70017C7FD1FA30AF700FD1917C9C3
:10A31000FD1F130929F17D14CE850145EF102EEBA9
:10A32000AA84FD550145EF10CEECB3679500EDD73B
:10A33000FD576314F500E38134FF97C7FD1F239099
:10A34000A7FE9357050117C7FD1F230BF7FC935773
:10A35000850117C7FD1FA305F7FC97C7FD1F2382C3
:10A3600097FCA18093F4F40397C7FD1FA38B97FA82
:10A370008317890E42054185618DE18F6312F502D5
:10A380000317C90F8317A90E618FE18F631AF700B6
:10A390000317E90F8317C90E618FE18FE30EF7F6FC
:10A3A000F2406244D2444249B24905618280A685A6
:10A3B0000145EF10CEE12A84FD550145EF106EE313
:10A3C000A28719BF8DA08347050091EB8347150035
:10A3D00091C302908547A300F5003E858280014528
:10A3E00082808547A30005002300F500828041118B
:10A3F00022C406C62A8411E105442285EF00D04814
:10A4000009C5B240224441018280052019E1EF00D4
:10A4100030460295DDB7411106C6EF007045411187
:10A4200006C6EF00F0446F00B046938701C788432B
:10A430000F003002828009CAFD4763D8C7000116A9
:10A4400033D5C5000147BA85828093070002918FFA
:10A4500033D7C5003355C500B395F5004D8DE5B72D
:10A4600009CAFD4763D8C7000116B315C5000147E7
:10A470003A85828093070002918F3317C500B39508
:10A48000C5003355F500C98DE5B73287B6882A88EF
:10A490002E836393061CB7D702009387875163FB13
:10A4A000C50AC166637ED6089336061093B61600B9
:10A4B0008E06335ED600F29783C70700B6979306E1
:10A4C0000002638DD7009D8E3393D500B357F500FE
:10A4D0003317D60033E367003318D500135507014F
:10A4E000B357A30293150701C18193560801337333
:10A4F000A3023386F5024203B3E6660063F8C600A2
:10A50000BA9663F4C60063F4E604FD17918E33D661
:10A51000A602420813580801B3F6A602B385C50285
:10A52000C2063368D8006378B8003A986374B800FC
:10A530006372E8127D16C207D18F3E85C685828080
:10A54000370E0001E146E376C6F7C1469DB7F9171D
:10A55000BA966DBF814609CAC166637ED60493363A
:10A56000061093B616008E06B358D600C69783C75A
:10A570000700B697930600026396D7043386C5405A
:10A58000854813550701B357A60293150701C181EA
:10A59000935608013376A6023383F5024206D18E24
:10A5A00063F86600BA9663F4660063F2E60AFD1784
:10A5B000B3866640A9BFB7080001E146E37616FB03
:10A5C000C1465DB73388F64033170601B3D6F500B0
:10A5D000B3950501B357F50033180501135507016D
:10A5E000B3D8A602131607014182CD8FB3F6A60297
:10A5F000330316039395060193D60701CD8E63F8B6
:10A600006600BA9663F4660063FDE602FD18B38641
:10A610006640B3D5A602C207C183B3F6A6023306CD
:10A62000B602C206D58F63F8C700BA9763F4C700B5
:10A6300063FCE700FD15C2083386C740B3E8B800E5
:10A6400089B7F918BA96E1B7F915BA97EDB7F917BE
:10A65000BA96B9BF7916C5B563EBD512C16763FE6B
:10A66000F60293B7061093B717008E0737D702008C
:10A6700033D8F600130787514297034707001308A2
:10A6800000023E9763120703B337C50093B7170064
:10A69000B3B6B600D58F81484DB537070001E14705
:10A6A000E3F6E6FCC147D9B73308E840B358E60003
:10A6B000B3960601B3E8D80013DE0801B3D6E5006F
:10A6C000B3D7C6031393080113530301B3950501D0
:10A6D0003357E5004D8F33160601B3F6C603B30EAC
:10A6E000F3029395060193560701CD8E63F8D601C8
:10A6F000C69663F4D60163F61609FD17B386D641F4
:10A70000B3D5C60342074183B3F6C6033303B3028E
:10A71000C206558F63786700469763746700637558
:10A720001707FD15C207CD8F33076740C205131306
:10A730000601C18193D80701135303014182338E6F
:10A7400065023383680293560E01B385C5029A955C
:10A75000AE96B388C80263F466004166B29813D619
:10A7600006014696636DC700420EC206135E0E01D7
:10A7700033150501F296E370D5F2E31EC7F0FD171D
:10A7800019BFF917C6969DBFF915469761BF814855
:10A79000814765B3011126CA935475014AC84EC654
:10A7A00056C21319950006CE22CC52C493F4F40F6E
:10A7B000AE8A135999009359F501A5C49307F00F78
:10A7C000638EF4060E09B70700043369F900938419
:10A7D00014F8014A93D77A0113949A0093F7F70F6C
:10A7E000258093DAFA01BDC31307F00F638CE706E7
:10A7F0000E0437070004598C938717F801479D8C86
:10A8000093172A00D98FFD17B94633C5590163E262
:10A81000F606B7D602008A079386C64DB6979C43C4
:10A820008287630209024A85EF00D0009307B5FFD3
:10A830009304A0F83319F900898C61BF094AE30B2E
:10A8400009F80D4A41BF8144054A69B705C0228510
:10A85000EF00407E9307B5FF3314F4009307A0F890
:10A86000898F69BF094741DC0D4751BF81470547C3
:10A8700079B7131754006371890CFD148147935500
:10A8800007013354B90293160701C182C18333799A
:10A89000B902338686024209B3E7270163F8C7008D
:10A8A000BA9763F4C70063FEE7087D14918F33D62F
:10A8B000B702B3F7B702B386C602C20763FCD7007C
:10A8C000B385E70033B8F500AE8763F4D500630DB8
:10A8D00008067D164204958F518CB337F0005D8CCD
:10A8E0001387F4076357E0089377740099C7937749
:10A8F000F40091466383D70036949317440063D8DD
:10A900000700B70700F8FD177D8C1387040893072D
:10A91000E00F63C8E70A93573400F2406244A60789
:10A920005E07A5835D8F7E05D2444249B249224A23
:10A93000924A598D056182809317F90113591900C4
:10A940003DBF7914BA979DB77916B387E50059B71B
:10A95000568589476307F7068D47630EF7048547D9
:10A96000E310F7F8814701474DBF4E854A8452876F
:10A97000CDB721C39957E347F7FE8547998F938455
:10A98000E409B357F4003314940033348000C18FCA
:10A9900013F7770019C713F7F70091466303D70041
:10A9A000B697139757008D83E35F07FA81470547F2
:10A9B000ADB78547E9B7B70740001307F00F01456A
:10A9C000A9BF81471307F00F89BF01114AC8135966
:10A9D000750126CA4EC656C29314950006CE22CCE7
:10A9E00052C41379F90FAE8AA5809359F501630219
:10A9F00009129307F00F630AF9128E04B7070004D7
:10AA0000DD8C130919F8014A93D77A0113949A003F
:10AA100093F7F70F258093DAFA0163800712130783
:10AA2000F00F6387E7120E0437070004598C9387F1
:10AA300017F801473E9993172A00D98FA9461306A4
:10AA4000190063C8F6148945B3C95901854663C91D
:10AA5000F510FD1763F3F61213D7040193570401A1
:10AA6000C2044204C1804180B305940233048702CA
:10AA70003307F702B3879702B386870093D70501A0
:10AA8000B69763F48700C1663697C20593960701AF
:10AA9000C181AE96C18313946600BA979A07333486
:10AAA0008000E982558C139747005D8C635C070E2C
:10AAB0009357140005885D8C1307F6076356E00E64
:10AAC0009377740099C79377F40091466383D70016
:10AAD00036949317440063D80700B70700F8FD17B2
:10AAE0007D8C130706089307E00F63C7E7109357A1
:10AAF0003400F2406244A6075E07A583FE095D8F1D
:10AB0000D2444249224A924A33653701B24905612B
:10AB100082808DC02685392B9307B5FF1309A0F8D5
:10AB2000B394F4003309A940F9BD094AE38E04EC5B
:10AB30000D4AD9BD0149054AC1BD05C02285DD299F
:10AB40009307B5FF3314F4009307A0F8898FD5B5A8
:10AB50000947E30104EE0D47F1BD81470547D9BD23
:10AB6000B397F60093F607539DEA93F60724BDEEDC
:10AB700093F78708E38207EED6898947630EF706C5
:10AB80008D476305F7068547E318F7F281470147CC
:10AB90008DB7BD46638CD704AD46E38FD7FC2684C2
:10ABA0005287E1BF4A8609BF21C39957E340F7FEA8
:10ABB0008547998F1306E609B357F4003314C40090
:10ABC00033348000C18F13F7770019C713F7F700EC
:10ABD00091466303D700B697139757008D83E358C8
:10ABE00007FA8147054731B78547E9B7B7074000FE
:10ABF0001307F00F8149F5BD81471307F00FD5BD4D
:10AC0000370780007D1793D67501B377A70093F6B9
:10AC1000F60F6D8F41110E07138616F022C426C25F
:10AC2000135475019354F5013336C00013351700E2
:10AC3000498EFD811374F40FB18D06C64AC08E078C
:10AC40003306D440639C95146359C0061305F00F76
:10AC500089EE09CB9305F6FF81E5BA97054425A84F
:10AC6000631BA60032843E8769ACE30EA4FEB706E0
:10AC70000004558FB2856D468546634DB600930638
:10AC800000028D8E3356B7003317D7003337E000FC
:10AC9000B366E600B697139757006359070C05048F
:10ACA0001307F00F630DE426B706007E13D71700D5
:10ACB000FD16758F858BD98F55A829CA3386864096
:10ACC0001305F00F19E8638D07229305F6FFD1D520
:10ACD000631BA6001304F00F2DA4E38DA6FEB70599
:10ACE0000004CD8FB2856D450546634DB500130652
:10ACF00000020D8E33D5B700B397C700B337F0000D
:10AD00003366F500B307E600368471B79306140086
:10AD100013F6E60F21E615EC6382071E2DC33E975E
:10AD20009317570063DF071CB707801F0D83FD17BC
:10AD3000F98F05441374F40FA6075E04A5835D8C98
:10AD40001395F401B240418D2244924402494101DD
:10AD50008280C9D3631507143E87ADBF1306F00F79
:10AD6000638EC61A3E9793571700368413F7770001
:10AD700019C713F7F70091466303D700B6971397E7
:10AD80005700E35207EE05041307F00F6309E418B8
:10AD90003707801F8D837D17F98F69BF6352C00607
:10ADA000B9E6E30107EC9305F6FF81E5998F0544C9
:10ADB0002DA09306F00FE307D6EA6D468546634D56
:10ADC000B600930600028D8E3356B7003317D700B6
:10ADD0003337E000B366E600958F13975700E357CB
:10ADE00007F8370900047D1933F92701C1A8930634
:10ADF000F00FE30AD4E6B7060004558FB28575BF9D
:10AE000031CE3386864019EC81CF1305F6FF09E574
:10AE1000B307F740AE8461BF1308F00F631C06014F
:10AE20003284B9A01305F00F6388A60E370500041D
:10AE3000C98F32856D480546634DA8001306000290
:10AE4000098E33D8A700B397C700B337F000336635
:10AE5000F800B307C7403684AE8441B793061400A8
:10AE600093F6E60FB9E215E891E78144E30407ECB5
:10AE7000AE8441A809D7B386E740139656006359BC
:10AE80000600B307F740AE840144E38507EAF9BD45
:10AE90003687A5EA8147814471BDE39D07EA814475
:10AEA0001304F00FB707400071B53389E7409316DC
:10AEB000590063DA06023309F740AE844A859D2AB9
:10AEC0006D153319A90063448502018D050513072B
:10AED0000002098FB357A9003319E9003339200163
:10AEE000B3E7270155B7E31B09FC014465B7B70772
:10AEF00000FCFD17098CB377F9008DBDBA8769B7DF
:10AF00003284935737001307F00FE315E4E2E3832D
:10AF100007E2B707400041B7368499BF36848147BE
:10AF200011BDB7058000935775019386F5FF93F720
:10AF3000F70F1306E007E98E1357F501635DF6027C
:10AF40001306F009198E1305F7FF63D7C7020145F1
:10AF500005E71307500933E5B6006357F7009387F9
:10AF6000A7F63315F500828013076009B307F74091
:10AF70003355F500828001458280411106C622C406
:10AF800026C25DC19357F54133C4A7001D8C93546D
:10AF9000F501228545209307E009AA863385A7405D
:10AFA0009D4763D3D702A1476383F608E1163314A4
:10AFB000D400260425805E05B240418D2244FE0463
:10AFC000458D9244410182809147154763C7D7045C
:10AFD0009387B601B317F400158FB337F0003354DD
:10AFE000E4005D8C370700FC7D1793777400618F58
:10AFF00095C33D889147630FF4003E979317570020
:10B0000063DA0700B70700FCFD177D8F9307F0098F
:10B010003385D7401354370069BFE385E6FC938737
:10B02000B6FF3314F4007DBF8144014459B71305C2
:10B03000600941B7C1676376F5029337051093B78E
:10B0400017008E0737D702003355F50013078751D5
:10B050002A9703450700930600029D8E3385A6407C
:10B06000828037070001E147E37EE5FCC147D9BF95
:10B070004111194506C6712C0545EF00903AAA8585
:10B0800081460146014519A6AA8503A5C18AA9A83A
:10B09000AA8503A5C18ABDA6411122C483A741C7C1
:10B0A00026C24AC006C62A89AE8489E7814545245E
:10B0B00023AAA1C6A6854A85592CFD54631A95007A
:10B0C0007D54B2402285224492440249410182804B
:10B0D000130435007198E30685FEB305A4404A8544
:10B0E000BD24E31095FEE9BF011126CA9384350003
:10B0F000F19806CE22CC4AC84EC652C4A104B1472C
:10B1000063F3F400BE8463C4040063FDB400B1477C
:10B110001CC10145F2406244D2444249B249224A2C
:10B12000056182802A89E12883A781C73E8429E8B6
:10B13000A6854A85EFF05FF6FD572A84631FF50A5E
:10B1400003A481C7A287D1EB5DC0032A0400814517
:10B150004A85229AED2A631CAA081C404A859D8CC8
:10B16000A685EFF07FF3FD576303F5081C40A69713
:10B170001CC083A781C7D84325E723AC01C615A00F
:10B180001440858E63C806042D47637DD70204C032
:10B19000330794006396870223ACE1C65C4014C376
:10B1A0005CC34A85B1281305B40093074400619934
:10B1B0003307F540E300F5F63A94898F1CC099BF38
:10B1C000D8C3E9BF58406395870023ACE1C6D1BF1F
:10B1D000D8C3C1BFA287404099BF3E84DC43A5B716
:10B1E0003E87DC43E39E87FE232207005DBFB14715
:10B1F0002320F9004A85292029BF04C15DB7828038
:10B2000082803571A6DA3ECB86DEA2DC36C73AC92B
:10B2100042CD46CF83A4C18A63DB05009307B00803
:10B220009CC07D55F6506654D6540D618280B3376C
:10B23000B000B387F5403EC83ECEC17793878720E4
:10B240002AC42ACC74012E8426852C003ECA82D6BC
:10B2500036C29126FD576355F5009307B0089CC090
:10B2600071D0A2472380070075BF01476314E60031
:10B2700001458280B307E5000507B386E50083C773
:10B28000070083C6F6FFE383D7FE3385D74082806D
:10B29000AA8709CA03C7050085058507A38FE7FEAE
:10B2A0007D1665FB3E966393C70082808507A38F5A
:10B2B00007FED5BFFD4763F6B700D9471CC17D55D2
:10B2C00082805C5D011122CC06CE2E862A8491C735
:10B2D00013972500BA97984319EB228532C6B520FB
:10B2E000AA85228562443246F240056105A80545DB
:10B2F000630FA700FD566318D700D9471CC0F24062
:10B3000062440561828023A007002E8502970145D3
:10B31000FDB7AA8503A5C18A6FF0DFF9411122C4E8
:10B3200026C2AA842E85B28506C623A001C8EF00D6
:10B33000900EFD576316F50083A701C891C39CC00A
:10B34000B24022449244410182806F00100C4111AE
:10B3500022C426C2AA842E8506C623A001C8EF8077
:10B360005DB3FD576316F50083A701C891C39CC068
:10B37000B2402244924441018280AA8703C7070059
:10B3800085076DFF3385A7407D15828083A7C1C7E0
:10B390002A8E91EFB76700209387873423AEF1C6DA
:10B3A0001305000009C50327000023A4E708D843BC
:10B3B0007D487D556347E804630E0E0203A88708A5
:10B3C0006301080493182700C29823A0C800032330
:10B3D000081005463316E6003363C30023206810C7
:10B3E00023A0D80889466317DE0083264810D18E33
:10B3F0002322D810930617000A07D4C3BA978CC724
:10B4000001458280C5C183A7C5FF011122CC06CEAC
:10B410001384C5FF63D307003E942AC6EFF03FDED6
:10B4200083A781C7324591EB2322040023AC81C658
:10B430006244F24005616FF0BFDC637DF4001040B0
:10B44000B306C4006396D7009443DC43B29614C09D
:10B450005CC0E9BF3E87DC4399C3E37DF4FE14433F
:10B460003306D700631F86001040B29614C333061C
:10B47000D700E39FC7FA9043DC43B29614C35CC382
:10B4800045BF6375C400B1471CC15DB71040B3062A
:10B49000C4006396D7009443DC43B29614C05CC0EA
:10B4A00040C379B7828001114AC803A9850022CC24
:10B4B0004EC65AC006CE26CA52C456C22E84328BFD
:10B4C000B68963E8260D8397C5004A8793F6074837
:10B4D000B5C644480D478C49B384E4020947032AA2
:10B4E0000400AA8A330ABA40B3C4E40213871900DD
:10B4F0005297268663F4E400BA843A8693F70740AD
:10B50000B5C7B2855685EFF03FBE2A8925C90C48DC
:10B510005286EF704DD18357C40093F7F7B793E786
:10B5200007082316F4002328240144C85299B38441
:10B5300044412320240104C44E894E87BA8908401F
:10B540004E86DA85EF708DCF1C440145B3872741C5
:10B550001CC41C40CE971CC0F2406244D2444249F5
:10B56000B249224A924A024B056182805685212DBA
:10B570002A8955F90C485685EFF0DFE8B14723A03A
:10B58000FA008357C4007D5593E707042316F4009F
:10B59000E1B736896DB783D7C500717126D362C50F
:10B5A00006D722D54AD14ECF52CD56CB5AC95EC707
:10B5B00093F707082A8CAE84A9C39C499DEF930595
:10B5C000000436C632C4EFF03FB288C088C82246B5
:10B5D000B2460DE1B1472320FC007D55BA502A54F4
:10B5E0009A540A59FA496A4ADA4A4A4BBA4B2A4CDF
:10B5F0004D61828093070004DCC893070002A30C0E
:10B60000F102B7C902009307000302DA230DF10229
:10B6100036CE7D5A93894936054BA94A32848347F1
:10B620000400B33BF0009387B7FDB337F000B3FBE2
:10B63000FB0063960B08B306C440630DC400A685E7
:10B64000628536C4EFF03FE663074519D257A2463C
:10B65000B6973EDA83470400638F0716050402D0CD
:10B6600002D652D202D4A301010682DC8345040033
:10B6700015464E85E52982579306140039E113F7E4
:10B68000070109C713070002A301E10613F78700AA
:10B6900009C71307B002A301E1060346040013071C
:10B6A000A0026308E602B25781462546034704001C
:10B6B000130707FD6376E60695C63ED625A005046A
:10B6C000B9BF330535413315AB005D8D2AD03684C3
:10B6D00071BF724713064700184332CE634B07020F
:10B6E0003AD63684034704009307E002631CF7044C
:10B6F000034714009307A002631AF702F2470904F4
:10B70000138747009C433ACE63D30700FD573ED2D0
:10B7100015A83307E04093E727003AD63ED0D1B7CB
:10B72000B387570305048546BA9749B7050402D283
:10B730008147A54603470400130707FD63F4E606A7
:10B74000E3970BFC83450400B7CB02000D4613853D
:10B75000CB36292909CD8257938BCB3633057541DA
:10B76000130700043317A700D98F05043ED0834583
:10B77000040037C50200194613050537230CB10232
:10B78000F52635C19307000085EB0257F247137782
:10B79000071019CF91073ECED25713061400CA974F
:10B7A0003EDAADBDB38757030504854BBA9759B749
:10B7B0009D07E19BA107C5B7B7B60200780893863D
:10B7C000664A26860C10628597000000E70000009C
:10B7D0002A89E31345FD83D7C40093F70704E39E4A
:10B7E00007DE5255E5BBB7B6020078089386664A75
:10B7F00026860C106285192AE1BF79714ECE9C49CC
:10B80000BA89984522D44AD05AC85EC606D626D2EE
:10B8100052CC56CA2A8B2E843289B68B63D3E7006A
:10B82000BA872320F9000347340401C78507232082
:10B83000F9001C4093F7070291C783270900890785
:10B840002320F9000440998891E8130A9401FD5AD5
:10B850005C4403270900998F63CDF4041C408346A0
:10B86000340493F70702B336D000ADEB130634046B
:10B87000DE855A858299FD576304F5041C40114703
:10B880008144998B639AE7008327090044449D8C87
:10B8900093C7F4FFFD87FD8C1C4418486354F700E0
:10B8A000998FBE94014969047D5A63982405014526
:10B8B00009A885465286DE855A858299631E550100
:10B8C0007D55B250225492540259F249624AD24AEA
:10B8D000424BB24B4561828085049DBF3307D40043
:10B8E00013060003A301C7040347540493871600FB
:10B8F000A2978906A381E70495BF85462286DE8547
:10B900005A858299E30E45FB050945B7397122DC5A
:10B9100026DA52D456D206DE4AD84ED683C78501DF
:10B92000B684930680072A8A2E84B28A63EEF600D4
:10B93000930620061386350463EBF600638E071A20
:10B9400093068005638AD716130924043DA09386C5
:10B95000D7F993F6F60FD545E3E8D5FEB7D5020043
:10B960008A0693858561AE96944282861C431309AC
:10B970002404938647009C4314C32301F4048547A1
:10B9800079AA1C40084393F60708930545008DC229
:10B990001C410CC3B7C6020063D807001307D002CE
:10B9A000B307F040A301E40493868637294799A0A2
:10B9B00093F607041C410CC3F1DEC207C187D9BF4F
:10B9C0000C40144313F505089C42910611E593F5CC
:10B9D000050499C1C207C18314C383458401B7C656
:10B9E00002001307F006938686376391E50E214720
:10B9F000A30104044C400CC463C805000840DD8D5D
:10BA000032896D9908C099CD3289B3F5E7027D1965
:10BA1000B69583C505002300B900BE85B3D7E702FC
:10BA2000E3F5E5FEA147631EF7001C40858B91CB33
:10BA300058401C4863C7E70093070003A30FF9FEB3
:10BA40007D193306264110C82687D6867008A28540
:10BA50005285EFF09FDAFD596317350D7D55F25091
:10BA60006254D2544259B259225A925A2161828068
:10BA70001C4093E707021CC0B7C60200930780076B
:10BA80009386C638A302F4040C40084313F8050853
:10BA90001C4111056318080013F80504630408002D
:10BAA000C207C18308C313F7150001C793E5050258
:10BAB0000CC081CB41472DBFB7C6020093868637A5
:10BAC000D1B718401377F7FD18C0EDB729470DB768
:10BAD00014401C434C4813F80608138547006306BE
:10BAE000080008C39C438CC301A808C393F606044E
:10BAF0009C43F5DA2390B700232804003289A9B7C4
:10BB00001C43504081459386470014C303A9070096
:10BB10004A85A92801C53305254148C05C401CC899
:10BB2000A301040415B714484A86D6855285829429
:10BB3000E30635F31C40898B95E7F2474844E35010
:10BB4000F5F23E8529BF8546D685528532C6829458
:10BB5000E30635F1324605095C447247998FE344A8
:10BB6000F9FEE1BF014913069401FDB793F5F50F06
:10BB70002A966314C5000145828083470500E38D42
:10BB8000B7FE0505FDB781E5B2856FF0EFD5011170
:10BB900022CC52C406CE26CA4AC84EC632842A8A4D
:10BBA00009EEEFF03F868144F24062444249B249D7
:10BBB000224A2685D24405618280AE842D282A89B6
:10BBC0006366850093571500E3E087FEA2855285E2
:10BBD000EFF08FD1AA8919E1CE84F9B72286637379
:10BBE00089004A86A6854E85EF60FDE3A6855285CD
:10BBF000EFF05F81D5B783A7C5FF1385C7FF63D576
:10BC00000700AA959C413E9582801307800523A0DA
:10BC1000E1C87D5582801307800523A0E1C87D55CA
:10BC2000828001A000002110422063308440A55092
:10BC3000C660E770088129914AA16BB18CC1ADD172
:10BC4000CEE1EFF13112100273325222B55294421A
:10BC5000F772D662399318837BB35AA3BDD39CC3C2
:10BC6000FFF3DEE36224433420040114E664C77466
:10BC7000A44485546AA54BB528850995EEE5CFF512
:10BC8000ACC58DD55336722611163006D776F666BA
:10BC90009556B4465BB77AA719973887DFF7FEE762
:10BCA0009DD7BCC7C448E5588668A7784008611886
:10BCB00002282338CCC9EDD98EE9AFF948896999B2
:10BCC0000AA92BB9F55AD44AB77A966A711A500A5A
:10BCD000333A122AFDDBDCCBBFFB9EEB799B588B02
:10BCE0003BBB1AABA66C877CE44CC55C222C033CA6
:10BCF000600C411CAEED8FFDECCDCDDD2AAD0BBD52
:10BD0000688D499D977EB66ED55EF44E133E322EF9
:10BD1000511E700E9FFFBEEFDDDFFCCF1BBF3AAFA1
:10BD2000599F788F8891A981CAB1EBA10CD12DC1FF
:10BD30004EF16FE18010A100C230E3200450254095
:10BD400046706760B9839893FBA3DAB33DC31CD3F5
:10BD50007FE35EF3B1029012F322D23235421452E5
:10BD600077625672EAB5CBA5A89589856EF54FE541
:10BD70002CD50DC5E234C324A01481046674476435
:10BD800024540544DBA7FAB79987B8975FE77EF795
:10BD90001DC73CD7D326F2369106B0165766767685
:10BDA000154634564CD96DC90EF92FE9C899E98961
:10BDB0008AB9ABA94458654806782768C018E108D5
:10BDC0008238A3287DCB5CDB3FEB1EFBF98BD89B35
:10BDD000BBAB9ABB754A545A376A167AF10AD01A25
:10BDE000B32A923A2EFD0FED6CDD4DCDAABD8BAD81
:10BDF000E89DC98D267C076C645C454CA23C832C75
:10BE0000E01CC10C1FEF3EFF5DCF7CDF9BAFBABFD4
:10BE1000D98FF89F176E367E554E745E932EB23EC4
:10BE2000D10EF01E020000000C000000080000000F
:10BE3000090000000A0000000B00000004000000E0
:10BE400005000000100000001100000006000000C6
:10BE50000700000000000000010000000E000000CC
:10BE60000F0000000D000000F401FA0096006400CD
:10BE70004B0032001E001400F678FDFF1E79FDFF16
:10BE80004679FDFF5C79FDFF7479FDFF8679FDFF42
:10BE9000AE79FDFFD679FDFFEC79FDFF047AFDFF59
:10BEA000BE83FDFFDA83FDFFFA83FDFF1684FDFFED
:10BEB0003284FDFF4E84FDFF6E84FDFFFE00657839
:10BEC000706572696D656E74616C000058626F78A0
:10BED000536572696573580005010905A101850163
:10BEE0000901A10009300931150027FFFF00009565
:10BEF0000275108102C00901A1000932093515003F
:10BF000027FFFF0000950275108102C0050209C5D8
:10BF1000150026FF039501750A810215002500759D
:10BF20000695018103050209C4150026FF0395014A
:10BF3000750A81021500250075069501810305012A
:10BF40000939150125083500463B016614007504C2
:10BF500095018142750495011500250035004500C5
:10BF60006500810305091901290F150025017501D7
:10BF7000950F810215002500750195018103050CBF
:10BF80000AB20015002501950175018102150025F1
:10BF900000750795018103050F09218503A1020999
:10BFA000971500250175049501910215002500756E
:10BFB0000495019103097015002564750895049195
:10BFC000020950660110550E150026FF00750895F0
:10BFD00001910209A7150026FF007508950191023D
:10BFE00065005500097C150026FF00750895019134
:10BFF00002C0C00005010905A101050919012914A4
:10C0000015002501750195148102150025017501A2
:10C010009504810105010905150026FF00750895A5
:10C0200010910205010905150026FF0075089510FD
:10C03000B102C00043483538785F424C455F4C49F7
:10C04000425F56322E310000434835387820476130
:10C050006D657061640000004348353858204741E1
:10C060004D4550414400000075706C6F6164206C58
:10C070006F676F0076696120576562484944000028
:10C08000484F4C442E0000004E45545552414C0040
:10C090004C415354000000004649525354000000E4
:10C0A00055500000534F43442053657474696E67C4
:10C0B00000000000424C452F524632340000000080
:10C0C0004155544F20534C4545500000534C454575
:10C0D000502054494D4500006D696E005854414C44
:10C0E000204341500000000070460000574952456F
:10C0F0004C4553532053455454494E4700000000CB
:10C100004D4F44204B4559005357415020442F4C2C
:10C1100053000000494E5055542053455454494E45
:10C1200047000000574952454C455353000000005A
:10C13000534F43440000000052454D415000000061
:10C14000494E505554000000534156450000000030
:10C15000536176652026205265626F6F740000007F
:10C160005245424F4F5400006E6F20736176652137
:10C17000210000005245534554000000484F4C44F4
:10C18000204100004D41494E00000000484F4C4402
:10C190002E2E0000484F4C442E2E2E00484F4C446B
:10C1A0002E2E2E2E000000006578742D6D617070AB
:10C1B000696E6700627574746F6E3A2025640000C2
:10C1C00070726F67726573733A2025642F2564005F
:10C1D0005B707265737320616E79206275746F6E27
:10C1E0005D000000707265737320686F6D65207468
:10C1F0006F20736B6970000063757272656E743ABC
:10C2000000000000554E4B4E4F574E0072656D6159
:10C210007020627574746F6E730000006D617070D1
:10C22000696E673A202573007072657373206275BA
:10C2300074746F6E20746F206D6170007665637426
:10C240006F723A3A5F4D5F7265616C6C6F635F61EC
:10C250007070656E640000006E6F20617661696CBD
:10C260002065787420627574746F6E206C656674D6
:10C2700000000000457874204D617070696E6700A1
:10C2800053544152542E2E2E0000000063757272DA
:10C29000656E742065787420636F6D706C6574656D
:10C2A0007E0000006D617020746F2025643A2025A7
:10C2B0006420627574746F6E000000002121636F4A
:10C2C0006D706C6574652121000000007E736176DD
:10C2D00065642026207265626F6F747E0000000026
:10C2E0004C42000052420000484F4D450000000003
:10C2F000410000004200000058000000590000000A
:10C30000444F574E000000004C45465400000000CA
:10C310005249474854000000535441525400000011
:10C320004241434B000000004C53000052530000B8
:10C330004C54000052540000494E56414C494400B0
:10C340004F4E00004F4646002573205B25735D006D
:10C3500025733A2025640000616263007266322E04
:10C3600034670000232D302B20000000686C4C0047
:10C37000656667454647000030313233343536371D
:10C3800038394142434445460000000030313233E1
:10C390003435363738396162636465660000000001
:10C3A000A092FDFF3893FDFF5C92FDFFBA93FDFF65
:10C3B000F493FDFF4E5400004A5400004654000020
:10C3C000EE530000F4530000FA5300000054000044
:10C3D00016540000B05500001E5500002C540000FB
:10C3E000425400003E5400003A5400005E530000E6
:10C3F000645300006A53000070530000865300002D
:10C400009C530000A2530000005800001A55000081
:10C41000165500001255000042530000485300001A
:10C420004E53000092540000F45400005453000096
:10C43000525400005A5300002BE1000028292C0818
:10C440001A1604072829000000000000050109064B
:10C45000A101050719E029E71500250175019508D7
:10C46000810295017508810195057501050819017D
:10C47000290591029501750391019506750815002E
:10C4800025650507190029658100C00000002110FD
:10C49000422063308440A550C660E770088129912E
:10C4A0004AA16BB18CC1ADD1CEE1EFF131121002D6
:10C4B00073325222B5529442F772D662399318837E
:10C4C0007BB35AA3BDD39CC3FFF3DEE362244334A2
:10C4D00020040114E664C774A44485546AA54BB5CE
:10C4E00028850995EEE5CFF5ACC58DD55336722676
:10C4F00011163006D776F6669556B4465BB77AA71E
:10C5000019973887DFF7FEE79DD7BCC7C448E558C1
:10C510008668A7784008611802282338CCC9EDD96D
:10C520008EE9AFF9488969990AA92BB9F55AD44A15
:10C53000B77A966A711A500A333A122AFDDBDCCBBD
:10C54000BFFB9EEB799B588B3BBB1AABA66C877CE1
:10C55000E44CC55C222C033C600C411CAEED8FFD0D
:10C56000ECCDCDDD2AAD0BBD688D499D977EB66EB5
:10C57000D55EF44E133E322E511E700E9FFFBEEF5D
:10C58000DDDFFCCF1BBF3AAF599F788F8891A9811F
:10C59000CAB1EBA10CD12DC14EF16FE18010A10009
:10C5A000C230E3200450254046706760B9839893F9
:10C5B000FBA3DAB33DC31CD37FE35EF3B102901259
:10C5C000F322D2323542145277625672EAB5CBA5C5
:10C5D000A89589856EF54FE52CD50DC5E234C324A9
:10C5E000A01481046674476424540544DBA7FAB799
:10C5F0009987B8975FE77EF71DC73CD7D326F236F9
:10C600009106B01657667676154634564CD96DC9E4
:10C610000EF92FE9C899E9898AB9ABA94458654848
:10C6200006782768C018E1088238A3287DCB5CDB38
:10C630003FEB1EFBF98BD89BBBAB9ABB754A545A98
:10C64000376A167AF10AD01AB32A923A2EFD0FED04
:10C650006CDD4DCDAABD8BADE89DC98D267C076CE8
:10C66000645C454CA23C832CE01CC10C1FEF3EFFD8
:10C670005DCF7CDF9BAFBABFD98FF89F176E367E38
:10C68000554E745E932EB23ED10EF01E070001028D
:10C690000000030405060000080000000900000077
:10C6A0000A0000000B00000004000000050000006C
:10C6B0000200000080C002008CC1020094C1020090
:10C6C0009CC1020088C0020090C0020098C0020015
:10C6D000A0C0020040B7FDFF40B7FDFF40B7FDFF1F
:10C6E00054B7FDFF40B7FDFF40B7FDFF40B7FDFF6A
:10C6F00040B7FDFF54B7FDFF54B7FDFF54B7FDFF32
:10C7000054B7FDFF40B7FDFF40B7FDFF40B7FDFF49
:10C7100040B7FDFF58B7FDFF68B7FDFFE0C202005C
:10C72000E4C20200E8C2020004C20200F0C2020039
:10C73000F4C20200F8C20200FCC20200A0C0020063
:10C7400000C3020008C3020010C3020018C30200A5
:10C7500020C3020028C302002CC3020030C3020021
:10C7600034C3020004C2020038C302000004000502
:10C77000000A000B000C0000000000000000005F39
:10C7800000000007000700147F147F14242A7F2A6A
:10C79000122313086462364956205000080703002C
:10C7A000001C2241000041221C002A1C7F1C2A0878
:10C7B000083E0808008070300008080808080000DB
:10C7C00060600020100804023E5149453E00427F4F
:10C7D000400072494949462141494D331814127F9E
:10C7E0001027454545393C4A49493101710905033E
:10C7F0003649494936064949291E003636000000A7
:10C800005636000008142241001414141414004178
:10C8100022140802015909063E415D594E7C12114D
:10C82000127C7F494949363E414141227F41414185
:10C830003E7F494949417F090909013E4149497AF9
:10C840007F0808087F00417F41002040413F017F71
:10C85000081422417F404040407F021C027F7F0439
:10C8600008107F3E4141413E7F090909063E415182
:10C87000215E7F09192946264949493203017F0172
:10C88000033F4040403F1F2040201F3F4038403F73
:10C89000631408146307087008076159494D430081
:10C8A0007F41410002040810200041417F00040242
:10C8B0000102044040404040010204000020545462
:10C8C00054787F48444438384444442838444448E1
:10C8D0007F3854545418087E09020018A4A4A47C7C
:10C8E0007F0804047800447D40004080847D007F00
:10C8F0001028440000417F40007C047804787C08C4
:10C900000404783844444438FC242424181824248B
:10C9100024FC7C080404084854545424043F444034
:10C92000203C4040207C1C2040201C3C4030403CAF
:10C9300044281028441CA0A0A07C4464544C44000B
:10C94000106C82000000FF000000826C10000006E6
:10C95000090906000000000006CDFDFF62CDFDFFC5
:10C9600062CDFDFF52CDFDFF78CDFDFF1ACDFDFF5D
:10C97000C4CDFDFFA6CDFDFFD6CDFDFFDECDFDFF75
:10C98000CECDFDFFD2CDFDFFE2CDFDFFDACDFDFF27
:10C99000E6CDFDFF0000FF00FF00FF0000080CFED9
:10C9A0000C080000000001024488700000003E41B5
:10C9B00041413E0000003E0101013E0000003C42BA
:10C9C00042423C0000040C7C0C040000001C22A22B
:10C9D000A2A25C8000007E4149494936001C141423
:10C9E0007F14141C000204081008040200007C429A
:10C9F0004242420000003C3C3C3C00007735CF6E98
:10CA0000F566DE19FF98C9C5CCC12B74AB7BB85055
:10CA1000BAB1630C6A1218D8CE463451BA7816BF30
:10CA20008F01CFEA414140DE5DAE2223B00361A316
:10CA300096177A9CB410FF61F20015AD982F8A42C8
:10CA400091443771CFFBC0B5A5DBB5E95BC2563960
:10CA5000F111F159A4823F92D55E1CAB98AA07D878
:10CA6000015B8312BE853124C37D0C55745DBE729B
:10CA7000FEB1DE80A706DC9B74F19BC1C1699BE41B
:10CA80008647BEEFC69DC10FCCA10C246F2CE92DAB
:10CA9000AA84744ADCA9B05CDA88F97652513E98CF
:10CAA0006DC631A8C82703B0C77F59BFF30BE0C6D6
:10CAB0004791A7D55163CA0667292914850AB72764
:10CAC00038211B2EFC6D2C4D130D385354730A6501
:10CAD000BB0A6A762EC9C281852C7292A1E8BFA2D8
:10CAE0004B661AA8708B4BC2A3516CC719E892D140
:10CAF000240699D685350EF470A06A1016C1A419C3
:10CB0000086C371E4C774827B5BCB034B30C1C39C1
:10CB10004AAAD84E4FCA9C5BF36F2E68EE828F7480
:10CB20006F63A5781478C8840802C78CFAFFBE909A
:10CB3000EB6C50A4F7A3F9BEF27871C60138CC575C
:10CB40006B29C0ACC9C159CA6BD98EF6EC6D3A6479
:10CB5000CBB41F09C4C425D8DC7EC25292D5FDFFD8
:10CB600028D6FDFF44D6FDFF0ED7FDFF0ED7FDFFF3
:10CB70000ED7FDFF0ED7FDFF0ED7FDFFC4D5FDFF7D
:10CB8000F4D5FDFF10D6FDFFBED8FDFFF0D7FDFFA9
:10CB9000E2D6FDFF54D8FDFFE2D6FDFFCAD7FDFF68
:10CBA00044D6FDFFE2D6FDFFD4D7FDFFE6D7FDFF5B
:10CBB000B8D8FDFF98D5FDFF66D6FDFFD8D6FDFF9E
:10CBC00022D7FDFF60D6FDFF60D6FDFF66D7FDFFD3
:10CBD00070D7FDFF16035000410044002D004300B4
:10CBE0004F004E0046004900470000000A03500075
:10CBF00041004400200000000A060002FF00FF4040
:10CC00000100000005010905A10105091901291408
:10CC10001500250175019514810215002501750186
:10CC20009504810105010905150026FF0075089589
:10CC300010910205010905150026FF0075089510E1
:10CC4000B102C0000902290001010080FA090400B4
:10CC5000000203000000092111010001223F00072A
:10CC60000581031000010705010310000A00000000
:10CC70001201100100000040091258CF000101020A
:10CC800000010000BCDAFDFF0CDBFDFF54DBFDFF03
:10CC900094DBFDFFD6DAFDFF22DBFDFF62DBFDFF4B
:10CCA000A2DBFDFFFEDBFDFF12DCFDFFCEDCFDFFA6
:10CCB000CEDCFDFFCEDCFDFFCEDCFDFFCEDCFDFFDC
:10CCC000C2DBFDFFB4DBFDFFF2DBFDFF98DFFDFF04
:10CCD000F6DDFDFFA6DCFDFFC8DEFDFFA6DCFDFFE7
:10CCE000CCDDFDFF0CDCFDFFA6DCFDFFD6DDFDFF8E
:10CCF000ECDDFDFF92DFFDFF9ADBFDFF2CDCFDFF8D
:10CD00009CDCFDFFFEDCFDFF24DCFDFF24DCFDFFE1
:10CD10006ADDFDFF7ADDFDFF42DDFDFFFEDCFDFF8C
:10CD200010DDFDFF20DDFDFF30DDFDFFB20358000B
:10CD300062006F00780020005300650063007500FA
:10CD4000720069007400790020004D0065007400D5
:10CD500068006F006400200033002C0020005600A3
:10CD600065007200730069006F006E0020003100E2
:10CD70002E00300030002C002000A90020003200DE
:10CD800030003000350020004D0069006300720063
:10CD90006F0073006F0066007400200043006F0096
:10CDA000720070006F0072006100740069006F0013
:10CDB0006E002E00200041006C006C00200072000C
:10CDC000690067006800740073002000720065004D
:10CDD0007300650072007600650064002E0000009C
:10CDE000100330003800460045004300390033008E
:10CDF000160343006F006E00740072006F006C0039
:10CE00006C006500720000002E03A9004D0069004F
:10CE1000630072006F0073006F00660074002000F2
:10CE200043006F00720070006F00720061007400B8
:10CE300069006F006E0000000A060002FF00FF405C
:10CE40000100000009029900040100A0FA09040091
:10CE50000002FF5D01001121000101258114000085
:10CE600000001301080000070581032000010705E9
:10CE700001032000080904010004FF5D03001B21D9
:10CE80000001010182400102201683000000000021
:10CE900000160300000000000007058203200002C6
:10CEA000070502032000040705830320004007054F
:10CEB00003032000100904020001FF5D02000921A4
:10CEC00000010122840700070584032000100904E3
:10CED000030000FFFD1304064100010103000000F0
:10CEE00012010002FFFFFF405E048E0214010102E6
:10CEF00003010000B231FEFF2632FEFF9A32FEFF30
:10CF00009A32FEFF3632FEFF9A32FEFF4E32FEFFAD
:10CF10007032FEFF9A32FEFF8A32FEFFDE32FEFFE3
:10CF2000FE32FEFF7A33FEFF1033FEFF7A33FEFF40
:10CF30007A33FEFF7A33FEFF3233FEFF7A33FEFF91
:10CF40007A33FEFF7A33FEFF5633FEFF2A240200B7
:10CF50000E0801006624020090150100E224020080
:10CF60005C1501009C2502002815010038260200EE
:10CF7000A620010086260200A6200100E02602006D
:10CF8000F81F01009C250200C8140100742702004C
:10CF9000141801000000000000000000BE2702007D
:10CFA000A018010030280200920801002485FEFF2D
:10CFB0002485FEFF4A85FEFF6285FEFF6A85FEFF2F
:10CFC0007285FEFF7A85FEFF8285FEFF8A85FEFF61
:10CFD0009285FEFF9A85FEFFD285FEFFDA85FEFF71
:10CFE000A285FEFF01010201020101020102040407
:10CFF0000601040101010101040402010400000012
:10D0000001010201020101020101040406010401FF
:10D01000010101010401020101000000B092FEFFC4
:10D02000BC92FEFFFE92FEFF2494FEFF2E94FEFFB4
:10D030007294FEFFB494FEFFF294FEFF2A95FEFF69
:10D04000C293FEFF5E95FEFFE895FEFF0AA2FEFF7B
:10D05000E6A1FEFF0AA5FEFF66A5FEFF6EA8FEFF85
:10D0600088A6FEFFCEA6FEFF12A7FEFF4AA7FEFF80
:10D070008EA7FEFFE6A1FEFFD2A7FEFF48A8FEFF97
:10D080000000000000000000000000000000008719
:10D0900068950100A6A701003E96010008A80100BE
:10D0A0006296010002970100309701007497010019
:10D0B00012A7010082A60100A0980100CC980100EF
:10D0C0003E990100E4990100F2A5010004A50100C8
:10D0D00012A40100F48A0100969A0100EA9A010064
:10D0E0001CAB0100B4AA01001C9B0100C49C010000
:10D0F000189E0100A29E0100CE9E010072AB0100AD
:10D1000076AB0100649F0100A69F01007AAB01008D
:10D110007EAB010082AB010086AB010074A9010067
:10D12000F09F0100CEA001008AAB01008EAB010090
:10D130007AA10100D8A3010043483538785F424CFA
:10D14000455F4C49425F56322E3133008232FFFF39
:10D150009032FFFF9832FFFF9E32FFFFA432FFFFA5
:10D16000C432FFFFCC32FFFFD232FFFFDC32FFFFC1
:10D17000E232FFFFE832FFFFEE32FFFFF432FFFF43
:10D180000033FFFF0633FFFF0C33FFFF4E33FFFF7B
:10D190001233FFFF1833FFFF1E33FFFF2433FFFF5F
:10D1A0003033FFFF4E33FFFF4E33FFFF4E33FFFFA1
:10D1B0004E33FFFF4E33FFFF4E33FFFF4E33FFFF73
:10D1C0004E33FFFF3A33FFFF2A33FFFF4E33FFFF9B
:10D1D0004033FFFF4833FFFF9038FFFFBC38FFFFAD
:10D1E000DE38FFFFF438FFFF0839FFFF2439FFFF67
:10D1F0004239FFFF5239FFFF6C39FFFF8239FFFFD1
:10D20000A439FFFFBA39FFFFCE39FFFFE239FFFF34
:10D21000003AFFFF103AFFFF2A3AFFFFBC3BFFFF37
:10D22000D03BFFFFE63BFFFF043CFFFF763DFFFFE7
:10D230004C3CFFFF4A3AFFFF623CFFFF723CFFFF9E
:10D240009C3AFFFF9C3AFFFF5C3BFFFF663BFFFF02
:10D250007A3CFFFF263CFFFF8A3CFFFFFC3CFFFFC0
:10D260003E3DFFFFD83FFFFF523DFFFF523DFFFF16
:10D27000263FFFFFE63DFFFF343DFFFFCE3FFFFFB0
:10D28000523DFFFFC83EFFFF5E3FFFFF523DFFFFE5
:10D29000523DFFFF523DFFFF523DFFFF523DFFFF5A
:10D2A000523DFFFF523DFFFF523DFFFF523DFFFF4A
:10D2B000523DFFFFA83DFFFF7241FFFF5442FFFFB9
:10D2C0002642FFFF8C42FFFF8C42FFFF0443FFFF1B
:10D2D0004843FFFF5442FFFF5442FFFF5442FFFF09
:10D2E0005442FFFF5442FFFF5442FFFF5442FFFFEE
:10D2F0005442FFFF5442FFFF5442FFFF5442FFFFDE
:10D300005442FFFF6843FFFF6843FFFF5442FFFFA3
:10D310005442FFFF5442FFFF5442FFFF5442FFFFBD
:10D320005442FFFFC243FFFFC243FFFF2E48FFFFEF
:10D330003848FFFF4E48FFFF5A48FFFF6E48FFFF87
:10D340007648FFFF7C48FFFF8448FFFF8C48FFFFC3
:10D350009248FFFF9848FFFFA048FFFFA648FFFF45
:10D36000AC48FFFFB448FFFFEE48FFFFEE48FFFF69
:10D37000BA48FFFFC448FFFFCA48FFFFD048FFFF7D
:10D38000D648FFFFDE48FFFFE848FFFFCE48FFFF1B
:10D39000EA48FFFFFE48FFFF164BFFFF1649FFFF5D
:10D3A0007049FFFF8449FFFF9849FFFFB049FFFF25
:10D3B000C849FFFFD849FFFFF049FFFF164BFFFFA9
:10D3C000084AFFFF164BFFFF164BFFFF1A4AFFFFED
:10D3D0003E4AFFFF624AFFFF764AFFFF844AFFFF93
:10D3E000964AFFFFD84AFFFFFB349B5F8000008016
:10D3F0000010000000000000070B0D1113171D1F87
:10D4000025292B2F353B3D4347494F535961FF0099
:10D41000E477FFFF2078FFFF4C79FFFFF079FFFFF3
:10D42000007AFFFFEC7AFFFF847AFFFF5A7BFFFF51
:10D43000087CFFFF7077FFFFF678FFFF9878FFFF0B
:10D44000D47AFFFFA48B0200A48302005A83020057
:10D450007A8802004A8802001C880200DC870200E9
:10D46000AE8702009089020094890200288602009B
:10D4700098890200E88502009C890200C4850200A8
:10D48000A089020096850200868502004E85020072
:10D49000A48902002C850200A8890200AC89020040
:10D4A000B0890200B48902005E8302007283020028
:10D4B000B8890200BC890200C0890200C489020048
:10D4C00088890200C2840200388402008C8902002C
:10D4D00026890200C088020076830200C2A90200E9
:10D4E00064A9020050A9020064A90200B6A90200C2
:10D4F00064A9020050A90200C2A90200C2A9020048
:10D50000B6A9020050A902006AA902006AA9020095
:10D510006AA90200B6A90200000102020303030384
:10D5200004040404040404040505050505050505B3
:10D530000505050505050505060606060606060693
:10D54000060606060606060606060606060606067B
:10D550000606060606060606070707070707070763
:10D56000070707070707070707070707070707074B
:10D57000070707070707070707070707070707073B
:10D58000070707070707070707070707070707072B
:10D590000707070707070707080808080808080813
:10D5A00008080808080808080808080808080808FB
:10D5B00008080808080808080808080808080808EB
:10D5C00008080808080808080808080808080808DB
:10D5D00008080808080808080808080808080808CB
:10D5E00008080808080808080808080808080808BB
:10D5F00008080808080808080808080808080808AB
:10D60000080808080808080808080808080808089A
:10D6100008080808080808086CB9020082B9020066
:10D6200048B9020048B9020048B9020048B90200EE
:10D6300082B9020048B9020048B9020048B90200A4
:10D6400048B90200D0BA0200C0B9020070BA0200A4
:10D6500048B9020048B9020000BB020048B9020004
:10D66000C0B9020048B9020048B9020078BA020005
:10D670000200000090D60200012A0000A62A000045
:10D680000328000002290000002A000007290000EA
:10D69000001800000118000002280000042A000001
:10D6A000002800000829000001280000052A0000C9
:10D6B000411122C426C21794FD1F1304A49297940B
:10D6C000FD1F9384E48D94485840938741AE06C66D
:10D6D0009C43639FE60682975440B74736FE938784
:10D6E00007C8B6973387A7003A856364F700636479
:10D6F000D7003305D7409794FD1F938464A69C4CB4
:10D7000091CB938741BC94433707CDFF7D179C464F
:10D71000F98F9CC611E148409797FD1F9387878436
:10D72000DC53829719E59C4C99CFEFE00EA7EFD020
:10D730001E909C4C89CB938741BC9843B70633001D
:10D740001C47D58F1CC7B2402244924441018280BD
:10D75000829798489797FD1F83C7178254401D8F63
:10D76000B307A7003E8563E4E700E3E6D7F8338517
:04D77000D74051B796
:10D774006C6B0000746B00003E8800007E9000001B
:04D784008A90000087
:10D788006A3F0000D83F00000000000002000000CF
:10D79800A0D602000100000074330020020000003F
:10D7A80080D6020001000000B7320020020000000D
:10D7B8007C33002001000000B63200200200000087
:10D7C80084D6020003000000343700200200000065
:10D7D800A4D6020001000000B4320020CC410000B1
:10D7E800000000000000000002000000A0D60200B7
:10D7F80001000000A43300200200000080D60200CF
:10D8080001000000C732002002000000CC330020D5
:10D8180001000000B03400200200000080D60200A1
:10D8280001000000C632002002000000C8330020BA
:10D83800010000009C3300200200000080D6020096
:10D8480001000000C532002002000000C43300209F
:10D8580001000000CC2A00200200000080D602004F
:10D8680001000000C432002002000000C033002084
:10D8780001000000943300200200000080D602005E
:10D8880001000000C332002002000000BC33002069
:10D89800010000008C3300200200000080D6020046
:10D8A80001000000C232002002000000B83300204E
:10D8B80001000000843300200200000080D602002E
:10D8C80001000000C132002002000000B433002033
:10D8D80001000000CCBE02000200000080D6020059
:10D8E80001000000C032002002000000B033002018
:10D8F80001000000BCBE02000200000080D6020049
:10D9080001000000BF32002002000000AC330020FC
:10D9180001000000B83200204849445F43485F30A6
:10D92800310000001A490000544A000000000000BD
:10D9380002000000A0D6020001000000D43300203D
:10D948000200000098D6020001000000C634002042
:10D958000200000080D6020001000000DB32002037
:10D9680002000000F033002040000000DC330020FB
:10D978000200000080D6020001000000D53200201D
:10D9880002000000E833002080000000C5340020B9
:10D998000200000080D6020001000000D4320020FE
:10D9A80002000000E0330020C0000000D332002055
:10D9B8000200000080D6020001000000DA320020D8
:10D9C80002000000EC33002040000000D8BE020036
:10D9D800020000008CD6020001000000D8320020AE
:10D9E8000200000080D6020001000000D2320020B0
:10D9F80002000000E433002040000000C43400208E
:10DA08000200000084D60200810000005437002084
:10DA180002000000A4D6020001000000D03200205D
:10DA28000200000080D6020001000000CE32002073
:10DA380002000000E433002080000000BC34002015
:10DA480002000000A4D6020001000000CC32002031
:10DA58000200000080D6020001000000CB32002046
:10DA680002000000F433002040000000B934002018
:10DA78000200000084D60200810000004437002024
:10DA88000200000080D6020001000000CA32002017
:10DA980002000000E4330020C0000000B834002079
:10DAA80002000000A4D6020001000000C8320020D5
:10DAB800824500005C45000000000000224600008E
:10DAC80000000000AC440000944B0000984B00009C
:10DAD8000000000002000000A0D6020001000000C3
:10DAE800FC3300200200000080D602000100000084
:10DAF800DF3200200200000008340020800000000F
:10DB0800EC3400200200000080D602000100000072
:10DB1800DE32002002000000043400200000000073
:10DB2800E83400200200000084D6020081000000D2
:10DB38007C3700201A490000544A00000000000009
:10DB480002000000A0D602000100000010340020EE
:10DB58000200000098D6020001000000F8340020FE
:10DB68000200000080D6020001000000F732002009
:10DB7800020000002C34002040000000183400206F
:10DB88000200000080D6020001000000F1320020EF
:10DB9800020000002434002080000000F734002038
:10DBA8000200000080D6020001000000F0320020D0
:10DBB800020000001C340020C0000000EF320020EA
:10DBC8000200000080D6020001000000F6320020AA
:10DBD800020000002834002040000000F4BF0200CA
:10DBE800020000008CD6020001000000F432002080
:10DBF8000200000080D6020001000000EE32002082
:10DC0800020000002034002040000000F63400200C
:10DC18000200000084D6020081000000BC3700200A
:10DC280002000000A4D6020001000000EC3200202F
:10DC38000200000080D6020001000000EA32002045
:10DC48000200000020340020C0000000AC37002093
:10DC580002000000A4D6020001000000E832002003
:10DC68000200000080D6020001000000E43200201B
:10DC7800020000003434002040000000F534002089
:10DC88000200000084D60200810000009C370020BA
:10DC98000200000080D6020001000000E3320020EC
:10DCA8000200000030340020C0000000F4340020DE
:10DCB8000200000080D6020001000000E2320020CD
:10DCC8000200000020340020C00000008C37002033
:10DCD80002000000A4D6020001000000E03200208B
:10DCE80043482D4B6579626F6172640043482D4348
:10DCF8006F6E6669677572650000000002010503B2
:10DD080019C1030B0943482D4B4559424F41524411
:10DD18000201050319C4030B095041442D434F4E1A
:10DD280046494700705B0000EA5A00000000000006
:10DD3800EC5A0000051206000600050212180F181A
:10DD4800020A00001A490000544A000000000000BE
:10DD580002000000A0D60200010000004C340020A0
:10DD68000200000098D602000100000024350020BF
:10DD78000200000080D602000100000027330020C6
:10DD880002000000683400204000000054340020E5
:10DD98000200000080D602000100000021330020AC
:10DDA80002000000603400208000000023350020BD
:10DDB8000200000080D6020001000000203300208D
:10DDC8000200000058340020C00000001F3300206B
:10DDD8000200000080D60200010000002633002067
:10DDE8000200000064340020400000004CC402001F
:10DDF800020000008CD6020001000000243300203D
:10DE08000200000080D60200010000001E3300203E
:10DE1800020000005C340020400000002235002091
:10DE28000200000084D6020081000000A83800200B
:10DE380002000000A4D60200010000001C330020EC
:10DE48000200000080D60200010000001A33002002
:10DE5800020000005C340020C000000021350020D2
:10DE680002000000A4D602000100000018330020C0
:10DE78000200000080D602000100000014330020D8
:10DE8800020000007034002040000000203500200F
:10DE98000200000084D602008100000098380020AB
:10DEA8000200000080D602000100000013330020A9
:10DEB800020000006C340020C00000001F35002064
:10DEC8000200000080D6020001000000123300208A
:10DED800020000005C340020C00000001E35002055
:10DEE80002000000A4D60200010000001033002048
:10DEF80001020304050607080900000009070000DD
:10DF08000000000000000000000000000000000009
:10DF180000000000000000000000000000000000F9
:10DF280000000000000000000907000000000000D9
:10DF380000000000000000000000000000000000D9
:10DF480000000000000000000000000000000000C9
:10DF580000000000000000000000000000000000B9
:10DF680000000000000000000000000000000000A9
:10DF78000000000000000000000000000000000099
:10DF88000000000000000000000000000000000089
:10DF98000000000000000000000000000000000079
:10DFA8000000000000000000000000000000000069
:10DFB8000000000000000000000000000000000059
:10DFC8000000000002000000A0D6020001000000CE
:10DFD80070D602000200000080D602000100000096
:10DFE800373300200200000088D60200010000003C
:10DFF800000000000200000080D6020001000000BE
:10E00800343300200200000078D60200010000002E
:10E01800FC3500200200000080D60200010000004C
:10E0280038330020020000009CD6020001000000E6
:10E038003C3300200200000080D6020001000000EE
:10E0480036330020020000007CD6020001000000E8
:10E05800353300206CFC0000C2FD00000000000009
:10E0680002000000A0D60200010000004833002092
:10E078000200000080D60200010000005333002097
:10E0880002000000ACD60200000000000000000002
:10E098000200000084D60200030000000000000017
:10E0A80000000000200A010000000000000000003D
:10E0B8000000000068000000D00000000000000020
:10E0C8000000000000000000000000000000000048
:10E0D8000000000000000000000000000000000038
:10E0E8000000000000000000000000000000000028
:10E0F800000000000000000000000000D4630020C1
:10E1080004016412025E04130B09050202020202F2
:10E118000202020200030A1203020C0001011201AA
:10E1280006060000192A02021B01100400030A0E49
:10E138001200000000020E00000112010604000097
:10E14800192A02023F00FF000CC40200FEFF000073
:10E1580060EA000001000000FF003F0000030A0E13
:10E168001200000000020E00000112010604000067
:10E17800192A020229417671FFFF0000C3812F018D
:10E1880002010202020000005000A0000000E803A3
:10E19800FFFF00000200000094D602000100FF20EB
:10E1A80001050201011001016032002000008039E0
:10E1B800666686409A9939406466A63F0000C84260
:10E1C8000200000080330020192A00000F18000008
:10E1D800312E302E30000000312E302E300000005D
:10E1E800312E302E30000000312E302E300000004D
:10E1F80002000000D0330020502A00002A2A000024
:10E20800292A0000282A0000272A0000262A0000C0
:10E21800252A0000242A0000232A00000A180000EA
:10E2280002000000F8330020110100014E2A00000E
:10E238004D2A00004C2A00004B2A00004A2A000000
:10E24800222A000012180000020000000C340020EE
:10E25800312A00004F2A00001318000002000000B5
:10E2680038340020110100014E2A00004D2A000018
:10E278004C2A00004B2A00004A2A0000322A0000DB
:10E28800222A00001218000001D707000010010020
:10E29800025E04130B09050002000000743400201C
:10E2A800110100014E2A00004D2A00004C2A0000EE
:10E2B8004B2A00004A2A0000322A0000222A0000C5
:10E2C800121800000104010701160117AABBCCDDD2
:0CE2D800EEFF0000040309040403090425
:00000001FF
