:040000006F209013CA
:10000400000000000000000090000020D00B002041
:10001400A9BDF9F3900000200000000000000000DA
:10002400900000209000002000000000000000006C
:10003400900000200000000090000020000000005C
:1000440090000020900000209000002090000020EC
:100054009000002090000020EE0C00209000002072
:1000640090000020900000209000002090000020CC
:10007400D00C002090000020900000209000002070
:1000840090000020900000209000002090000020AC
:1000940001A0B717004041119387870398433AC6DC
:1000A40094433247E39CE6FE32454101828041118C
:1000B400814601468145114506C6EF001051B72718
:1000C400004011472383E780B7F700E0938707D008
:1000D400984B6D9B98CB984B5D9B98CB73005010BD
:1000E40001000100B2404101828041118146014674
:1000F4008145114506C6EF00504DB7270040114712
:100104002383E780B717004003C7E70203C6E70469
:1001140083D6870391671366360063E5F600719B07
:1001240013671700F3260080A18A9387819D81CAF3
:10013400F326008094C39443DD9A739006800F10D5
:100144000000B716004093860604930570052380CB
:10015400B600930580FA2380B6000F100000B7158F
:1001640000402382050223800600F3250080944387
:10017400A18ACD8E7390068023AC019C0F100000E1
:10018400F3260080A18A81CAF326008094C3944395
:10019400DD9A739006800F100000B7160040938616
:1001A4000604930570052380B600930580FA238026
:1001B400B6000F100000B71500402387E50223871F
:1001C400C50423800600F32600809843218B558FB5
:1001D4007310078023AC019C0F100000732700806C
:1001E400218B01CB7327008098C398435D9B7310C8
:1001F40007800F1000003717004013070704930609
:1002040070052300D700930680FA2300D7000F104F
:100214000000B716004003C6B60413660602A385A1
:10022400C60423000700F32600809843218B558FD2
:100234007310078023AC019C0F10000037F700E017
:10024400130707D0144B93E6460014CB144BDD9AE6
:1002540014CB730050100100010073270080218B20
:1002640001CB7327008098C398435D9B731007806C
:100274000F1000003717004013070704930670059A
:100284002300D700930680FA2300D7000F10000044
:10029400B716004003C6B6041376F60DA385C6044C
:1002A40023000700732700809C43A18BD98F739090
:1002B400078023AC019C0F100000B24041018280F2
:1002C4000111B7F5070026CA8146AA840A86E1050A
:1002D400194506CE22CC02C023120100EF00F02EF5
:1002E400B717004003C7E70413673700F3270080FC
:1002F400A18B1384819D81CBF32700801CC01C40FB
:10030400DD9B739007800F100000B71700409387A0
:100314000704930670052380D700930680FA238090
:10032400D7000F100000B716004023820602238076
:100334000700F32600801C40A18BD58F73900780A3
:1003440023AC019C0F100000F3270080A18B81CB0C
:10035400F32700801CC01C40DD9B739007800F10A6
:100364000000B717004093870704930670052380A5
:10037400D700930680FA2380D7000F100000B71629
:1003840000402387E60423800700732700801C4075
:10039400A18BD98F7390078023AC019C0F100000B0
:1003A40037F700E0832707D193E747002328F7D0E6
:1003B40083D7060293F7076033E7F400E5779107E4
:1003C4005D8F0100F3270080A18B81CBF327008090
:1003D4001CC01C40DD9B739007800F100000B717F2
:1003E400004093870704930670052380D700930683
:1003F40080FA2380D7000F100000B716004003C610
:10040400F60013660604A387C600B716004003C6A9
:10041400B60413660602A385C604B71600402390EB
:10042400E60223800700732700801C40A18BD98F2C
:100434007390078023AC019C0F100000B7F400E018
:1004440083A704D1DD9B23A8F4D0730050100100CE
:1004540001001305C012EF005004B7F507008146F0
:100464003000E105194502C423160100EF00F01520
:1004740022478247E316F7FCF3270080A18B81CB48
:10048400F32700801CC01C40DD9B739007800F1075
:100494000000B717004093870704130770052380F3
:1004A400E700130780FA2380E7000F100000B71657
:1004B400004003D70602460745832390E6022380C3
:1004C4000700732700801C40A18BD98F739007808D
:1004D40023AC019C0F100000F3270080A18B81CB7B
:1004E400F32700801CC01C40DD9B739007800F1015
:1004F4000000B71700409387070413077005238093
:10050400E700130780FA2380E7000F100000371775
:1005140000408346B70493F6F60DA305D704238061
:100524000700732700801C40A18BD98F739007802C
:1005340023AC019C0F10000051458527F240624412
:10054400D24405618280411126C281460146AA84B3
:100554008145114506C622C4EF0030073717004015
:10056400B717004083C7E7028346E70403568703AF
:10057400116793E636006365E600F19B93E7170085
:1005840073270080218B1384819D01CB7327008006
:1005940018C018405D9B731007800F1000003717B8
:1005A400004013070704130670052300C700130651
:1005B40080FA2300C7000F10000037160040230202
:1005C400060223000700732600801840218B518FF8
:1005D4007310078023AC019C0F1000007327008068
:1005E400218B01CB7327008018C018405D9B7310CA
:1005F40007800F1000003717004013070704130685
:1006040070052300C700130680FA2300C7000F10EB
:100614000000371600402307F6022307D604230000
:100624000700732700801C40A18BD98F739007802B
:1006340023AC019C0F10000013055002B92A37F7B0
:1006440000E0832707D193E747002328F7D0F32757
:100654000080A18B81CBF32700801CC01C40DD9B54
:10066400739007800F100000B717004093870704AA
:10067400130770052380E700130780FA2380E7003F
:100684000F100000371700408346F70093E6060476
:10069400A307D70023800700732700801C40A18B89
:1006A400D98F7390078023AC019C0F100000F327AF
:1006B4000080A18B81CBF32700801CC01C40DD9BF4
:1006C400739007800F100000B7170040938707044A
:1006D400130770052380E700130780FA2380E700DF
:1006E4000F1000006577458FB71600402390E6028F
:1006F40023800700732700801C40A18BD98F73903F
:10070400078023AC019C0F10000037F700E083271B
:1007140007D1DD9B2328F7D073005010010001009E
:1007240081460146814511454D25F3270080A18B63
:1007340081CBF32700801CC01C40DD9B7390078095
:100744000F100000B71700409387070413077005C4
:100754002380E700130780FA2380E7000F100000CE
:1007640037170040FD562316D7028346670493E6E5
:1007740016002303D70423800700732700801C403E
:10078400A18BD98F7390078023AC019C0F100000BC
:10079400B240224492444101828073270080218B1D
:1007A4009387819D01CB7327008098C398435D9BF9
:1007B400731007800F100000371700401307070459
:1007C400930670052300D700930680FA2300D70010
:1007D4000F100000B716004003C6B6041376F60DDA
:1007E400A385C60423000700F32600809843218BC9
:1007F400558F7310078023AC019C0F1000001377F2
:1008040005026300071A371700400347A700118B3E
:100814003DE773270080218B01CB7327008098C3A9
:1008240098435D9B731007800F100000371700403A
:1008340013070704930670052300D700930680FA74
:100844002300D7000F100000B716004003C6A6000F
:10085400136646002385C60023000700F3260080A4
:100864009843218B558F7310078023AC019C0F1084
:1008740000001307004B010001007D176DFF732773
:100884000080218B01CB7327008098C398435D9B24
:10089400731007800F100000371700401307070478
:1008A400930670052300D700930680FA2300D7002F
:1008B4000F100000B71600407D892394A6000100A4
:1008C40001000100010023000700F3260080984383
:1008D400218B558F7310078023AC019C0F100000EF
:1008E40073270080218B01CB7327008098C3984322
:1008F4005D9B731007800F1000003717004013072B
:100904000704930670052300D700930680FA23009A
:10091400D7000F1000000F100000B7260040130688
:100924001005A383C68023000700F32600809843A4
:10093400218B558F7310078023AC019C0F1000008E
:1009440073270080218B01CB7327008098C39843C1
:100954005D9B731007800F100000371700401307CA
:100964000704930670052300D700930680FA23003A
:10097400D7000F100000B716004003C6B604136674
:1009840006F8A385C60423000700732700809C4350
:10099400A18BD98F7390078023AC019C0F100000AA
:1009A4008280137705046305071637170040034751
:1009B400A700418B3DE773270080218B01CB732770
:1009C400008098C398435D9B731007800F1000004C
:1009D4003717004013070704930670052300D70058
:1009E400930680FA2300D7000F100000B7160040CA
:1009F40003C6A600136606012385C600230007006C
:100A0400F32600809843218B558F7310078023AC05
:100A1400019C0F1000001307007D010001007D17E9
:100A24006DFF73270080218B01CB7327008098C34F
:100A340098435D9B731007800F1000003717004028
:100A440013070704930670052300D700930680FA62
:100A54002300D7000F1000009376F50193E60604F7
:100A6400371600402314D6000100010001000100E4
:100A740023000700F32600809843218B558F7310C1
:100A8400078023AC019C0F1000001307600463115E
:100A9400E50473270080218B01CB7327008098C362
:100AA40098435D9B731007800F10000037170040B8
:100AB40013070704930670052300D700930680FAF2
:100AC4002300D7000F100000B7260040094691BD4F
:100AD40073270080218B01CB7327008098C3984330
:100AE4005D9B731007800F10000037170040130739
:100AF4000704930670052300D700930680FA2300A9
:100B0400D7000F100000B72600401306200511BDC2
:100B140073270080218B01CB7327008098C39843EF
:100B24005D9B731007800F100000371700401307F8
:100B34000704930670052300D700930680FA230068
:100B4400D7000F100000B716004003D686001366C6
:100B5400060C2394C600C1BB411181460146814560
:100B6400114506C69D24F3270080A18B9386819DA1
:100B740081CBF32700809CC29C42DD9B739007804D
:100B84000F100000B7170040938707041307700580
:100B94002380E700130780FA2380E7000F1000008A
:100BA4003717004003466704136616002303C7047F
:100BB40023800700732700809C42A18BD98F7390F8
:100BC400078023AC019C0F100000B24041018280D9
:100BD4008146014681451145CD2A73270080218B2A
:100BE4009387819D01CB7327008098C398435D9BB5
:100BF400731007800F100000371700401307070415
:100C0400930670052300D700930680FA2300D700CB
:100C14000F100000B71600407D562396C60223002D
:100C24000700F32600809843218B558F73100780AB
:100C340023AC019C0F10000073270080218B01CB93
:100C44007327008098C398435D9B731007800F102F
:100C540000003717004013070704930670052300AC
:100C6400D700930680FA2300D7000F100000B716B0
:100C7400004003C66604136616002383C6042300DB
:100C84000700732700809C43A18BD98F7390078042
:100C940023AC019C0F10000001A0BD473305F502F1
:100CA40001007D1575FD8280411122C426C206C64D
:100CB400AA84014463179400B2402244924441013F
:100CC400828005041305803E4204C13F4180DDB7A4
:100CD400B7170040130700032388E702854723A2C0
:100CE400F1A473002030411106C6AD2DFDBF03C72A
:100CF40001AA85476318F700979000E0E780C0FEDB
:100D040073002030979000E0E7808070D5BF230304
:100D1400048015472303E48001002302A480828019
:100D240083076480E3CE07FE230304808280830765
:100D34006480E3CE07FE0345448082808307648099
:100D4400E3CE07FE2302A4808280411126C44AC256
:100D54004EC006C61377F50BAD47AA892E89954474
:100D64006306F70019456537653F8D444E85453761
:100D7400FD59FD1463983401B240A24412498249DA
:100D840041018280135509011375F50F453F22096E
:100D9400CDB7011126CC06CEB7040800513715454E
:100DA400BD37713769372AC6A53F32459377150099
:100DB40089EB136515001375F50FF240E2440561E4
:100DC4008280FD14E9FC0145CDBF397126DC4ADA85
:100DD4004ED852D656D45AD25ED006DE62CE66CCF7
:100DE400B7E700E07D5783AA070022C603AA47009D
:100DF40023A0E71823A2E718B717004013077005CC
:100E04002380E704130780FA2380E70483C7470499
:100E1400930B75FFB684E20793FBFB0F8546AA8903
:100E24002E8B328937240040E187015763FA76011B
:100E34006308D5008946130700026313D5000157E0
:100E4400D98F93F7F70FB71C00402382FC04114796
:100E54002303E4801305F00F5D3D094CD135636D28
:100E64007C11B7050700DA9537870700795563F2D7
:100E7400E504B3879500636EF702370B0800A947B2
:100E840033EB65016399F90689E48144513D268574
:100E94000DA0DA850945553D05090345F9FFFD1403
:100EA400050B693D81C49377FB0FFDF7DD3569FDC3
:100EB4007D55B7170040130770052380E704130717
:100EC40080FA2380E70403C74704418B2382E704A5
:100ED400F250B7E700E023A0571123A24711E254D0
:100EE40032445259C259325AA25A125B825B724C32
:100EF400E24C21618280A5476395F906856913094F
:100F0400F00FB3069900B3742B01B6941349F9FF9B
:100F1400B3749900856B33796901416B9387F9FF49
:100F2400B3F7270199E363FC340193D94900C1471E
:100F3400E3E637FF99BF0569C1697D19D9B7130580
:100F4400800D638869011305000263847901130528
:100F54001008CA85DD3B353D21DD4E99B38434410B
:100F6400D9B7DA852D45D533CA94E30099F205093A
:100F74007D3BA30FA9FED5BF9387F9FF93F7F70F26
:100F84006361FC0C83C71C0413073008631FF70458
:100F940037070800636BEB04B3079B00B706100028
:100FA40063F5D704334BEB0089476393F9068980D3
:100FB400D549E38C04ECDA850945413B1109032743
:100FC400C9FF91472320E48003076480E34E07FEB2
:100FD40023033481FD17EDFBFD14110B81C49377BA
:100FE400FB0FE9FF7D3371F5E1B5B717004003C787
:100FF4005704B70708001377070219E3B7870700F8
:101004007955E378FBEA33079B00E3FFE7F855B52E
:101014008547E382F9F2DA852D45053B9389F4FF90
:10102400E38504E6293393F7390091EB83260480A2
:101034000327090093074900E39AE6E43E89CE8436
:10104400F1BFB5476396F9001305900BC93135BD5F
:10105400B1471305B00AE38BF9FE99476391F9048C
:10106400B7050800B365BB002D45C53181448D4BE0
:10107400A149753963967401832704802320F900FC
:101084008504E39834FF8327048013172B016355E9
:1010940007002312F900D5BB2322F900FDB39D47B5
:1010A4006399F90281451305B0044531BD442320F9
:1010B400090023220900FD599D3993F77400CA974A
:1010C40003C70700FD14398D2380A700E39634FF7E
:1010D4006DBBA1476392F9046D398144630D0B0024
:1010E4008D479304C0036308FB0093040005630465
:1010F4008B01930440041375C507E30895D819457B
:10110400393139390545213126850D3909453D31B6
:101114004931E31C05D669BB91476399F90013056E
:101124006006F536F53E130590090DB7E38F09D433
:10113400F154A9BB19CD91CD09CE81473387F50070
:10114400834607003307F50085072300D700E3171C
:10115400F6FE828019C991C909CA910583A7C5FF02
:1011640011057D16232EF5FEC5BF828001C919C65F
:101174002A960505A30FB5FEE31DA6FE82808147CE
:101184003307F5000307070019E33E8582808507CE
:10119400C5BF01112E8626CAAA841315060193051C
:1011A400F004418122CC06CE32C6EF00906C2A8432
:1011B40001C53246A685BD3F2285F2406244D24431
:1011C40005618280854715C18DC105C28147B3067B
:1011D400F5003387F50083C60600034707006398CC
:1011E400E6008507E315F6FE85473E858280814744
:1011F400EDBF9307F6FFBE952A966313C500828060
:10120400FD1583C715000505A30FF5FEFDB7AA87D5
:10121400014581CF09CE3E96850703C7F7FF6317C3
:10122400B700E39BC7FE054582808280014582802A
:101234007971938741AE22D4804306D626D24AD010
:101244004ECE52CC56CA5AC85EC65DCCB7C4C9018C
:10125400014B9389C1AD9384F437175A0000130AE4
:10126400EACC975A0000938A2AD017590000130930
:10127400E9D38357240085E35C44631B0B0023A25A
:10128400F1AE832BC4002285EF00106B5E84B9A8F5
:101294002326FB00FDB783A7090082971C4433076C
:1012A400F5406376F500032749001D8F2A9763E014
:1012B400E4089757000023A107CC83552400034575
:1012C400040097A000E0E78080CC5C405844A1CBA8
:1012D4000C4403264900AE97BE8663E4B70063E47A
:1012E400C700B386C74014C4228B3A8459F0975779
:1012F4000000938767C79C4B09476370F706F9178B
:1013040017570000232AF7C6B250225492540259A8
:10131400F249624AD24A424BB24B4561828063151C
:101324000B0023A2E1AEB1BF2326EB0099BF032734
:101334004A0209CF63EFA7003385A74083A70A01B8
:101344006376F5009757000023A8A7C2228B404478
:1013540071BF03274900BA97C5B79757000023AD5B
:1013640007C05DB7411122C417540000130444C2DE
:101374001C4006C626C24AC091C7829797570000F0
:1013840023A807C09757000083C757DA858B975463
:101394000000938464D995C397570000A38807D8A5
:1013A40083C774001547637AF700052B83C774005D
:1013B400F5178A07A2979C4382971C4491C382978E
:1013C400138901AD03270900175600000346D6B957
:1013D4009757000083C747B993961700BA9683D6E8
:1013E4000600C5CE9757000083C707B863E1C70C52
:1013F40097570000238A07B61C4063950712975736
:10140400000083C7F7D291CF83C7740093F7F70F17
:1014140089EB97570000A38D07D097A001E0E780E0
:1014240020EA9387C1AD9C43638E070E9757000053
:101434009387C7B7DC4317570000232FF7B2CD3B80
:1014440097570000938787AEDC53E9CF1757000006
:10145400130787B1184B9757000083C777AE6363B0
:10146400F70C83C774001547636EF70A975700009B
:1014740083C707D0918BDDE7032609009756000048
:1014840083C696AE63C6D70A2244B2409244024948
:10149400410117C302E067002307850793F7F70F9D
:1014A400975600002382F6ACE3E4C7F225BF860713
:1014B4003E978355070023100700239C01AC9387B4
:1014C40081AE9C4317550000034505AA1317250058
:1014D400BA979C43829783D781AD1757000003477F
:1014E400A7A893C7F7FF7D8D93171700032709005B
:1014F4003E97835707005D8D2310A7009757000080
:1015040083C787A691C7850717570000230EF7A442
:1015140017570000034747A59757000083C7D7A470
:10152400E378F7ECB24022449244024941018280BC
:10153400139717003297035707006DF7850799B77C
:10154400AD6737C70040BD072326F7200F10000002
:1015540097570000938747A1C84F83278726BD6606
:10156400BD0693C7F7FF99836A052326D7205D8DAF
:1015740082804111B7170040985F3AC6945F3247A2
:10158400E39CE6FE3245410182801305F00F828020
:10159400011197570000938767C522CC03A4070C59
:1015A40026CA06CE2AC42EC6854419E40145F24053
:1015B4006244D2440561828083479100034714004A
:1015C400858B6304F7000044CDB719469305A10049
:1015D40013052400C53EE31895FE0545C9BF1387CE
:1015E40041BA1C439306001094C30100010001009A
:1015F40001001C4323A0070083461500034825006F
:10160400A2064208C29603480500C2960348350064
:101614006208C29694D78346550003486500A20623
:101624004208C29603484500C29603487500620802
:10163400C296D4D7834695000348A500A206420863
:10164400C29603488500C2960348B5006208C29654
:1016540094DB8346D5000348E500A2064208C296FF
:101664000348C5000345F500C2966205AA96D4DB7B
:1016740083C6150003C52500A2064205AA9603C524
:101684000500AA9603C535006205AA9694CF83C6C1
:10169400550003C56500A2064205AA9603C5450088
:1016A400AA9603C575006205AA96D4CF83C6950091
:1016B40003C5A500A2064205AA9603C58500AA96FD
:1016C40003C5B5006205AA9694D383C6D50003C5A5
:1016D400E500A2064205AA9603C5C50083C5F50028
:1016E400AA96E205AE96D4D3D443F59AD4C3D44390
:1016F40093E61600D4C3944393E6160094C3BA87C2
:101704009443D842058B59E3984E01452300E600E3
:101714009843184F2183A300E6009843184F418350
:101724002301E6009843184F6183A301E6009C431C
:10173400D84F2302E600D84F2183A302E600D84FF6
:1017440041832303E600D84F6183A303E600985343
:101754002304E60098532183A304E60098534183AD
:101764002305E60098536183A305E600D8532306B6
:10177400E600D8532183A306E600D8534183230708
:10178400E600DC53E183A307F600828001008DBFED
:10179400138781BA1443411122C49C5E4AC006C611
:1017A400998326C2858B3A84138941BAD1C79C5E3A
:1017B400975400009384449793F7F7F99CDE1757E6
:1017C40000000347C79693070008631BF7008327AD
:1017D40009009C4393F70704175700002309F79463
:1017E40083C7040093F707048DC39387C1AD9C435B
:1017F40082979757000023A1A79483C7040093F707
:10180400F70B175700002301F79283C7440093F79F
:1018140007049DE3854717570000A309F7909387B2
:1018240041BB9C43096798C7130700FC9756000007
:10183400238EE68ED844F8D31C40985F1183058B21
:1018440009CB985F3D9B98DF054797560000238F8F
:10185400E68C985F1D83058B11CB985F1377F7F7A0
:1018640098DF8547175700002302F78C8327090068
:10187400D8430583058B19C7D843759BD8C3D84370
:10188400799BD8C3B24022449244024941018280E8
:10189400397106DE16DC1ADA1ED82AD62ED432D2D4
:1018A40036D03ACE3ECC42CA46C872C676C47AC254
:1018B4007EC0F93DF250E2525253C2533255A25502
:1018C400125682567247E2475248C248324EA24EDE
:1018D400124F824F216173002030938741BB9443A0
:1018E400975700009387478403C70700058B11CBE4
:1018F40097570000238C078297570000A38807821C
:10190400828003C71700058B65F7F85271FF83C700
:101914005700DDB7138881BA032708001C5F95833D
:10192400858BD1E709C61C5BBD832300F60085CAFD
:1019340083270800985B460793576701635607009F
:1019440093E707C0C207C18303970600C207C18794
:1019540009C7BA970947B3C7E7022390F60085CDB4
:10196400834715008DCB9746000083C6467C93F6CB
:1019740006041387970089478DCA3A9503470500E3
:10198400854699471376F7066311D6026207618785
:10199400B947634C0700832708009C5FED838D8B58
:1019A40017470000A307F77881473E858280854763
:1019B400EDBF411122C406C6138441BB18402DE972
:1019C400AE877453FDFE3E85B28597470000238E93
:1019D4000774979001E0E780E063938781BA9C43A2
:1019E400B70680009843558F98C3D857719BD8D7B2
:1019F40097470000A38C077297470000A3860772DD
:101A04001C40094798C31440174700001307C771C7
:101A140083472700858B89EB83473700858BD9C3A0
:101A24009747000023840770B2402244410182801A
:101A34008D47631EF500938781BA9C43B7068000E7
:101A44009843558F98C3D857719BD8D76DBF854796
:101A5400E31BF5FA5447F977FD17F58F5CC70F10B0
:101A640000001C40096798C7130700F817460000D8
:101A7400230EE66A138781BA1043184231830D8B13
:101A840011E713076019F8D3D4C7B5BF1842094644
:101A940031830D8B6315C7001307E043EDB71307BC
:101AA400E01BD5B7FC52ADF741B75D71A2C4A6C225
:101AB4002A84130680022800AE849305100886C683
:101AC400CAC04EDE52DCEFF06FEA354597A001E064
:101AD400E780C090138381BA832703009376F41FB1
:101AE400138EC1BB23A40700984B938E41BB370FC1
:101AF400FCFF1367F70398CBF84F130510F8B702F0
:101B04000400137707E0558FF8CF9843F576FD1658
:101B1400758F98C39843B7063300930380251377D2
:101B2400F7E798C3984311497D1F1377F7E71367C5
:101B3400071098C303270E008549930F80021C47A2
:101B4400D58F1CC783A70E001307900D3400B8CBA4
:101B5400014793553700A69583C705001376770090
:101B6400B3D7C740858BE1C38327030083280E00C6
:101B7400239C07042390070603A8C8021378D8FF00
:101B840023A6080383A807001378F70793F808F837
:101B940033E8080123A0070103A84702336858006B
:101BA40023A2070383A80E00014823A2780603DAC0
:101BB40007066307480303A80703038A06001358AC
:101BC400F80062081358884163580A0103A8070300
:101BD4001358F8002380060103D807061378F80F7A
:101BE40003AA480663060A0003DA8705E37F49FB74
:101BF40003A847023378E80123A20703838706007A
:101C0400635CF40003C805003396C9001346F6FF6D
:101C1400337606012380C5003E8663D3A7002A8657
:101C240013158601618505071377F70F8506E312FF
:101C3400F7F3B640264496440649F259625A616164
:101C44008280938641BB9C42D84713161701635583
:101C54000602984713161701635006027D57B8D73A
:101C64001747000013074730584F05071746000071
:101C7400232AE630116798C798470D83058B1DCB3F
:101C8400174700000347674A136717001746000009
:101C9400230DE648130700F8174600002308E6481A
:101CA400214798C7138781BA10435856719B13670D
:101CB400170058D69847058B0DC7174700000347F0
:101CC400B7461367170017460000A30FE6440547FD
:101CD40098C7138781BA10435856719B136717002E
:101CE40058D698470983058B09E798470583058BE0
:101CF40021CF98471746000013060643138581BA7F
:101D04000983058B630307101841184331830D8B36
:101D140075EBAC4B184E93F5050203471700CDCD78
:101D240079EF13077006D8CF03470600136717002F
:101D340017460000230AE63E114798C718415C572E
:101D4400F19B93E717005CD79C42984793163701A1
:101D540063D606029746000083C6C650C18A174759
:101D640000001307A748C5CE034787071367070278
:101D7400974600002388E64E056798C79847931650
:101D8400270163D10602174700000347273A620779
:101D94006187635707000547974600002388E638A4
:101DA400096798C798479316070163D606029746B2
:101DB400000083C6364B858A174700001307074384
:101DC400ADCE034797071367270097460000A38B00
:101DD400E648216798C7828029D785456315B700EF
:101DE4001307B00689B789456315B7001307F006D2
:101DF4001DBF8D456315B700130730072DB71307B3
:101E0400500715B71307600739BF03473600136738
:101E1400170017460000A30AE630094739BF834676
:101E240087070946BD8A6388C600034787078D462E
:101E34003D8BE313D7F4114725BF83469707918A57
:101E4400C9DA034797071367870041B7397106DE7C
:101E540016DC1ADA1ED82AD62ED432D236D03ACE8E
:101E64003ECC42CA46C872C676C47AC27EC0D13B52
:101E7400F250E2525253C2533255A2551256825670
:101E84007247E2475248C248324EA24E124F824F26
:101E9400216173002030174700001307A72A8346E7
:101EA400B7019747000083C7B72C4C4BB697FD8BFF
:101EB40033D7F50097460000A386F628974600001E
:101EC400A388F62A058B15EF174700000347972AC6
:101ED400B3F7E702814601471305000233D6E50054
:101EE400058A1378F70F19CA6397D700974700003C
:101EF400A38A07258280850693F6F60F0507E31F5C
:101F0400A7FC82809747000083C75722D9E79387AD
:101F1400C1AD9C43411122C426C206C6829797478D
:101F24000000938727248047BE846303A406636864
:101F34008504018D135455009747000083C7272259
:101F44006368F404893F98449747000083C72721B6
:101F54009396570036971D8C9746000023A8E620D9
:101F6400E372F4FE2244B240924417450000034554
:101F7400751D8145410117A301E06700838D9747D3
:101F840000009387A702DC433384874022955DB722
:101F9400B240224492444101828082809387C1AD41
:101FA4009C43011122CC4AC806CE26CA4EC682974B
:101FB400974700009387071B804701496301A406E4
:101FC400BE8463668506018D13545500974700004F
:101FD40083C7E7181379F5016360F4049749000097
:101FE4009389C9FC4D3D03A884009746000083C62D
:101FF4000617139756004297158C3A8683A5490015
:10200400636407016364B7003306B7409747000071
:1020140023AEC714E378D4FC160433692401F240D8
:1020240062444A85D2444249B24905618280974755
:1020340000009387A7F7DC4333848740229569B770
:10204400938741BB98438567938707777CD39387AE
:10205400C1BB9C4383A60709139656006358060028
:1020640083A6070913966600634406007453FDF2C1
:10207400828061C1AA870145DDCD8D07C207C18376
:10208400F19BC207C18313074003636BF7021387F5
:1020940041C408431387C1C314436396A602174778
:1020A40000001307A7E8185B014551C74111C20797
:1020B40006C60545DD8D0297B24001454101828087
:1020C400138701C4F9B70357650035E30357450087
:1020D400636FF704B306F7402146637CD6020328F6
:1020E4000500938687001D8FAA9661171746000086
:1020F4000356E6E72392E60023A006012393060095
:1021040014C12312F500130786FF9746000023909D
:10211400E6E62313B5009745000083D545E5B3876C
:10212400F540174700002314F7E421058280084195
:10213400ADB701458280828009CD938741C403A352
:1021440007009387C1C383A8070081469A8763E386
:102154001701828003A807006369F50A6367A80A68
:1021640013878700E367E5FE03D667002167050749
:102174006317E60003C7C1B70507238EE1B6974589
:102184000000938565DE03D6470003D765002393DB
:102194000700329742074183174500002319E5DC05
:1021A40063886702138501C408416303F50203D5FC
:1021B400660019ED83D7460023A0060121073E9649
:1021C40021062392C600974700002392E7DAB687D8
:1021D4009843E30017F9938601C49442E30BD7F6BE
:1021E40083566700BDF683D647000356470018435D
:1021F400A106B2962392D70098C383D76500A1079E
:10220400174700002315F7D68280BE86C28781B7A0
:102214000327851163020712411122C406C68347AE
:10222400C5008345E5042A8493F7C70F2306F50008
:10223400834697000356C70013958601618563F2B0
:10224400C508635B05060345870093F6F607A304F8
:10225400D700054693E627006314C50093E61700EC
:102264002306D4005C4389075CC3A30AB400032596
:1022740004112E864C430905EFE0DFEB832784111C
:1022840003465401D44303D7C700B296118FD4C375
:102294002396E7008947A30DF40003476403974797
:1022A400000083C7C7C96378F7048347C40093E772
:1022B40007012306F40081A093E717002306F40026
:1022C4006DB79376F60F635D050203458700854578
:1022D40013E627006314B50013E617002306C400B1
:1022E400A30AD400A30407008547A30DF4008327A1
:1022F40084119C43DDF3B2402244014541018280B4
:1023040093E717002306F400A30AD400A3040700EC
:10231400032504114C430905EFE0DFE18327841111
:1023240003465401D44303D7C700B296118FD4C3D4
:102334002396E7008D4755BF05458280938741C5A5
:102344009C43411122C406C6858B2A84C5EF41658E
:10235400130525F5975002E0E78060E745C58347FC
:10236400A5002315F50083270412BDE72320A4123A
:102374002322A41285472311F40423200500834754
:10238400640154412316F5000347D4002304E500F7
:102394000547A304E500174700001307E7D8184FC3
:1023A4001385170215811C437D151375F50F9CC207
:1023B4005C43DCC21C479CC65C47DCC61C4B9CCA05
:1023C4005C4BDCCA1C4F9CCE5C4FDCCE19CD938693
:1023D400060213070702C1BF8327441288C3835729
:1023E40024042322A412850779B79747000083D7D2
:1023F40067E0850717470000231EF7DEB24022443A
:10240400410182808347C40023090400054593C722
:1024140047002306F400DDB78347850193F7E70FF0
:10242400C5EF83479501CDEB034625018346C500DF
:1024340009CA8345650317470000034757B063E79C
:10244400E50013F7060151CB014709C6C18A0357BA
:10245400651C81C68356A51C369741C31307C71252
:1024640017450000035505B5B335A70237460F00DD
:10247400411113060624814622C426C206C67D5491
:102484003305A702978002E0E78060E697470000E3
:1024940083C757ABB384A70097470000938707D53A
:1024A40003A787098327070963F387003E8418433A
:1024B40075FB9387C1AD9C43829781476364A400F5
:1024C400B307A440B2402244B3B7970093C71700A0
:1024D40092443E854101828081473E858280938774
:1024E40041BB98437C53FDFF8280797126D206D686
:1024F40022D44AD04ECE52CC56CA5AC85EC683475E
:10250400550303447513AA843E941374F40F93077C
:10251400400263F687001304B4FD1374F40F03AA96
:10252400841383AAC413A38B841222865285D6856E
:10253400978002E0E78060D6058915E503CBD412C5
:1025440001498149337B6403930B50024A865285C7
:10255400D685978002E0E78040D4058915C563914C
:1025640069031374F90F238B8412B25022549254CA
:102574000259F249624AD24A424BB24B45618280C7
:102584008509E20993D989410509E31179FDE1BF80
:102594008327850903560504797193D60701BD8EF7
:1025A400C206C182358E1357764093575640898BA5
:1025B400058B5D8F93573640918B5D8F93571640F3
:1025C400A18B5D8F93171600C18B5D8F9317360017
:1025D40093F707025D8F931756009355860093F780
:1025E40007041E065D8F1376F60F518F93D755405F
:1025F40013D63540118A898BD18F13D67540D18F6C
:1026040013D61540218AD18F13961500418AD18F94
:102614001396350013760602D18F13965500137660
:1026240006049E05D18F93F5F50FCD8FA20745467D
:102634005D8F3307C70222D42A8426D252CC56CACD
:10264400032A8413832AC4135AC806D6369742072A
:10265400418393577740135557400989858BC98F18
:10266400135537401189C98F135517402189C98FD4
:10267400131517004189C98F131537001375050207
:10268400C98F1315570093558700137505041E074A
:10269400C98F1377F70FD98F13D5354013D755400A
:1026A4001189098B498F13D57540498F13D515406E
:1026B4002189498F139515004189498F1395350058
:1026C40013750502498F13955500137505049E056E
:1026D400498F93F5F50F4D8F2207D98FB387C70222
:1026E4004AD04ECE5EC662C4B697C207C18313D722
:1026F400774013D557400989058B498F13D5374047
:102704001189498F13D517402189498F13951700D3
:102714004189498F1395370013750502498F139525
:10272400570093D58700137505049E07498F93F7C7
:10273400F70FD98F13D5354013D755401189098B1D
:10274400498F13D57540498F13D515402189498F79
:10275400139515004189498F1395350013750502AA
:10276400498F13955500137505049E05498F93F5FC
:10277400F50F4D8F2207D98FB387C7021306500276
:102784005285D685B697BD8E93940601C18033F6E3
:10279400C402137BF60F978002E0E78000B005893E
:1027A4000DED8347D41201498149B3849702130C78
:1027B4005002C1804A865285D685978002E0E78020
:1027C400C0AD0589937BF90F11C563863403850970
:1027D40093F9F90F0509E31F89FD230B6413B25024
:1027E400225492540259F249624AD24A424BB24BA1
:1027F400224C456182805E8BCDB7797122D406D696
:1028040083C735002E8423160100A307F10083C774
:102814004500100802C02307F10083C755008A85CC
:1028240002C2A306F10002C402C802CA02CC02CE4C
:10283400EFE0FFDA0347F101834704000145631029
:10284400F7020347E1018347140001456319F700C8
:102854000345D101834724001D8D13351500B25063
:10286400225445618280011197470000938707989D
:1028740022CC03A4870C26CA4AC84EC606CEAA8414
:1028840013092500854915C083C714000347340084
:10289400858B6304F700405CFDB71946930544003B
:1028A4004A85EFE03F92E31835FF2285F240624407
:1028B400D2444249B24905618280411197470000E0
:1028C4009387C79222C403A4870C26C24AC006C6B3
:1028D40093042500054901E82285B240224492442C
:1028E400024941018280A6851305A4023937E30514
:1028F40025FF405CCDB74111974700009387078FB0
:1029040022C403A4870C26C24AC006C69304250029
:10291400054901E82285B24022449244024941011A
:102924008280A6851305A401C93DE30525FF405C0B
:04293400CDB700001B
:102938009711002093818117175100201301016C12
:102948001305400097D5FF1F9385456B1706002098
:10295800130606FE63FAC5008322050023A055006E
:1029680011059105E3EAC5FE17B502001305C5C6B2
:10297800970500209385C5FB17160020130686B01F
:1029880063FAC5008322050023A0550011059105AF
:10299800E3EAC5FE1385819D974500209385C59F71
:1029A8006377B500232005001105E36DB5FEFD42F0
:1029B800739002BC8D42739042809302800873909A
:1029C800023097D2FF1F9382626393E232007390C2
:1029D800523037170040930770052300F704930718
:1029E80080FA2300F7040F1000003C47B70600FAEE
:1029F800E116F58FB70600069506D58F3CC79752A6
:102A080000009382C2DA73901234730020302A8354
:102A180011C62300B3007D16050365FE82802A8354
:102A280009CA83830500230073007D160503850505
:102A38006DFA828015C22A8385466367B500FD5604
:102A48001307F6FF3A93BA958383050023007300B2
:102A58007D163693B6956DFA8280B717004003C786
:102A680077051A0592051377E70F4D8DA38BE704B9
:102A780013653500B7170040A38CA7048280B717E9
:102A8800004003C777051377E70FA38BE704B71751
:102A98000040130700F8A38DE7043D47238CE704A3
:102AA80013075003A38CE7048280B717004093876D
:102AB800A70505472380E70003C70700058B6DFFBF
:102AC800B717004003D5C705520551818280B71753
:102AD800004083C7E704120593F7F70833E7A70018
:102AE800F3270080A18B9386819D81CBF3270080FB
:102AF8009CC29C42DD9B739007800F100000B717A3
:102B0800004093870704130670052380C700130647
:102B180080FA2380C7000F100000371600402307F3
:102B2800E60423800700732700809C42A18BD98F7D
:102B38007390078023AC019C0F1000008280B717A8
:102B4800004083C7E7020D8993F7C70F33E7A70053
:102B5800F3270080A18B9386819D81CBF32700808A
:102B68009CC29C42DD9B739007800F100000B71732
:102B7800004093870704130670052380C7001306D7
:102B880080FA2380C7000F10000037160040230783
:102B9800E60223800700732700809C42A18BD98F0F
:102BA8007390078023AC019C0F10000082804111B4
:102BB8002A838148130F407E130E0019930F400695
:102BC8001318030113580801636E0F15337EC503EC
:102BD800854E0D4FA14FFD4263EBBE167D16B29890
:102BE8007946C20893D808013307C70213D61700DD
:102BF800858BBE0732976146B3F6C602130680700E
:102C0800B386C60236974207D98F37170040130795
:102C1800F7028346070093F60608A307D100034688
:102C2800F1008346070093F60608E314D6FE03472F
:102C3800F10009EB371700401307F7028346F1004C
:102C480063860614F3260080A18A1387819D639EFC
:102C580006140F100000B7160040938606041306EA
:102C680070052380C600130680FA2380C6000F1063
:102C7800000037160040232A1603B715004003C585
:102C8800150313064603136505F8A388A5022380D8
:102C98000600F32500801443A18ACD8E7390068028
:102CA80023AC019C0F100000B71500409385C503A5
:102CB80014428841A98E139526017DF9F3260080D8
:102CC800A18A81CAF326008014C31443DD9A739045
:102CD80006800F100000B7160040938606041306FE
:102CE80070052380C600130680FA2380C6000F10E3
:102CF8000000371600405CDAB287034616031366F5
:102D08000604A388C70223800600F32600801C431C
:102D1800A18BD58F7390078023AC019C0F10000006
:102D2800410182807D13B36EC3031308E016638EDE
:102D38000E00B36EF3031308D01663880E001378E1
:102D48003300133818001308D816C29895BD639637
:102D5800E5030548630D0E0013034006337365024F
:102D6800014863060300137835001338180071080A
:102D7800FD15C205C298C18185B513F315003388C6
:102D88006240E3F7BFFE1308E301DDB7834607009F
:102D980093F60608A307D1000346F100834607000F
:102DA80093F60608E314D6FE51BDF326008014C33B
:102DB8001443DD9A7390068069BD5971DAC886D6C6
:102DC800A2D4A6D2CAD0CECED2CCD6CADEC6E2C44F
:102DD800E6C2EAC06EDE2A8B02D6EF1040037327E4
:102DE8000080218B938C819D11CB7327008023A0B9
:102DF800EC0003A70C005D9B731007800F10000008
:102E0800B716004093860604130770052380E60072
:102E1800130780FA2380E6000F10000037170040E0
:102E28000346F7021376760FA307C7020346F70295
:102E380013668600A307C70223800600F3260080D6
:102E480003A70C00218B558F7310078023AC019CBE
:102E58000F10000073270080218B11CB732700808F
:102E680023A0EC0003A70C005D9B731007800F10D4
:102E78000000B716004093860604130770052380E8
:102E8800E600130780FA2380E6000F1000003717CA
:102E980000400346E7021376C60F2307C70203461E
:102EA800E702136616002307C70223800600F326ED
:102EB800008003A70C00218B558F7310078023AC6B
:102EC800019C0F1000001167130707E8B347E502DC
:102ED800130780C113095002BD66938606A6130620
:102EE80060FB0544331464010D84814481493347F0
:102EF800E5023EC6330927033349D9023306C70220
:102F0800B30720413ECC3307E040B347D602B7466B
:102F18000F00938606243EC8B347D5023304E40263
:102F2800130760553ECA3304E40273270080218BDF
:102F380011CB7327008023A0EC0003A70C005D9B36
:102F4800731007800F100000371D0040130D0D048B
:102F5800930A700523005D01130A80FA23004D01CE
:102F68000F100000B71D004003C63D05938D3D05B9
:102F78001376860F2380CD0003C60D001366160056
:102F88002380CD0023000D00F325008003A60C004C
:102F9800218A4D8E7310068023AC019C0F1000000F
:102FA800916B138CFBFF73260080218A11CA73264C
:102FB800008023A0CC0003A60C005D9A7310068045
:102FC8000F100000930770052300FD0023004D013A
:102FD8000F10000003C60D006175136606022380FA
:102FE800CD003716004083550605B3E57501231853
:102FF800B60483550605C98D2318B60423000D00B1
:10300800F325008003A60C00218A4D8E73100680DC
:1030180023AC019C0F10000003C60D0013760602B6
:103028006306064803C60D00218A6DDE6810EF00AE
:10303800F06173260080218A11CA7326008023A0BC
:10304800CC0003A60C005D9A731006800F100000D8
:1030580023005D0123004D010F10000003C60D0081
:1030680061751376F60D2380CD0003C60D00136637
:1030780006022380CD003716004083550605B3E5C8
:1030880075012318B60483550605C98D2318B6049F
:1030980023000D00F325008003A60C00218A4D8E25
:1030A8007310068023AC019C0F10000003C60D00AE
:1030B800137606026308064203C60D00218A6DFED8
:1030C80097D0FF1FE780A0FC2ACE97D0FF1FE7808C
:1030D80000FCF247E30BF5FE371600408355060562
:1030E8003255B3E575012318B604EF00305803C60E
:1030F8000D00218A6DDE37160040B71500400356D3
:10310800060583C52505B24733768601B385850351
:103118002E961D8E6355C900E2476341F6408945E6
:1031280063F0354173270080218B11CB7327008012
:1031380023A0EC0003A70C005D9B731007800F1001
:103148000000B71600409386060493057005238097
:10315800B600130580FA2380A6000F100000371769
:10316800004003463705130737051376860F2300FB
:10317800C700034607003366CB002300C70023803F
:1031880006007328008003A60C00218A3366060116
:103198007310068023AC019C0F1000000346070043
:1031A8001D8A631A663F73270080218B11CB732712
:1031B800008023A0EC0003A70C005D9B7310078020
:1031C8000F100000B716004093860604930570059B
:1031D8002380B600130580FA2380A6000F10000094
:1031E80037170040034637059168130737051376EC
:1031F800F60D2300C70003460700136606022300E6
:10320800C70037160040035806053368180123180D
:10321800060503580605E1783368180123180605E2
:10322800238006007328008003A60C00218A3366D9
:1032380006017310068023AC019C0F1000000346A2
:10324800070013760602630E0636B716004093860B
:10325800360503C70600218B6DDF6810EF00103FAD
:1032680073270080218B11CB7327008023A0EC00EB
:1032780003A70C005D9B731007800F100000B716A2
:10328800004093860604930570052380B600130555
:1032980080FA2380A6000F1000003717004003466D
:1032A80037059168130737051376F60D2300C70015
:1032B80003460700136606022300C70037160040BE
:1032C8000358060533681801231806050358060530
:1032D800E17833681801231806052380060073284F
:1032E800008003A60C00218A33660601731006804D
:1032F80023AC019C0F10000003460700137606025A
:10330800630D062EB71600409386360503C70600E0
:10331800218B6DFF97D0FF1FE78060D72A8A97D04F
:10332800FF1FE780C0D6E30C45FF371700408356E0
:10333800070511663255D18E2318D704EF001033D4
:10334800B71600409386360503C70600218B6DDF4C
:10335800F3260080A18A1387819D81CAF326008005
:1033680014C31443DD9A739006800F100000B7163B
:10337800004093860604130670052380C6001306D2
:1033880080FA2380C6000F100000371600408345DE
:10339800360593F5F50DA309B604238006007326B8
:1033A80000801443A18AD18E7390068023AC019CBF
:1033B8000F100000B716004083D5060503C6260582
:1033C8009166FD16F58DB306D602D2471306001096
:1033D800B6958566938606FAB3966601B386F602B5
:1033E800B3C6C6021306800C8E06958DBD669386FD
:1033F80006A6B346D4023386C5023346D6028946AA
:103408006359B0220506B346D602371600401306A4
:10341800C6026352D022035606009305F00F1582A8
:10342800369663DEC52C894663F39626F32700801B
:10343800A18B81CBF32700801CC31C43DD9B7390B9
:1034480007800F100000B717004093870704930602
:1034580070052380D700930680FA2380D7000F10C9
:103468000000B716004003D6C602896581154D8E47
:103478002396C60223800700F32600801C43A18BF5
:10348800D58F7390078023AC019C0F100000B650B5
:10349800265496540659F649664AD64A464BB64BC0
:1034A800264C964C064DF25D65618280732600803D
:1034B800218A11CA7326008023A0CC0003A60C0021
:1034C8005D9A731006800F10000023005D01230031
:1034D8004D010F10000003C60D001366060223807D
:1034E800CD0029BE73260080218A11CA7326008068
:1034F80023A0CC0003A60C005D9A731006800F1061
:10350800000023005D0123004D010F10000003C6D9
:103518000D00136606022380CD009DBEE39409C00A
:10352800C247850993151600B3C5F50293F9F90F3B
:1035380009456350C006850533C6A502F3250080FA
:10354800A18991C9F325008023A0BC0083A50C00A4
:10355800DD99739005800F10000023005D012300A2
:103568004D010F100000B715004003D5C5022A967B
:103578002396C50223000D00F325008003A60C0046
:10358800218A4D8E7310068023AC019C0F10000019
:1035980019BCFD1555B773260080218A11CA7326F8
:1035A800008023A0CC0003A60C005D9A731006804F
:1035B8000F1000002380B6002380A6000F10000023
:1035C8004DBE73260080218A11CA7326008023A06D
:1035D800CC0003A60C005D9A731006800F10000043
:1035E8002380B6002380A6000F10000003460700C2
:1035F800136606022300C70025B173260080218ABE
:1036080011CA7326008023A0CC0003A60C005D9A83
:10361800731006800F1000002380B6002380A600D8
:103628000F10000003460700136606022300C700B8
:103638006DB17D16C9BBE1C603560600B305D0407F
:103648001582635EB60A894663F39604F327008001
:10365800A18B81CBF32700801CC31C43DD9B739097
:1036680007800F100000B7170040938707049306E0
:1036780070052380D700930680FA2380D7000F10A7
:103688000000B716004003D6C6027D8AD5B3F326DC
:103698000080A18A81CAF326008014C31443DD9AEE
:1036A800739006800F100000B7160040938606043A
:1036B800130670052380C600130680FA2380C6000F
:1036C8000F100000B715004003D6C50205650115A7
:1036D8001376F60F498E2396C50223800600F3263B
:1036E80000801843218B558F7310078023AC019CF1
:1036F8000F100000850493F4F40F6FF01F83F32775
:103708000080A18B81CBF32700801CC31C43DD9B69
:10371800739007800F100000B717004093870704C5
:10372800130670052380C700130680FA2380C7009C
:103738000F100000371600408355C6029606AE9655
:103748002316D60205BB914763E6B70697870200A2
:10375800938747588A05BE9598413E97B71700400A
:103768009387470B028798431345F5FF698F98C3E2
:10377800B71700409387070B9843698F98C3B7170B
:1037880000409387070A9843798D88C382809443C1
:103798001347F5FFF98E94C3B71700409387070BBB
:1037A8009443C98E94C3B71700409387070A94437C
:1037B800758F98C382809843498F98C3B717004084
:1037C8009387070B98431345F5FF45BF9443134769
:1037D800F5FF758F98C3B71700409387070A98437A
:1037E800498FC1BF9843498FF5B7914763E6B7063C
:1037F800978702009387474F8A05BE9598413E9761
:10380800B71700409387470D028798431345F5FF84
:10381800698F98C3B71700409387070D9843698F3E
:1038280098C3B71700409387070C9843798D88C3CE
:10383800828094431347F5FFF98E94C3B71700406D
:103848009387070D9443C98E94C3B7170040938795
:10385800070C9443758F98C382809843498F98C307
:10386800B71700409387070D98431345F5FF45BFE9
:1038780094431347F5FF758F98C3B7170040938794
:10388800070C9843498FC1BF9843498FF5B7131761
:10389800050189474183638FF50463E6B702B717CB
:1038A8000040938747091346F7FF9DE983D6070031
:1038B800F18E2390D700B71700409387C70A944327
:1038C800C98E94C321A08D47638EF502B7170040B7
:1038D800239EE70883D60709558F2398E708828037
:1038E80083D60700F18E2390D700B717004093873F
:1038F800870AF1B7B717004083D64709D98E239AAC
:10390800D70855BFB717004083D64709D98E239AE1
:10391800D708E1BFB757004003D7078093870780D0
:1039280011C5136717002390E7008280C166F91656
:10393800758FD5BFB757004003D707809387078097
:1039480011C5136707102390E7008280C16693862C
:10395800F6EF758FCDBFB757004003D70780938721
:10396800078011C5136707202390E7008280C1668E
:103978009386F6DF758FCDBFB75700402398A78091
:1039880082809377E50F99C19367150037570040F8
:103998002318F7808280B757004003D707809387A2
:1039A800078011C5E176558F2390E700828046078E
:1039B8004583DDBF797122D43754004026D2AA84CA
:1039C8000355048061782ECE3365050132CC36CAA2
:1039D8003AC83EC606D62310A48001456D3F052986
:1039E800035844804163130303FC337868002312AF
:1039F800048137480F00130808243358050303537C
:103A08004480F245B2474247D246624633630301D7
:103A1800231264808358048041637913B3F86800E3
:103A280023101481E1689388086A63E2B808860560
:103A3800B355B502114613D525001375F53F01C5D9
:103A480005667D166D8E05089305F00363F3050181
:103A58002E88B755004023900583B7550040239E14
:103A6800C5802E8683D505804165130555BF93E52E
:103A780015002310B68083550680B2502254E98D74
:103A88002310B68083550680D58DC58D2310B6804A
:103A9800B756004003D686802394068003D68680D6
:103AA80092545D8E598E2394C680456182808568C4
:103AB80015EA0D463386C502FD183356C502B3759F
:103AC80016012E86C205C18191E10546E1754D8E2C
:103AD8009305C0123308B8029305803E3358B802E4
:103AE800050885BF6546B385C502FD183356B5027E
:103AF8009165337616014D8ED1BFB757004003D775
:103B0800478183D78781C207D98FE98FA207A1830D
:103B18003385A740133515008280411102C4B75779
:103B2800004002C6938707803EC69357C5013EC42E
:103B3800224722059357850019CB324751073AC6C9
:103B48003247084341017D8D3335A00082803247DA
:103B5800C1836107EDB7411122C4B717004006C6FB
:103B680003C7270283D707021384819D3DE593F796
:103B7800F79FF3260080A18A81CAF326008014C02B
:103B88001440DD9A739006800F100000B7160040AD
:103B980093860604130670052380C600130680FA70
:103BA8002380C6000F100000371600401377F70770
:103BB8002301E6022310F602238006007327008003
:103BC8001C40A18BD98F7390078023AC019C0F10E8
:103BD8000000B240224441018280136707F893E74E
:103BE8000740F3260080A18A81CAF326008014C00A
:103BF8001440DD9A739006800F100000B71600403D
:103C080093860604130670052380C600130680FAFF
:103C18002380C6000F100000371600402301E6027B
:103C28002310F60223800600732700801C40A18B16
:103C3800D98F7390078023AC019C0F100000294591
:103C480097D0FF1FE7802005F3270080A18B81CB49
:103C5800F32700801CC01C40DD9B739007800F1069
:103C68000000B717004093870704130770052380E7
:103C7800E700130780FA2380E7000F1000003717CA
:103C880000408356070293E606202310D7022380BC
:103C980007002DB79387819D3DE173270080218B15
:103CA80001CB7327008098C398435D9B73100780EE
:103CB8000F1000003717004013070704930670051C
:103CC8002300D700930680FA2300D7000F100000C6
:103CD800B716004003C6E60093C5F5FF6D8E23872F
:103CE800C60023000700732700809C43A18BD98F4F
:103CF8007390078023AC019C0F100000828093060C
:103D0800F6FFB336D00073270080218B01CB7327D1
:103D1800008098C398435D9B731007800F100000C4
:103D28003717004013070704130670052300C70060
:103D3800130680FA2300C7000F1000003715004053
:103D48000346E5004D8E136606042307C5002300CD
:103D58000700732600809843218B518F73100780CA
:103D680023AC019C0F10000073270080218B01CB2E
:103D78007327008098C398435D9B731007800F10CA
:103D880000003717004013070704130670052300C7
:103D9800C700130680FA2300C7000F10000037166B
:103DA80000408345F60093F5C50FA307B60023002E
:103DB8000700732600809843218B518F731007806A
:103DC80023AC019C0F10000073270080218B01CBCE
:103DD8007327008098C398435D9B731007800F106A
:103DE8000000371700401307070413067005230067
:103DF800C700130680FA2300C7000F10000037160B
:103E080000408345F600CD8EA307D600D9BDB7176D
:103E1800004003D787009317070113770704C1836E
:103E280009EBFD8B3755E801130505803345F5028D
:103E38008280216513F7070C93060004130505D04B
:103E4800E318D7FEFD8B37459C1CF9BF37E700E028
:103E58001C435443A183E206D58F1CC1FD57232080
:103E6800F7182322F7180F10000082801317850017
:103E7800B7E700E023A0E710618123A2A7108280A2
:103E8800B7F700E08847CC47828017F7FF1F130772
:103E9800E741AA87084397460020938626F6AA9703
:103EA80063EAF600972600209386064F63E4D7005E
:103EB8001CC382807D55828037870040230007001D
:103EC8009307C0FC2306F700A306F70083A6819E8C
:103ED800C9473A862318D70083A6419E231AD700DC
:103EE80083A6019E231CD70083A6C19D231ED7004D
:103EF80089462301D7022303F7022305F702230784
:103F0800F7022309D702A3010700930790022300B1
:103F1800F700B717004003D7A7011367070C239DC5
:103F2800E7007D572303E600130710F8A300E60017
:103F38001D472301E6008280B78700402382A7023D
:103F480003C767021377C70F2383E702828083A71B
:103F5800019F91C7411106C68297B24041016F3057
:103F680060232D452DE7DC41011122CC06CE03C785
:103F7800070083C717003284A207D98F0D6713077C
:103F880097A16396E70236C6D93783C76180B246E0
:103F98006375F5002383A180AA8705472390E6006F
:103FA8002300F4000145F2406244056182800D67F8
:103FB800130787902945E398E7FECC4509462390E7
:103FC800C600228597D0FF1FE7808016E1BF828058
:103FD800DC41411122C406C626C203C8070083C7B4
:103FE80017002944A207B3E707010D6813082890B2
:103FF800639607038547B284EFC010022A8419ED3F
:1040080003A7419F01CF83C7140083C60400A207FA
:10401800D58F93B71700138517000297B2402285F2
:10402800224492444101828083474500858BBDC369
:10403800011122CC2A84035525009385C1C706CED9
:10404800EFC04078058939C10355240001478146EE
:104058000546ED45EFC060312AC60DC997F7FF1F29
:1040680083D7679001462C002314F1008547231558
:10407800F10083C761802300F50003552400EFD0C9
:10408800405109C5ED452800EFC0E045F2406244C3
:10409800056182808280416541119385C1C77D1584
:1040A80006C6EFE0803EB24097F6FF1F938646882B
:1040B8004146954517F5FF1F1305458841016FE0F7
:1040C800E03123AAA19E828085476316F5028347C3
:1040D80006002386F19E03C761806370F7024111D1
:1040E80017050000130585F406C6EF004174B240B9
:1040F80001454101828009458280014582808947C6
:104108006303F50263E9A70001ED83C7618023809B
:10411800F500014582800D47630EE5003E858280EB
:1041280083C7C19EEDB797F7FF1F83D7C781239039
:10413800F500C5B797F7FF1F83D787172392F500B8
:1041480097F7FF1F83D727822390F50097F7FF1F64
:1041580083D767822391F50085472383F50055BFF0
:10416800411106C6ED3383C76180637AF500238366
:10417800A18017050000130565EBEF00416BB24005
:1041880001454101828041677917630CE5024111BD
:1041980022C42E8706C685452A84631AB70022855D
:1041A8002244B2409385C1C741016FE0002E894780
:1041B8006315F700EF0021627DD1B240224441012E
:1041C800828082803285D041411106C6834506002F
:1041D800034616000D681308A8A222064D8E9315F3
:1041E8000601C1856349B8020D68130828A26359FE
:1041F800B802F5759385C55D2E96420641829945AC
:1042080063E4C50297850200938545AF0A062E969A
:1042180010422E9602860D66130606A56385C51004
:1042280023900600A94525A01D46B2856361E602D4
:104238002146198E63F3C7003E862390C6009385F6
:10424800819FBA9597D0FF1FE78080EE8145B240E5
:104258002E854101828011469D45E36AE6FE15469A
:10426800198E63F3C7003E862390C6009385C18EDE
:10427800C9BF21469D45E36CE6FC2546198E63F3CC
:10428800C7003E862390C60097F5FF1F9385C58318
:104298004DBF11469D45E36CE6FA1546198E63F34A
:1042A800C7003E862390C6009385418E59BF1146AC
:1042B8009D45E36EE6F81546198E63F3C7003E8602
:1042C8002390C6009385C18DADBF11469D45E3601F
:1042D800E6F81546198E63F3C7003E862390C6009C
:1042E8009385418DB9BF29469D45E362E6F62D4683
:1042F800198E63F3C7003E862390C6009785020097
:10430800938585A23DBF35469D45E362E6F439466F
:10431800198E63F3C7003E862390C6009785020076
:104328009385859F39BF1D461948B285E361E8F238
:10433800198E63F3C7003E862390C60097F5FF1FCA
:10434800938545F7FDBD4111AA851D4617F5FF1F49
:10435800130545F606C6EFE08FECB24041018280B6
:1043680097E6FF1F938686624146CD4517E5FF1FF6
:10437800130585626FE08006411122C4416413056C
:10438800F4FF9385C1C906C626C24AC0EFE0E00F14
:104398001305F4FF9385C1C8EFE0200F97E6FF1FD0
:1043A800938646734146E14517E5FF1F130545739C
:1043B800EFE0C00297E4FF1F93848472CC4C2A89F3
:1043C8000945353B83D701821384C1CA03D7C1810C
:1043D8002312F40083D7A40C2316E40003D7A410F7
:1043E8002310F40083D7A40D9385C1CB0D45231169
:1043F800F40085472303F4002314E4002307F400A2
:1044080023150400ED39A2850D454526B240224406
:1044180092444A850249410182808D67938727A388
:1044280035456306F6048D679387D7A46310F604B1
:1044380089476391F502A14763EAD7024111BA851A
:104448003686138541A006C6EFE06FDDB240014510
:10445800410182808D472945639BF5008547354595
:104468006397F600834707002380F1A00145828007
:104478008D67938727A36302F6028D679387D7A476
:104488000145631DF60089476389F5008D476397E9
:10449800F50083C701A02300F70005452390A60077
:1044A80001458280828082800111930500030D45B9
:1044B80006CEEF809066930500051145EF80F06504
:1044C8009305C0030545EF80506585451306F10047
:1044D80013055030A307B100EFD0E15AF24005614F
:1044E8008280011122CC26CA03A4C1A183C481A160
:1044F8004EC606CE4AC8AA8999E0014405A083574A
:10450800040063873701FD1493F4F40F2104EDB719
:1045180003496400EF100053E317A9FEF240228517
:104528006244D2444249B249056182808547AA85DE
:10453800631AF50003C5C1A21166130686A9894549
:104548006F60703B89476316F50003C5C1A26F60B1
:10455800105C828085476398F50019E22382B1A236
:104568002380C1A2828009EAF91599E503D521A221
:104578002382F1A26F00406B828003A741A1AE871E
:1045880001C7184711C3028701116C001305704059
:1045980006CE22CC3E84EFB0714632462285814554
:1045A800EFC02108F240624405618280411193976F
:1045B800050122C406C6C1872E8463DF070003C530
:1045C800C1A2EF60606A19C1EF60E0622165218DC8
:1045D800B24022444101828093F7150085C303C588
:1045E800C1A217E6FF1F1306666897E5FF1F9385AC
:1045F8002567EFD0411F13451400D9BF13F52500D7
:1046080061D9B93E03C5C1A21166130686A98945B9
:10461800EF60702E1345240065BF797126D24ECE07
:1046280056CA06D622D44AD052CC9147AA84AE8A1A
:10463800938981A26314F50483D7A5001306E100CA
:104648008545130550302391F1A2230701002382E9
:1046580001A2EFD0414383A741A191C7DC4781C79D
:10466800D68526858297B250225423A099000259F4
:104678009254F249624AD24A4561828003A70900EE
:10468800E31BF7FC03D521A28545F53C03D521A200
:104698008545FD2303DA21A2C167F917631BFA02D6
:1046A8000545238201A2EF10603A9305E100130546
:1046B800504123070100EFB071348347E100A1E3C3
:1046C80003C701A29147E318F7F8F93B238001A239
:1046D80059B703A9C1A103C481A179D00355290001
:1046E80011C99305E100EFC0407309C54C455285D7
:1046F800EFD0B0597D141374F40F2109F9BF83A7C3
:1047080001A183C74700898BC5DF9305000A0D45C2
:10471800EF80B0409305000A1145EF8010408145B5
:104728000545EF80903F85451306E100130550309D
:104738002307B100EFD0213561B70111170500003B
:10474800130505E706CE22CCEF6050601384C1A2A2
:1047580085451306F1002300A40013054041A30773
:10476800B100EFC0A1127D55EFB070087D55EFD0B4
:10477800B04EFD36EFF03F92BD2917050000130536
:1047880025DBEFF01F9417050000130505D251290A
:10479800034504006244F240854505616F60607E10
:1047A80023AAB1A023A8A1A0828023AEB1A0238C04
:1047B800A1A0828083A781A2397122DC06DE26DAD5
:1047C8004AD84ED652D456D21144639F870A83C71B
:1047D80041A2D5CF03A4C1A183C481A12A8AB289E9
:1047E800B68A81EC5544F25022856254D25442591B
:1047F800B259225A925A21618280834744006387C2
:104808004701FD1493F4F40F2104E1BF83475400DA
:10481800E399B7FE034964002EC6EF10A022B24503
:10482800E311A9FE0355240093056101EFC0E05E82
:1048380055D94C4503D521A2EFB0D07805895DD173
:1048480003D521A2014781464E86ED4583540400D5
:10485800EFB0B0312ACE4D4459D54E86D685231CAB
:104868009100231D310197D0FF1FE780608C03D58D
:1048780021A201462C08EFC0D0512A842DD5ED4540
:104888002808EFB0504685B709476394E7004144CC
:1048980099BF2C0813055041230C0100EFB01116E5
:1048A8008347810185CB930500020D45EF80F026F3
:1048B800930500032285EF80502695450545EF8036
:1048C800D0258545300813055030230CB100EFD0B2
:1048D800811B75BFD13E65BF411122C406C609447C
:1048E80015E12E848DE503A781A291476316F70091
:1048F80003D521A2EFD0814401468145130500412B
:10490800EFB0D178B24022852244410182806144CF
:10491800D5BF011126CABE84DC414AC84EC652C45E
:1049280056C206CE22CC03C417003A8A03C7070032
:1049380022042E89B28AB689598C63020A020D674D
:104948001307B7A4AD476301E408F2406244D244B8
:104958004249B249224A924A3E8505618280F577EA
:104968009387E75DA29799CFF5779387375BA297EF
:1049780091CBF5779387E75CA297C207C183054778
:10498800636FF7020355A900A93E15C583A741A186
:104998002286624403A8070083455500F240D244AA
:1049A8004249224A03454500D6874E87924AB24972
:1049B80085460561028823900900814779B78D678C
:1049C8009387B7A4631FF402EF1040079D47E37E67
:1049D800AAF6EF10A0063305454163C8A400EF10FE
:1049E800E005B3044541C204C1808325C900239072
:1049F80099002686D295568597C0FF1FE780407399
:104A08006DBF8D679387A7A46318F40011468325AB
:104A1800C9002390C900C5B78D6793878790631431
:104A2800F4000946EDB78D679387E7A4631AF4008D
:104A3800DC452390E60083C707002300F600B5BFD6
:104A48008D6793877790E31AF4F6E1BF011106CEDC
:104A580022CC26CA4AC82317D100631D070EDC41A1
:104A68002E89B28403C4170083C60700F577220491
:104A7800558C9387E75CA29791C7F5779387375B47
:104A8800A29795EB0355A900EFF0BFA535CD83A7F5
:104A980041A1834555000345450003A807001307B6
:104AA800E100A687814622860298F2406244D244F9
:104AB8004249056182808D679387C7A46314F40215
:104AC8000357E10085473545E311F7FE83470600A4
:104AD80013050008E36BF7FC03A741A13E85584383
:104AE80002971DA08D6793872790631AF402835657
:104AF800E1008547EFB050524DF90357A90003A5CF
:104B0800C1A183C781A199E3014545B78356250013
:104B18006384E604FD1793F7F70F2105EDB78D675A
:104B28009387E7A4E312F4FE0357E1008547354570
:104B3800E31DF7F68347060013050008E367F7F659
:104B4800D8453335F00009052300F70003A741A134
:104B5800584379B72D4591BF83A741A183C6140057
:104B68008345550003A8070083C70400A206034530
:104B78004500DD8EFD16B336D0000D66A6871307F7
:104B8800E1008906130626900298BDBF0145828080
:104B980025E3DC41AE8803C8070083C71700A207D6
:104BA800B3E707010D681308F8A4639A0703914750
:104BB80035486390F60403A5C800328E4111368645
:104BC800F28506C697C0FF1FE780805683A781A39A
:104BD80005458297B24001484285410182808D682F
:104BE8009388289029486396170185476FB0D0426B
:104BF8002D484285828041654111938541CC7D15C0
:104C080006C6EFD09008B24097E6FF1F9386C60607
:104C18004146994517E5FF1F1305C50641016FD0A9
:104C2800E07B23ACA1A282800111938541CC22CCE8
:104C380006CE2A84EFB0103905891DCD014781467B
:104C48000546ED452285EFB040722AC615C597E79F
:104C5800FF1F83D7C70801462C002314F10085479E
:104C68002315F100230005002285EFC0901209C525
:104C7800ED452800EFB03007F240624405618280BC
:104C880041677917630CE502411122C42E8706C6D5
:104C980085452A84631AB70022852244B240938549
:104CA80041CC41016FD0607E89476315F700EFF072
:104CB80090327DD1B24022444101828082804111EC
:104CC80022C441641305F4FF938541D006C626C269
:104CD8004AC0EFD0807B1305F4FF938541CEEFD017
:104CE800C07A97E6FF1F9386E6FF4146E94517E538
:104CF800FF1F1305E5FFEFD0606E97E4FF1F938455
:104D080024FFCC4C2A890945EFF06FBF9387C183F4
:104D1800138781838346070003C6170003471700DC
:104D2800138441D183C5070083D7A40CA302C40010
:104D3800A306E400A30AC400A30EE40003D6A41348
:104D480003D7A4162310F40083D7A40D03D5A41009
:104D58002318C400231CE40003D6A41403D701833A
:104D68002311F40085472303F4002306D400230706
:104D7800F4002319C400230ED4002302B400231422
:104D8800A400230AB40023150400230B0400231DE8
:104D98000400230F04002312E40203D7A418938508
:104DA800C1D30D452310E4022303F40223110402A6
:104DB800EFF0EFB4A2851D45EFF03F9FB2402244CB
:104DC80092444A85024941018280AE878D65938568
:104DD80025A36307B6048D659385D5A4631AB60425
:104DE8004111BA8506C6094736866390E702C1476E
:104DF800354563E9D700138541CF97C0FF1FE7808A
:104E080020330145B240410182800D472945E39B8B
:104E1800E7FEC1473545E3E7D7FE138541CDF1BF2E
:104E2800854735456398F60083470700238EF1A22E
:104E38000145828082808D67938727A3630AF608DD
:104E48008D679387D7A4631EF608011122CC26CA62
:104E580006CE8947BA8436846393F5024146938522
:104E680041CF3A8597C0FF1FE780802CC1472310A8
:104E7800F400F2406244D2440145056182808D47C6
:104E88006395F5041305F100A3070100EF00D03383
:104E98000346F100C147AA8563F5C702A307F100DD
:104EA8003E86138541CD97C0FF1FE78060280346E3
:104EB800F100938541CD268597C0FF1FE7804027E5
:104EC80011A065F28347F1005DB72390060055B73E
:104ED80083C7C1A32300F70085472390F600014547
:104EE800828023900600E5BF11456FD01FED411168
:104EF80093962500AA852D4506C697C0FF1FE78013
:104F080080ECB240014541018280011122CC26CAC1
:104F1800939625002A84B284AA850146254506CEA3
:104F280036C697C0FF1FE78000EAB2462686A285EC
:104F3800294597C0FF1FE78000E9F2406244D24448
:104F48000145056182800111B717004006CE22CCC9
:104F580026CA4AC84EC603C4770583C9B70503C91C
:104F6800870583C49705EFD09FB1B717004003C7E3
:104F7800A7059387A705136717002380E70003C7D2
:104F88000700058B6DFFB717004003D5C705A38D34
:104F98003705238C2705A38C9704A38B8704F2403D
:104FA8006244D2444249B2490561828041119397D3
:104FB800050126C206C622C4C187AE8463DE070087
:104FC800EF50904A19C1EF5010432165258DB2402A
:104FD800224492444101828093F7150013C51500BD
:104FE800FDF793972501096463D10702EF60E16B30
:104FF800E53D37F60200130606E003C521A4A285A5
:10500800EF60600F33C58400D9B7116433F58500AC
:105018005DDD13060064D5B71D714946977502001A
:10502800938505E717850200130505F686CEA2CC01
:1050380097C0FF1FE780C01811E101A037F700E013
:10504800795610CBFD5654CBB7E700E0056423A092
:1050580087109306F00214C323A087180F100000CE
:105068001306C0038145480897C0FF1FE780C00F9B
:1050780097F7FF1F938707E63ECA896793870780DC
:10508800231CF100B5472304F102A167938707C0E9
:105098003ECEB7070405938707103ED0ED4723128D
:1050A800F10285472303F10297070000938767E41D
:1050B800BEC497070000938787E5BEC6930714D040
:1050C8002315F10297F7FFFF9387C7DB3EDAB7F5A1
:1050D800070097070000938747E73EDE814697075A
:1050E80000009387A7E07000E1051945BEC097C08E
:1050F800FF1FE78040CD19466C001305E102EFD091
:105108001F92D24789C78357810163F3870001A0A3
:105118004808EF60204711C101A0F64066442561A8
:105128008280411117050000130585E806C622C4D0
:10513800EF60C041138421A42300A400192803456B
:1051480004002244B24013060032896541016F50C1
:10515800907A411106C673270080218B9387819D21
:1051680001CB7327008098C398435D9B7310078019
:105178000F10000037170040130707049306700547
:105188002300D700930680FA2300D7000F100000F1
:10519800B716004003C6F6021376A60FA387C60209
:1051A80023000700F32600809843218B558F731046
:1051B800078023AC019C0F10000073270080218B0F
:1051C80001CB7327008098C398435D9B73100780B9
:1051D8000F100000371700401307070493067005E7
:1051E8002300D700930680FA2300D7000F10000091
:1051F800B716004003C6F60213662600A387C60248
:1052080023000700732700809C43A18BD98F7390DC
:10521800078023AC019C0F1000000545EFD03F929A
:10522800E13105461305407E814701478146B28535
:10523800EFD0FF97B240014541016F6020694111ED
:105248009397050122C406C626C24AC0C1872E8488
:1052580063DF0700EF50502119C1EF50D0192165C5
:10526800218DB24022449244024941018280AA849D
:1052780013F515007DD5170500201305A545EF206A
:10528800D0188945170500201305C544EF2030259F
:105298002A89B145170500201305C543EF2030249E
:1052A800631309069707002083C71745054709E5D3
:1052B8001707002003476744B1C329C383C781A4E4
:1052C80095E783D7A1A48507C207C1832395F1A4D5
:1052D8001307301F637CF700854701468145014568
:1052E8002384F1A4239501A4EFF00FDF41468545FF
:1052F8002685EF50506013451400A5B7239501A4E7
:10530800238401A4E5B7854745D54DBF03C7A184CC
:105318009307F00F6312F7024111170500001305F8
:1053280045F206C6EF608022B2402385A18441463B
:10533800854541016F50305C828003D5C1828280EF
:1053480003C531828280A381A1828280138541991D
:1053580082800145828003D58184828003C5F183E0
:105368008280A38FA18282804111CD472306F1005C
:10537800B24517E5FF1F1305A5B44101828041110D
:10538800B5472306F100B24517E5FF1F130505B120
:10539800410182801385C1988280239E01A4238FB6
:1053A80001A4170600201306E63281479385C1A59C
:1053B80051480347660193D6370093F87700AE96B5
:1053C8003317170183C806008507050633671701D9
:1053D8002380E600E39F07FD8D472300F5004CC1BD
:1053E80023040500828003D5E185828003C5F18608
:1053F8008280A387A18682804111D1472306F100CC
:10540800B24517E5FF1F130565AA410182804111C6
:10541800B1472306F100B24517E5FF1F130545A75D
:105428004101828085476304F50035458280014546
:1054380082806FF05FA06FF05F996FF05F886F00F8
:10544800B0446F00B03E6F00B02D011122CC97051B
:105458000020938525282A840A8506CE26CAEF20AF
:1054680090089384C1D541468A852685EFD02FDBE5
:10547800414685472300C4002304F40044C0F24099
:1054880022856244D244056182807971138581FE48
:1054980006D622D4EF50F253B70705031384C1D6BA
:1054A800938727101CC0F177938797412312F40044
:1054B8008D472303F400930715002A86A303F400FD
:1054C8002AC6A547938581FE138551D72304F40086
:1054D800EFD0EFD43246B250228522542506230E4F
:1054E800C100A38FC1A4F2454561828001111385D3
:1054F80081FE06CEEF50F24DF24005052306A100CD
:10550800B245138581FE056182806FE07FF66FE00A
:10551800DFF06FE07FE6239801A41706002013064A
:10552800661B01478146977802009388A8D61D43D9
:10553800154E938E21A5054F4948834746008DC7D0
:10554800B387160183C7070085C39385070293F5C0
:10555800F50F636DB30283C501A5938707F2B317EF
:10556800FF00CD8F2388F1A485060506E39706FD85
:105578009547938601A563D3E702A1472300F50069
:10558800938701A55CC1230405008280E347EEFEF2
:10559800B305D7012380F5000507F9B73306D7000F
:1055A800230106000507C1BF1385C1988280131720
:1055B80085016187FD57635EF7229377F5070145FB
:1055C800638B0722FD1793F7F70F11476365F722DF
:1055D80017770200130787C28A07BA979C43797125
:1055E80006D6BA9722D426D24AD04ECE52CC56CA24
:1055F8005AC88287938701EA0144C14603C78714C2
:1056080009C705048507E31BD4FEBD4426868145EA
:105618001385D1D4EFD0AFBF8D472386F1D419C8F5
:10562800228663F384002686938581FE1385D1D470
:10563800EFD0EFBEC14741A083A701EA35468145B7
:1056480013DB270113D9070113DA370193D4470174
:1056580093DAC70193D987011385F1D4F58313F43D
:105668001700EFD0CFBABD8885472386F1D41379C8
:105678003900137A1A0093B7540093F97900060990
:105688000E0A1387B4FFFD17137B1B00336949010A
:10569800F98F86091204920793FA1A00336969018F
:1056A800B3E989003369F900B3E95901A38621D523
:1056B800238731D58D47B2502254238CF1A49254BC
:1056C8000259F249624AD24A424B054545618280F5
:1056D8008547014463FAC70003C41500CD47137416
:1056E800E40F63F387000144138701EA931744002A
:1056F800BA97130841000147280091468C473306A2
:10570800E80091072300B600CC4B3306E5000507F7
:105718002300B600E314D7FE1D468145138551D5F5
:10572800EFD0EFAE89472386F1D4A38681D483577F
:1057380041002397F1D4835761002398F1D483570C
:1057480081002399F1D48357A100239AF1D4A94762
:105758009DB7280002C423160100EF40A03C23AAED
:1057680001D423AC01D4A24683A701EA23A6D1D44D
:105778008356C10013D7B701E183058B9D8B23980E
:10578800D1D42389E1D4A389F1D46DB513071100CD
:1057980034005000930521000A8523000100A3006E
:1057A8000100231101002312010023140100EF005E
:1057B800307A03440100035A2100835941000359F8
:1057C8008100834411001D468145138551D5EFD0D2
:1057D8000FA49547333480002386F1D4A38681D45F
:1057E800239741D5239831D5239921D5238A91D45C
:1057F800B9BF0145828082806386051C6304051C4D
:10580800011122CC26CA06CEAA842A8603C5050021
:105818002E84EFF0DFD905E5834704001307000263
:10582800638AE70A6364F7060D476385E718636EC2
:10583800F7000547638BE70C09476384E716F240D6
:105848006244D2440145056182801147E399E7FE2D
:105858000A85EF40202D2C000A85EF40602265D193
:105868002146930514003305C100EF50920561F9F4
:10587800138501EA1C4137070008D98F1CC1EF10B6
:105888006013138501EAEF10800955BF1307300232
:10589800638AE7066369F700130710026391E70656
:1058A800EF00703F69BF1307F00FE39AE7F813851D
:1058B80001EAEF102010138501EAEF1040061305E6
:1058C800400697B0FF1FE780E03D97B0FF1FE780D5
:1058D8006028B5B78947014663FC9700F914268606
:1058E800C204C180B94763F397003E8642064182ED
:1058F8000345140093052400EF00B03F89B7EF007B
:10590800304E35BFEF00B0611DBF034714009386CA
:1059180001EA9C423706F8FF7D16218B4207F18F7A
:10592800D98F9CC203471400370610FF7D161183D8
:1059380015073D8B5207F18FD98F9CC2034714007E
:105948003706FDFF7D16198B3E07F18FD98F9CC254
:10595800034714003706FCFF7D16058B4A07F18FB5
:10596800D98F9CC203472400370600F07D16058BAB
:105978007207F18FD98F9CC203472400370600E0D5
:105988007D16418B6607F18FD98F9CC2034724008F
:10599800370600F97D16398B5E07F18FD98F9CC2C7
:1059A80079BD8345140013062400138501EAEF002E
:1059B800B07E71B5414693051400138581FEEF5002
:1059C800A272B5BD3545828083C781A5B9EB0111A7
:1059D80022CC2A84280006CE02C423160100EF40F8
:1059E800601423AA01D423AC01D4A24683A701EAF8
:1059F80023A6D1D48356C10013D7B701E183058B01
:105A08009D8B2398D1D42389E1D4A389F1D401C4EF
:105A1800C1472300F400F24062441385C1D40561F4
:105A2800828019C12300F5001385C1D4828003A5A3
:105A3800C1A4828083A7C1849C43828783A7C18431
:105A4800DC47828783A7C1849C4B828783A7C18454
:105A5800DC4B828783A7C184DC43828783A7C18408
:105A68009C47828783A7C18441119C4F410182874B
:105A780083A7C1844111DC4F4101828783A7C18478
:105A88009C538287411123A6A1A406C68547630FAC
:105A9800F50089476303F502976702009387C77C7F
:105AA80011C9E93FB24041016FE0FF8997670200E1
:105AB8009387C77823A6F184EDB797670200938789
:105AC8002775CDBF83A7C184011106CEDC532AC632
:105AD8008297F24032450561828083A7C1849C5732
:105AE80082878280011122CC06CE1374F5008D477F
:105AF8006309F40491476302F4028547631BF400C9
:105B08002C0013054030EFB051682C002285EF902F
:105B18001016F24062440561828003C7250095474C
:105B2800E319F7FE83D7A500A2856244F24003C5B6
:105B3800C1852398F1840566130606C805616F5070
:105B4800805B03C7250099476317F70003C5C18524
:105B58008945EF50C07B854530001305503023043C
:105B6800B100EFB0517275B7011122CC06CE26CA2A
:105B78004AC83A843E87A1E69387E5FF2A89AE841E
:105B880091E7F5759385355BB29599C9834604000D
:105B98006244F240A6854A85D244424905615DBD0A
:105BA80003450400BA8532C63AC4053F2247324647
:105BB80071DDF2406244D2444249056182808547E2
:105BC800639AF600A2866244F240D24442490561D3
:105BD8006FF0DFE88947639DF60003C5C1851306AA
:105BE8000032B685238201A6239101A6EF50A0506A
:105BF8000145C1B779719397050122D406D626D2FB
:105C08004AD0C1872E8463D2070203C5C185EF50ED
:105C1800A00519C1EF40307EA164A18CB250225476
:105C28000259268592544561828093F7150093C4E2
:105C38001500EDF793F7450099CF83C7C18503D5C4
:105C4800018519461307401F8146B285EFB011330D
:105C580093444400E1B793F7850093C48500DDFFC2
:105C680093F72500C5CB170500201305A5A6EF104F
:105C7800D0794808EFF01FE5034641019307000477
:105C88009344240063F9C70003C5C18519468945B3
:105C9800EF50604661B703C941A6E24603D421A686
:105CA8006309090283C751A66396C702368593859F
:105CB80001DA32C636C4EF50C240A246324619E96C
:105CC8009307F004014963E787000504239181A63F
:105CD80065BF05490345C1018545EFE0BFAD0DE549
:105CE800034441019307000463ED8700E2452286DF
:105CF800138501DAEFC0BFD2A38281A6854723822C
:105D0800F1A6239101A649B71334040535FCE31D18
:105D180009F6C5BF93F70502638B070A170500202C
:105D28001305459BEF10706E938401EA9C4013970E
:105D3800C70063590704EFF09FCF85476304F50454
:105D480083C701A6B5EB5146970500209385E599D1
:105D58001385C1D8EFC0BFCC03C5C1858547C145F0
:105D68002380F1A6EF50A05A9C405D66130606708A
:105D7800D183BD8B3386C70203C5C185C145EF50AA
:105D880080370DA003C5C185C145EF504058514625
:105D980097050020938565951385C1D8EFC03FC846
:105DA800238001A603C5C185414693050002EF5033
:105DB8008034934404029DB551469385C1D8170594
:105DC800002013058592EF50C22F69DDADBF93F413
:105DD8000501E38504E485451165EFD0DF96894523
:105DE8001165EFD0DFAA05463285C145EFD09FEA9D
:105DF800294597B0FF1FE780E0EA494597A0FF1FB4
:105E0800E78020749344040111BD797117050000DF
:105E1800130585DE06D622D426D20544EF5000733A
:105E28009384C18550082380A400A28513055030AF
:105E3800230A8100EFB03145EFF0DFC22A862ACC71
:105E48002ECE1305603093F5F50FEFB0D14317D67A
:105E5800FF1F13062609BD4513057030EFB0B14288
:105E6800EFF01FC12A862ACC2ECE014593F5F50FF7
:105E7800EFA080068D475008914513057040A30890
:105E8800F100A309F100A30781002309810002CAD8
:105E980023080100EFA0911F1306F100A285130546
:105EA8000040EFA0B11E1008A28513051040EFA016
:105EB800F11D13061101A28513052040EFA0111D45
:105EC80013062101A28513055040EFA0311C1306CB
:105ED8003101A28513056041EFA0511B9947500875
:105EE800A2852285230AF100EFE00F9EEFF09FB410
:105EF80097D5FF1F938505FE13854185EFE05F8ADF
:105F080003C50400930500024146EF50C01EA28558
:105F1800225403C50400B250925445616F50600684
:105F2800411122C441641305F4FF938501DF06C6BD
:105F380026C24AC0EFC060551305F4FF938501DE01
:105F4800EFC0A05497D6FF1F9386C6FA4146E9458D
:105F580017D5FF1F1305C5FAEFC0404897D4FF1F98
:105F6800938404FACC4C2A890945EFE04F9993872A
:105F7800C186138781868346070003C61700034737
:105F88001700138401E083C5070083D7A40CA3027C
:105F9800C400A306E400A30AC400A30EE40003D6C9
:105FA800A41303D7A4162310F40083D7A40D03D594
:105FB800A4102318C400231CE40003D6A41403D798
:105FC80001862311F40085472303F4002306D40037
:105FD8002307F4002319C400230ED4002302B400BD
:105FE8002314A400230AB40023150400230B04007F
:105FF800231D0400230F04002312E40203D7A4186E
:10600800938581E20D452310E4022303F402231152
:106018000402EFE0CF8EA2851D45EFE00FF9B240F4
:10602800224492444A850249410182808D679387C0
:1060380027A36301F6048D679387D7A4631DF60031
:106048008947639CF50085473545639EF60283477B
:106058000700A384F1A6014582808D4729456394F2
:10606800F502854735456390F60283470700238389
:10607800F1A6D5B7854735456397F60083470700EE
:10608800A383F1A6C9BF82808D67938727A3630A7C
:10609800F6028D679387D7A40145631AF6008947EE
:1060A800639BF50083C791A62300F700054523905D
:1060B800A600014582808D47E39BF5FE83C761A654
:1060C800E5B783C771A6CDB7C9476308F50841117D
:1060D80022C406C626C22A8463E0A702894763074A
:1060E800F50691476305F50285476304F502B2405A
:1060F8002244924441018280930720026305F506F9
:1061080093074002630FF506D147E312F5FE914568
:106118008DA083C781A703C761A7938481A78D8BAF
:10612800D98FF1F79C40138781E31CC7EF60C10545
:10613800138581E3EF50F11883C781A7F19B93E79B
:1061480027002380F400238B81A655B7239A01A644
:10615800830706002389F1A659BF83D741A785077E
:10616800239AF1A6828003C5C1A78945EF50201A5A
:10617800A1452244B240924403C5C1A741016F40E2
:106188005060C145FDB701119397050122CC06CE99
:1061980026CA4AC8C1872E8463D00702EF40D02C94
:1061A80019C1EF405025A164A18CF24062444249D4
:1061B8002685D2440561828013F91500630C090015
:1061C80003C5C1A71306803E8945EF40D0729344AA
:1061D8001400E1BF93F725006385070E83C761A705
:1061E80093C42500A9C383D641A71307A00F637CD6
:1061F800D702239A01A6238B01A683A78187138739
:1062080081E31CC7EF505178138581E3EF50710B80
:1062180003C5C1A78945EF50800F03C5C1A7A14594
:10622800EF40305659B723AC01A6B5E3B7F50700E0
:1062380081463000E105194597B0FF1FE780A0B8F7
:1062480093070005238CF1A68347B100A38CF1A620
:106258008357C100239DF1A69306F00F368691451A
:10626800138581A7EF50F11F83D7E1A61307900F7D
:106278008507C207C1836363F7003E8903C5C1A7C9
:1062880011468945239721A7EF40F06639BF17F5D6
:10629800FF1F13052544EF10501701C585472388B4
:1062A800F1A6938581A717F5FF1F1305A542EF10E7
:1062B800705D83D781A7F19B93E71700239CF1A614
:1062C80061BF93F745009DC7EF50116C97D7FF1F2B
:1062D80083C707DD9306F00F17D5FF1F130545DCAD
:1062E80085073686A9452300F50093444400EF50FE
:1062F800F14565BD93F7050291C7EF50F1689344E6
:10630800040265B593F785009DC34145EF5091712F
:10631800AA8703C5C1A789CB13064006A145EF404C
:10632800905D9344840051B529468945CDBF93F7C4
:10633800050193C40501E39A07E693F40520E38673
:1063480004E683C701A7ADC3A38801A6238801A6D5
:10635800814703C721EA994611833307D70263C9E6
:10636800E70285451165EFD00FBE89451165EFD06D
:106378000FD205463285C145EFD0DF91294597B048
:10638800FF1FE7802092494597A0FF1FE780601B09
:1063980003C5C1A71166130606E893050020EF4060
:1063A80090559344042011B583C711A7850793F727
:1063B800F70FA388F1A671BF4111130600028145AA
:1063C80022C42A84138581E306C697B0FF1FE7809D
:1063D800A0D917050000130545DBEF502017238EC1
:1063E800A1A6B7575500138581E3938757555CC518
:1063F800FD575CC98567938717802310F5009707B9
:1064080000009387A7CC1CC9ED57230EF5009147D0
:10641800A30CF50000C5EF50C16A03C5C1A7A1458B
:10642800EF40303683A701EA1397C700635E070081
:106438002244B24003C5C1A71166130606E89305B6
:10644800002041016F40304BB2402244410182801C
:1064580003A581876FF05FF62E9642064182975614
:1064680002009386E66193970501C1836393C70091
:10647800828083C70500850593F7F70FA207A98FC8
:1064880013D78700060736970355070093F7F70FCA
:10649800A2073D8DC9BF011123AC01E8238E01E895
:1064A800FD57239EF186A38F01A6238F01A685475A
:1064B80022CC06CEA38EF1A693050020130400601B
:1064C80093060010014625452EC697B0FF1FE780AA
:1064D800808FB24509C98947238FF1A60145F2404B
:1064E80062440561828093850510E39B85FC054520
:1064F800FDB783C7D1A7011106CE22CC26CA4AC848
:106508004EC652C456C29DC383C7F1A76382A70271
:106518008547238FF1A60144F24022856244D24484
:106528004249B249224A924A056182809547D5B7C5
:106538008507328AAE84A38FF1A60149938981E544
:10654800930AF03F93060004131409014180637A0B
:10655800440183D5A1E983D781E93387B70063F57F
:10656800EA0209C803D5C1872286A685EFF0DFEEC7
:10657800239EA18683C7C1E9C5D383C7E1A7C9FF05
:106588008947238FF1A649BF3387240103460700B3
:106598001387170042074183CE972390E90423808D
:1065A800C700631DD702138681E593850520294519
:1065B80097B0FF1FE78020819306000401C90504F6
:1065C8004204854741802382F90469BF83D7A1E942
:1065D800938707042391F904239C01E80509ADB7C3
:1065E8005971CAD003C9D1A786D6A2D4A6D2CECE15
:1065F80095476301090283D5A1E983D781E9930609
:10660800F03F138481E53387B7004207418363EE87
:10661800E6008D47238FF1A60149B65026549654BB
:10662800F6494A8506596561828081EB83C7C1E9CD
:1066380093C71700A9EF8947F1BF63E8B60233078C
:10664800F4009306F00363F5F6029306000413863C
:1066580081E593850520294597A0FF1FE780A0764F
:1066680019CD85472302F404F9B7239C01E87DBFBF
:106678008507C20723000700C1830507E9B783D749
:10668800A1E9938707042311F404239C01E883C735
:10669800E1A7D9F34164930400207D1493090060B5
:1066A800930600041008A6852D4597A0FF1FE780D4
:1066B800807119C19147B9BF2285130600040C08DF
:1066C800EFF09FD9938404042A84E39B34FD83D795
:1066D800C187E391A7FEB75747319387C7F43EC4F4
:1066E8002316A10093070040930600100146A685D3
:1066F80025452317F10097A0FF1FE780C06C05FD13
:10670800A1463306D100A685294597A0FF1FE7803B
:10671800806B15F1A38E01A6238F01A6FDBD411143
:1067280093060010014693050060254506C697A00C
:10673800FF1FE780406911E9A38E01A6814705453F
:10674800B240238FF1A64101828089470145CDBF20
:10675800397122DC26DA4AD84ED62A84AE843289A8
:10676800B6893008A146930500602D453AC606DE75
:1067780097A0FF1FE780206532471DC9230004004A
:10678800814781462390F4002310D90083D7A1E9DB
:1067980083D681E9B6972390F90083C7E1A7230040
:1067A800F700F2506254D2544259B25921618280A2
:1067B8008356E101E24737B6B8CE1306460BB297C7
:1067C800138606C093B7170013361600F18F2300FF
:1067D800F4008357C1017DB71D71A1463306D1006E
:1067E800930500602D4586CEA2CCA6CACAC897A03C
:1067F800FF1FE780405D01C90145F6406644D64465
:106808004649256182802247B75747319387C7F4A5
:10681800E314F7FE0357E10093070040E31EF7FC7B
:106828004164930400207D1413090060930600045A
:106838001008A6852D4597A0FF1FE780C0584DFD7D
:106848002285130600040C08EFF01FC1938404048A
:106858002A84E39D24FD0355C100018D13351500DD
:1068680069BF3307C5009307004063C2E7024111BF
:10687800B2862E86930505202D4506C697A0FF1FD4
:10688800E7806054B240133515004101828001450C
:106898008280231E05141306C01581456FC02F97EB
:1068A8002E96416542067D1541821767020013073F
:1068B800A7A393970501C1836313F600828083C65B
:1068C8000500935785001375F50FB58F8607BA979E
:1068D80083D70700220585053D8DE1BF95CD03C609
:1068E80005009306F00A81476319D60203C615000E
:1068F80085466314D60201111306801506CE2EC6EE
:10690800EFF01FFA3247F240835787150561898FE8
:1069180093B717003E85828081473E8582808347F2
:10692800D51581E78347C515ADE7411113068015D5
:10693800AA8506C622C42A84EFF09FF69307F01AA8
:106948002310F400231CA41493060010014681456B
:10695800254597A0FF1FE780004793060010B685DE
:106968000146254597A0FF1FE780E0459306C0151F
:1069780022868145294597A0FF1FE780C0448147AB
:1069880001E5A30E04148547B24022443E85410127
:10699800828085473E85828092052E9581471147E2
:1069A800B306F60083C606008507110554C1E399AE
:1069B800E7FE82808547A30EF51482809205A10523
:1069C8002E95CD4710C15CC11CC55CC582804111A4
:1069D80006C622C41C413707F80023220500F98F98
:1069E800370704001307F71AD98F1CC1231D051494
:1069F800214681452A84EFF07FFC2285254685457E
:106A0800EFF0DFFB228529468945EFF03FFB228521
:106A18002D468D45EFF09FFA1146B2852285EFF09D
:106A2800FFF91546B2852285EFF05FF922854146C8
:106A38009945EFF0BFF8228545469D45EFF01FF8D0
:106A480022851946A145EFF07FF722851D46A54509
:106A5800EFF0DFF622850146A945EFF03FF62285E3
:106A68000546AD45EFF09FF522853946B145EFF073
:106A7800FFF422853D46B545EFF05FF422853546A3
:106A8800B945EFF0BFF322853146C145EFF01FF35A
:106A980022850946BD45EFF07FF222852146C5458E
:106AA800EFF0DFF191472324F41295472326F412DF
:106AB80099472328F4129D47232AF412C147232C0F
:106AC800F412C547232EF412CD472320F4142322B1
:106AD800F414230B0414A30B04143946975502002D
:106AE8009385453C13058414EFB07FF3A285228576
:106AF80013068015EFF0DFDA93071010B240231C5D
:106B0800A414231EF414224441018280411122C49A
:106B18002A862A849306C01581452D4506C697A066
:106B2800FF1FE780402A11E5A2852285EFF01FDBD1
:106B380001ED2285EFF0BFE92285EFF05FDE014528
:106B4800B2402244410182808547231EF414CDBF00
:106B5800011106CE2AC6EFF09FE73245F2400561E3
:106B68006FF0FFDB138501EA6FF0BFD2B7070002B1
:106B7800FD1723A0F1A882808280411117F5FF1F1D
:106B8800130545B806C6EF10706FB240410117A350
:106B9800FF1F670023FC85476315F6000CC10145FC
:106BA800828075FE23200500DDBF85476315F6004A
:106BB8000CC10145828075FE23200500DDBF854795
:106BC8006315F6000CC10145828089476309F60008
:106BD8008D47E30AF6FE65FA23200500EDB79C41D0
:106BE8001CC1D5B785476315F6000CC101458280E5
:106BF80075FE23200500DDBF85476315F6000CC12F
:106C08000145828075FE23200500DDBF41111385F3
:106C180001EA06C6EFF0DFF317F5FF1F130585AE8F
:106C2800EF10D065294597A0FF1FE780A007B24065
:106C3800410117A3FF1F6700E3F11841F57593851C
:106C480005F08347C73D8326873E41118A078D8A11
:106C5800D58F8346D73D06C6138601EA8E06D58FA3
:106C68008326073EBD8A9206D58F8346C73EB20665
:106C7800D58F8346D73E0327473EB606D58F8D6608
:106C88009386F60FF58F83D621EAED8ED58F2311E3
:106C9800F600A146814763DAE600E5469D4763C6EC
:106CA800E60059178947B347F7021842B70600F9B3
:106CB800FD169D8B758FE207D98F1CC2138501EADB
:106CC800EFF05FCF138501EAEFF07FC517F5FF1FDF
:106CD800130545A3EF10905A294597A0FF1FE78099
:106CE80060FCB240410117A3FF1F6700A3E64111F2
:106CF80017F5FF1F1305059E06C6EF10604317F52D
:106D0800FF1F1305259DEF106062B240410117A3D4
:106D1800FF1F670023E4411117F5FF1F1305859E28
:106D280006C6EF103056854517F5FF1F1305859DDC
:106D3800EF206006838781FE938581FE89E797555A
:106D4800020093852517614617F5FF1F1305859BDC
:106D5800EF20E013130680029755020093858516ED
:106D680017F5FF1F1305059AEF206012B2401306AE
:106D78000003975502009385A51517F5FF1F130506
:106D8800659841016F20A0101D71A2CC2A8417F5C7
:106D9800FF1F13052597CEC686CEA6CACAC8EF1010
:106DA8003050AA8911ED228597A0FF1FE78080EF58
:106DB800F6406644D64446494E85B64925618280E8
:106DC800EFF09FA135C98144130900401306000460
:106DD8008A852685EFF0FFA825C193D644009384C1
:106DE8000404C20491471307000893F6F60F0146FE
:106DF8008A8517F5FF1F1305E590C180EF10D0793C
:106E0800E39624FD17F5FF1F1305C58FEF10D02D4E
:106E1800930704F61334040A7D147D8C13150401BA
:106E2800418197A0FF1FE780E0E717F5FF1F1305D3
:106E3800658DEF10B044ADBFEFF0FFEDE1B71C4535
:106E4800AA8599C30D46828782809C41397122DCCC
:106E580006DE1CC1DC4102D002D25CC19C452A84FA
:106E68001CC5DC455CC59C4998551CC9DC495CC9F6
:106E78009C4D1CCDDC5189CBD44D23A2050223A403
:106E8800050236D0945136D2484C925602562AD032
:106E9800085014D054505CD01C542AD250CC18D46A
:106EA80008102EC63ED636D4EFF07FF9B245F25020
:106EB800DC555CD483C705032308F40283C7150394
:106EC800A308F4026254216182805C4189CF0347A0
:106ED800850083C68700637AD7009306400333078B
:106EE800D702DC43BA973E8582808147EDBF83276E
:106EF800853E0D476375F7002324053E81471757E4
:106F080002001307E7618A07BA979C430327050A1B
:106F18006308F7002320F50A9305C5096F202002AE
:106F280082808325053F85C58327453F411122C4BB
:106F380006C6DCC12A84EF208000B2402328043E24
:106F4800232A043E231C043E22444101828082807D
:106F5800411122C426C206C6AA841304050D63097A
:106F680094001304C4FC1305C401EFF05FEDC5BF22
:106F7800B240224492444101828041111385413C30
:106F880006C622C426C2EFF09FEB13850139EFF045
:106F98001FEB1385412AEFF0BFFB1385411DEFF06E
:106FA8003FFB1384411D938481061304C4FC13051D
:106FB800C401EFF0DFE8E31A94FEB24022449244A1
:106FC80041018280797122D42A8417E5FF1F1305B5
:106FD800657052CC06D626D24AD04ECE56CA5AC86A
:106FE8005EC662C4EF00704283474442130A4442BB
:106FF80095EB175902001309E94F9304A43F832521
:10700800090017E5FF1F1305E56C9904EF00304DE3
:107018003335A000238DA4FE1109E3129AFE85479B
:107028002302F442975902009389C94C9304A43F60
:10703800A54A05490D4B975B0200938BEB4A03ACBD
:10704800090017E5FF1F1305E568E285791CEF00C5
:10705800104963EE8A135E9C030C0C00630D051047
:1070680083C70400A9EB2380240123910400238211
:1070780004002285631D2C03EFF03FE5AA8515C99E
:10708800834705039DC7184589476314F7025C4188
:107098002328A43E231C043E232AF43E97570200CB
:1070A8009387C7E3DCC12285EF107069A1A8EFF0D0
:1070B8005FE7E2852DA063172C098325043FB9C13A
:1070C8008357843F130730068507C207C183231CF3
:1070D800F43E637AF7002285EFF0BFE4CA85228583
:1070E800EF20404A05A0130740068A07B3D7E702F6
:1070F800175702001307C7418A07BA979C43D8411C
:10710800E312F7FA99049109E31B9AF28324043FE6
:1071180089C82285EFF07FDB6385A4002285EFF024
:107128005FE02285EFF0BFDC22852254B2509254F2
:107138000259F249624AD24A424BB24B224C45614B
:107148006F20400E9307DCFFE36EFBFA03D72400A1
:1071580083C744000507420793B717004183960782
:107168002391E400A107E36FF7F885472391040012
:107178002382F4003DBF63152C012285EFF07FDAEE
:10718800238004002391040023820400A5BF6DD945
:10719800014CF9B5411122C426C206C6B7170040F2
:1071A8000D47238CE704C1440144EFB01F90FD1440
:1071B8002A94E5FC13554440EF30B24197C5FF1FB0
:1071C80083A5C519EF30E26597C5FF1F83A545194B
:1071D800EF30226597C5FF1F83A5C518EF30D2078A
:1071E80097C5FF1F83A54518EF30424097C5FF1F7D
:1071F80083A5C517EF30E262EF303238B24022443F
:1072080092441375F50F4101828023200500232243
:10721800050023240500232605008280411122C48D
:1072280026C206C69304C5011304C50E2685938499
:107238004403EFF09FFDE39B84FEB2402244924456
:10724800410182801171A2DD97E5FF1F9385854B6F
:107258002A84A6DBCAD9D2D586DFCED7D6D3DAD14F
:10726800130A8406EF10B048930444081309041F56
:10727800268593844403EFF05FF9E39B24FF930A88
:10728800441D5685EFF09FF91309442A4A85EFF00B
:10729800FFF813050439EFF05FF71305443CEFF0EE
:1072A800DFF61306A00281452328043E232A043E64
:1072B800231C043E1305A43FEFB06FF517560200D8
:1072C8001306C6C2B2C2054697570200938787C104
:1072D800B2CA175602001306E6C11307843E975434
:1072E8000200938424E49D463EC8B2DC9307101044
:1072F80009463ACEBAC83AC332C52302044226CA5E
:1073080036CC02D002D202D402D602D802DA02DC8B
:1073180002DE2310F104A6C4B6C682CC82CE82D087
:1073280082D282D482D682D8231AF106A6DE36C14A
:1073380002C717560200130666BC3ADD0D4702C99C
:1073480002CB02CD02CF02D102D32314F10A32D7E5
:1073580026D936DB3ADF82C182C382C582C782C999
:1073680082CB82CD231EF10C568B0C08CA895A8514
:107378002EC6EFF09FADB245130B4B039385450323
:10738800E31769FF0808EFF0BFBC0D4697570200E6
:10739800938707B732CCB2C61306D43D5CD4B2C8C3
:1073A800975702009387C7B617F6FFFF1306067DA7
:1073B8003EC8B2D69307C43D1706000013060684DC
:1073C8001147A9463ECEB2D49307101017560200B3
:1073D800130686B597550200938545B423285403B0
:1073E800230AE402B2DC232C040217560200130617
:1073F80066B4230ED40226CA02D002D202D402D620
:1074080002D802DA02DC02DE2310F104AEC2A6C4FE
:1074180082CA82CC82CE82D082D282D8231AF10646
:10742800B2DE1306043E32C3154632C551463AC190
:1074380032C73ADB05461307443E32C93ADD1756D0
:107448000200130666AF614732D7BAC11756020069
:10745800130646AF094702CB02CD02CF02D102D3B1
:107468002314F10A32D936DFBAC382C582C782C96A
:1074780082CB82CD231EF10C930A0101130B4437F2
:10748800D6854E8593894903EFF03F9C938A4A033A
:10749800E39869FF0808EFF0BFAB9757020093879E
:1074A800A7AA3CC091472304F40497570200938786
:1074B800E7AAA94A3EC81307C43E8D4723222405DC
:1074C80023085405130910103ECC3ACEBEC61757F0
:1074D8000200130727A99307D43E0C084E852326DC
:1074E8000404BAC2BEC826CA23102105A6C4231A9A
:1074F800210702D002D202D402D602D802DA02DC74
:1075080002DE82CA82CC82CE82D082D282D482D655
:1075180082D8EFF09F93CC001305843AEFF0FF92E6
:107528008810EFF0DF916810EFF07F919757020015
:10753800938707A47CC8094B97570200938747A4F1
:107548000C08232C3405230E6405230254073EC877
:10755800528593070404232004063ECE26CA23102E
:10756800210502CC02D002D202D402D602D802DA15
:1075780002DC02DEEFF07F8D6810EFF05F8C97572A
:1075880002009387A7A00C083EC83ECA1305C40989
:107598009307C4023ECE2310210502CC02D002D2AA
:1075A80002D402D602D802DA02DC02DEEFF0FF894A
:1075B8006810EFF0DF88975702009387A79D3EC8B1
:1075C80097F7FFFF9387E77285490C083EDC1305A0
:1075D800040D97F7FFFF938727613EDA26CA4ECC42
:1075E8002310210502CE02D002D202D402D602D83C
:1075F80002DEEFF09F856810EFF07F849757020056
:107608009387C7990C083EC813054410930744058F
:107618003ECE26CA2310210502CC02D002D202D4C3
:1076280002D602D802DA02DC02DEEFF01F8268100E
:10763800EFF0FF80975702009387C7963EC8975789
:1076480002009387A7963ECA97F7FFFF9387275FA5
:107658000C083EDC1305841397F7FFFF93876756E2
:107668003EDA4ECC22D62310210502CE02D002D219
:1076780002D402D802DEEFF04FFD6810EFF02FFCC5
:1076880097570200938787933EC8975702009387BE
:1076980067933ECA97F7FFFF9387674E0C083EDC57
:1076A8001305C41697F7FFFF938767503EDA4ECC51
:1076B8002310210502CE02D002D202D402D602D86B
:1076C80002DEEFF08FF86810EFF06FF797570200BF
:1076D800938707903EC8975702009387E78F3ECA63
:1076E80097F7FFFF9387C7520C083EDC1305041A6F
:1076F80097F7FFFF9387674A3EDA5ACC2310210594
:1077080002CE02D002D202D402D602D802DEEFF0B4
:10771800CFF36810EFF0AFF2975702009387478CCA
:107728001CCC9D472300F40283A701EA232E4401C1
:107738002304540313D7270133773701230EE43C7E
:1077480013D707010D8B2324E43E13D747013D8B44
:107758002320E43E13D7370133773701A30EE43CE7
:1077680013D7C701337737012306E43E13D7D70170
:10777800E1839D8B9507337737018607228523227E
:107788000402A306E43E2322F43EEFF04FF69305ED
:10779800840122856E54FE50DE544E59BE592E5A2D
:1077A8009E5A0E5B11616F1070323971054506DE05
:1077B80022DC26DAEFC02FBA130580049790FF1F4A
:1077C800E78060FD81450965EFB0FFF78945014510
:1077D800EFB0AFA8138501EAEFF04FB3138401EAC5
:1077E800034534001D89EFB08FAEB717004083C73B
:1077F800E70417E5FF1F1305E5EDE52617E5FF1F6D
:10780800130545ED192197E7FF1F83C717EE99CB9D
:1078180097E7FF1F83C797EDDDE397E7FF1F83C750
:10782800E7ECDDE7EF2030311305004BEFF0CFD563
:10783800AA8417E5FF1F1305E5E9C12E97E7FF1F87
:1078480083C7A7EB91C797E7FF1F83C7F7EAC9E785
:1078580003C501AA8547631FF50CEFE0AFA2B78700
:1078680000403787004083C7370003476700058B10
:10787800D98F6385071003C701AA85470144631D93
:10788800F70A17E5FF1F1305E5E441261DC117E5B3
:10789800FF1F130525E4EF00E07993578500230EB9
:1078A800A1004181230FA1006808A30EF100EF2079
:1078B800004109459790FF1FE780C03ED9B7228550
:1078C800EFF00FA997E7FF1F83C737E2B9F799BF12
:1078D80085472380F1AAB9B717E5FF1F130585E28D
:1078E800B9C4EF102019138481A8830704000F007E
:1078F800300293F7F70F95E32285EF20521211CD4E
:1079080013850100EFF01F9417F5FFFF1305256796
:10791800EF30625C2285EF20521213850100EFF0F0
:107928006FEA29459790FF1FE780C037FDB7EF1032
:10793800201755BF014515B717E5FF1F130585D952
:10794800E92497E5FF1F9385E5D86808712319C4D2
:1079580051462C006808EF30C27611C96808EF203C
:10796800301A19C551466C082800EFB04F8B0544F2
:1079780005459790FF1FE780E0327DBFEFD0CFE944
:10798800EFD02FFAEFA0C13D1C401397D7006348F2
:107998000700EFE0FFAB9790FF1FE7808034EFC050
:1079A800DFD9EFE08FC6EFD07F96F5B741118D454F
:1079B800414506C6EFB03FD98D4513050002EFB02B
:1079C8009FD885452165EFB01FD8B717004093872A
:1079D800870A9843B2401367070198C3984313670F
:1079E800070298C341018280011126CAB7140040DA
:1079F8009384C40A9C4006CE22CC4AC84EC652C4C0
:107A080093E707019CC00545371400409790FF1F76
:107A1800E78060281304840A1C400545371A004093
:107A280093E707011CC09790FF1FE780C026E14934
:107A38000149130A4A0A83270A000609139707010E
:107A480063540700136919009C400545FD1993E725
:107A580007029CC09790FF1FE780E0231C40054564
:107A680093F9F90F93E707021CC09790FF1FE7806F
:107A78008022E39209FCF2406244D244B249224A8D
:107A88004A8542490561828003A701EAB7070020B9
:107A980093163700F98F63DE06000347250111C7E7
:107AA80093B71700139517008280034735010545E2
:107AB80065FFF583C5BF397126DAAA8417E5FF1F6C
:107AC800130545C406DE22DC4AD836842E8932C620
:107AD800EF00507B0146974502009385A55217E5B4
:107AE800FF1F130525C2EF10803AA686174602002D
:107AF80013060652930500020808EF3002560C08D8
:107B0800294617E5FF1F1305E5BFEF104038324738
:107B18009306190017460200130646509305000203
:107B28000808EF3082530C08514617E5FF1F13056C
:107B380065BDEF10C0357946974502009385054F1E
:107B480017E5FF1F130505BCEF106034130680020C
:107B5800974502009385C54E17E5FF1F130585BAA3
:107B6800EF10E03213062003974502009385854EF7
:107B780017E5FF1F130505B9EF1060311C4054408D
:107B88001746020013064649930500029D8E898612
:107B98000808EF30824C0C081306800317E5FF1F16
:107BA800130545B6EF10A02E17E5FF1F130585B581
:107BB800EF009053F2506254D254425921618280AE
:107BC8002305050293074500130765016317F700AE
:107BD800A305050223060502828023800700850786
:107BE800F5B7011106CE2AC6EFF05FDC3245938760
:107BF80081EAF2401CC183D721EA8D8BA305F502E7
:107C080085472306F50205618280397122DC26DA70
:107C18004ED6044106DE4AD82A84EFF0FFDC01463E
:107C28009309C1005147B357C50093C7F7FFB386FF
:107C3800C900858B2380F6000506E316E6FE1309C6
:107C48006401CA854E85EF30C247814731CD93071D
:107C580044006313F9065146CE854A85EFA03FDC00
:107C680003A701EAA68781466D83058B1347170092
:107C78004D488548514513B6C6009385070129E24A
:107C880021C38506AE87E398A6FE8347B40213078F
:107C9800F4009306E4001306D4009305C40013050A
:107CA800A402EF10307E8547F2506254D2544259F4
:107CB800B2593E852161828023800700850751BF24
:107CC8003306D400034666014DDEE38CB7FA9043D1
:107CD800E30906FB2296230216019107FDB72E95AC
:107CE8000345450082800111214622CC26CA2A84F8
:107CF800AE843295814506CE4AC84EC652C456C295
:107D0800EFA0FFD0930700F82685A300F400A30195
:107D1800F400A302F400A303F400230004002301E9
:107D280004002302040023030400EFF0FFD5894771
:107D380083CAC40003CAD40083C9E40003C9F40099
:107D4800631BF51063860A0EA14763940900930725
:107D580019000347C400BD8B419BD98F2306F4004B
:107D680083C7940003C8840003C704018607B3E7E8
:107D7800070103C8A40003C5140183C564000E08E5
:107D8800B3E7070103C8B40003C6240183C634015E
:107D98001208B3E7070103C844001A08B3E707014C
:107DA80003C854001E08B3E707010348D40093F73B
:107DB800B7FD13784802B3E70701A306F400931749
:107DC800370013172500D98F13974500D98F13173C
:107DD8005600D98F13976600D98F0347E40093F7AD
:107DE800C707137737F8D98F2307F40083C74401EF
:107DF80091CBFD572304F4008347940093E73700A1
:107E0800A304F40083C7540191CBFD572305F40064
:107E18008347B40093E73700A305F400F2402285B6
:107E28006244D2444249B249224A924A0561828058
:107E380063090A009947E39E09F09547B3872741EC
:107E480009BF9D47E39709F03339200133092041E1
:107E580093773900FDBD631209061397F9004207AD
:107E68004187631F0A049397FA00C207C187639486
:107E780009006302090263940A00630E0A00996606
:107E8800938626A83307D7022166B387D7023347DC
:107E9800C702B3C7C702E1763306D7008545BE9649
:107EA8002182A1826311B5022302E400A302C40067
:107EB8002303F400A303D40065B521677D1755B7E4
:107EC800A167FD176DB72300E400A300C4002301D8
:107ED800F400A301D40069B501114AC851462E899E
:107EE800814506CE22CC26CA4EC652C456C2AA84A2
:107EF800EFA0FFB14A85EFF03FB989478349C90030
:107F08000344D900834AE900034AF9006312F504DF
:107F180093179400A209B3E73701AA0AB3E75701F8
:107F28002E0AB3E7470101458145814601470146CD
:107F38008148454E174302001303835F854E6362F1
:107F4800CE08131826001A98032808001A980288E1
:107F580063190A041397FA0042074187814663842C
:107F68000900A166FD1611C0E17663940A00630159
:107F78000A0219E0638E09009967938727A83307D7
:107F8800F7022166B387F6023347C702B3C6C702B2
:107F98008547631BF5003685BA85814601478147C9
:107FA80079B721677D175DBF01458145CDBF33088E
:107FB800C90003484800630608003398CE00B3E7B9
:107FC80007010506ADBF034849014546E30908F620
:107FD8009308F00FADB7034659015148A380040137
:107FE8003306C04013D8870023810401A381F4001D
:107FF80023821401A382C400F24062442383E40074
:108008002384D4002385B4002386A40021832181FE
:10801800A182A181A386A400A383E400A384D40041
:10802800A385B4004249B249224A924A2685D244DD
:108038000561828041112314010023050100814755
:10804800854551463307F500034767010DC393D6AD
:10805800370013870601B306270003C886FF13F706
:1080680077003397E50033670701238CE6FE850721
:10807800E39AC7FC8347A10003558100C2075D8DC1
:10808800410182800347C5008343D5008342B50080
:108098000A078E0313671700336777008343E500E9
:1080A8008347A500834F45019203336777008343D5
:1080B800F500034F5501834E45008602034E5500D7
:1080C8009603B3E757008A0F0343250103481501B8
:1080D80033677700B3E7F701834385000E0F8348C2
:1080E80035018346050103466500B3E7E70103450B
:1080F8009500920EB3E7D701160E9A03B3E7C701AE
:108108001A030608336777001E05B3E767009E0861
:10811800B3E606010A06498FB3E71701D18E23801B
:10812800E500A380F5002381D500A38105008280A6
:10813800717156CB832A050022D526D34AD14ECF5A
:1081480006D752CD5AC95EC762C566C36AC1EEDE9C
:10815800AA8402D802DA02DCD68713840A149309A7
:10816800C1024D49631AF402130640049745020000
:10817800938505B14E85EFA09F8A2685EFF0FFA86D
:1081880083C7640081E783C7040185C329459790A5
:10819800FF1FE78020B1D5B73E854146CE854AD638
:1081A800EFA0FF879307050175BF1305401F979040
:1081B800FF1FE78020AF054901444D4BC14B514C8F
:1081C8002685EFF09FA493172400CE9717D5FF1F9D
:1081D8001305455303AA070003CD6400EF00900A76
:1081E800014697450200938525E817D5FF1F13051B
:1081F8006551EF00D049930C14009746020093860E
:1082080026E663694B010A0A974702009387C73637
:10821800D297944317460200130606E69305000218
:108228006800EF20926341466C0017D5FF1F1305C5
:10823800654DEF00D045454793F6FC0F1746020001
:108248001306C6DD930500026800EF20126161463F
:108258006C0017D5FF1F1305E54AEF0050431306BE
:108268008002974502009385A5DD17D5FF1F1305EA
:108278006549EF00D04117D5FF1F1305A548130620
:108288000003974502009385E5DFEF00504017D5BE
:10829800FF1F13052547892D630A0D066309090089
:1082A800514566849790FF1FE780C09F0149931747
:1082B8002400CE97904381479306E6FFB336D0005B
:1082C8001397470056970C4363966505B385F400EA
:1082D80083C5650195CD10C323226701050429458F
:1082E8009790FF1FE780009CE3FC8BECBA502A5460
:1082F8009A540A59FA496A4ADA4A4A4BBA4B2A4CFA
:108308009A4C0A4DF65D01454D618280054945B795
:1083180033F926018507E39587FBD1B71C4191C73F
:108328000C453E859D8D6F10726F82801971EAC869
:10833800032D0500A2DCA6DACAD8CED6D2D4D6D26E
:10834800DAD086DEDECEE2CCE6CAEEC62A8B8144DF
:10835800014481490149CD4A514A93174900EA9796
:108368009C4363975701630D94062320240111044D
:108378000509E31449FF17D5FF1F1305A5386394B2
:10838800890CEF0020704A8697450200938585D2B4
:1083980017D5FF1F13050537EF00702F17D5FF1FDF
:1083A8001305453691231305007D9790FF1FE7803D
:1083B800608F63870900B38534414E85EF101266DC
:1083C800F6506654D6544659B659265A965A065BFC
:1083D800F64B664CD64C464DB64D01450961828038
:1083E800B30B34413707002093D72B409306F7FF90
:1083F8006398D70017450200130505CAEF103267C6
:10840800BE8491E38544BE9463E4E4009304F7FFDB
:108418008A042685EF103263B307750123A027016C
:108428002A8C63860B005E86CE85EFA04FDF13840F
:108438004B00629463860900DE854E85EF10125E5C
:10844800E294E28935B73D2D4A8697450200938527
:1084580025C817D5FF1F1305E52AEF0050237946D5
:1084680097450200938585C717D5FF1F13058529F2
:10847800EF00F02117D5FF1F1305C528B5211305F7
:10848800803E9790FF1FE780E08133043441935783
:1084980024403EC4054C814AB70C0020A24763968D
:1084A800570717D5FF1F1305E525E92B51469745B3
:1084B8000200938565C617D5FF1F1305A524EF0095
:1084C800101D714697450200938505C617D5FF1FF5
:1084D80013054523EF00B01B17D5FF1F1305852291
:1084E8002121138501EAEFE0EFCC138501EAEFE0E3
:1084F8000FC31305007D9780FF1FE780A07A17D56B
:10850800FF1F130525209D2B6DB593972A00CE9745
:108518009C43224614103E85D6853EC202D002D224
:1085280002D4EFF04FD90810EFF05FDF0149814B1B
:10853800014A5A85EFF06FED03476B00224612455A
:108548005408D6853AC652CA5ECC4ACEEFF0AFD6AA
:1085580032470DEF054C0147B306EB0083C64600D2
:10856800A5C6D286639EDB0463852B0723A0EB0098
:10857800910B1305C0129780FF1FE780A0721305A7
:1085880040069780FF1FE780E07165B7E3050CFCA4
:1085980092474D4793964700EA96B3874B4198C256
:1085A800D8C298C6D8C613D727408147630FF706A5
:1085B8001396270052961042850790C29106FDB780
:1085C80090429106E310C7FA0507C947E316F7F882
:1085D8007DB733844B41935724409386FCFFE38B4C
:1085E800D7E03E8991E305493E996364990113896F
:1085F800FCFF0A094A853AC6EF10F2443247B3072E
:108608008500AA8D98C309C42286D285EFA02FC100
:1086180093074400B38BFD0063060A00A2855285C8
:10862800EF10D23F6E996E8AA9B717D5FF1F1305B1
:10863800650D3AC681295146974502009385C5AA1A
:1086480017D5FF1F1305050CEF007004324792463B
:108658009305000217460200130686AA3305B100E7
:10866800EF20B21F79460C1017D5FF1F1305850997
:10867800EF00F00117D5FF1F1305C508B524130532
:10868800C0129780FF1FE780E0614808850AEFF075
:10869800FFC8014C21B517D5FF1F1305A5036FF0BF
:1086A8002FD21306004081456FA06FB64111854552
:1086B8000D6506C6EFB06F931167B72506009307DF
:1086C8002004930600403A86938505A80145EFB03B
:1086D8006FAE0545EFB00FA4B24005454101828059
:1086E800011126CA89644AC84EC652C406CE22CC95
:1086F8002E89B289368A9384047137050200EFB057
:10870800CFC12A8429E505458964EFB0AFA29384D7
:108718000471370503000505EFB02FBE21C581455B
:108728004A858964EFB0EFA5938404713705070083
:1087380013052508EFB06FBC05CD93170401C1835D
:1087480063EB47030545EFB00FA1054521A0FD14D4
:10875800CDF40145F2406244D2444249B249224A2A
:1087680005618280FD14D5F40545EFB0CF9ED5B7DD
:10877800FD14CDFCD5BFB387890003C50700896404
:1087880093840471EFB04F9F370507001305450820
:10879800EFB0AFB619C105044DB7FD14F5F4E9B74C
:1087A800011126CA89644AC84EC652C456C206CEAA
:1087B80022CC2E89B289368ABA8A93840471370505
:1087C8000200EFB08FB52A8435E105458964EFB022
:1087D8006F9693840471370503000505EFB0EFB178
:1087E80035C181454A858964EFB0AF999384047196
:1087F8003705070013052508EFB02FB031C9568596
:108808008964EFB06F9793840471370507001305E7
:108818004508EFB08FAE21C193170401C18363EF00
:1088280047030545EFB02F93054521A0FD14C1F876
:108838000145F2406244D2444249B249224A924A2E
:1088480005618280FD14C1F80545EFB0CF90CDB722
:10885800FD14D9FCD5BFFD14CDF8FDB7B387890049
:1088680003C50700896493840471EFB0EF9037055E
:10887800070013054508EFB04FA819C1050469BFE3
:10888800FD14F5F4D1B71DCE3D47AA870145636DA8
:10889800C70279711305110106D622D432C63E8467
:1088A80023080100EFA0AF97B2461008228585067D
:1088B800C206C18293058007EFF09FE2B2502254AE
:1088C800456182800545828082800111A306B1003E
:1088D800700089469305800706CE23060100EFF055
:1088E8003FE0F24005618280B7077F22011193873C
:1088F80017023EC42C0093070070194606CE22CCFE
:108908002316F1002A84EFF01FF822862285130728
:1089180000049306004093058007EFF07FE8F240DB
:108928006244056182809D4763E6B7040111B70779
:108938007F2222CC938717022E842306B100A30638
:10894800B10019462C0006CE26CA3EC4AA84EFF010
:108958009FF31316740026962685130700049306C2
:10896800000893058007EFF0BFE3F2406244D24469
:1089780005618280828041119305E00A06C622C4FF
:108988002A84EFF09FF4930500022285EFF0FFF3AD
:1089980081452285EFF07FF3930500042285EFF0EF
:1089A800DFF29305100A2285EFF03FF29305800A63
:1089B8002285EFF09FF19305F0032285EFF0FFF099
:1089C8009305800C2285EFF05FF09305300D22852A
:1089D800EFF0BFEF81452285EFF03FEF9305A00D43
:1089E8002285EFF09FEEC9452285EFF01FEE930533
:1089F80010082285EFF07FED9305F00C2285EFF04B
:108A0800DFEC9305500D2285EFF03FEC930500084D
:108A18002285EFF09FEB9305900D2285EFF0FFEA9A
:108A28009305100F2285EFF05FEA9305B00D2285BC
:108A3800EFF0BFE9930500042285EFF01FE99305E5
:108A4800D0082285EFF07FE8D1452285EFF0FFE7D7
:108A58009305400A2285EFF05FE79305600A2285B7
:108A6800EFF0BFE622852244B2409305F00A4101A7
:108A78006FF0BFE59305F00A6FF03FE59305E00A54
:108A88006FF0BFE4411113060040814506C6EF9020
:108A98001FF8B240A38801A8238801A84101828059
:108AA800411106C622C42A84EFF05FC013054006B0
:108AB8009780FF1FE780001F2285EFF0DFEB2285FC
:108AC800EFF05FFC2285EFF03FE2B240224405451B
:108AD8004101828093D775009DE39337060485C3CF
:108AE800935736009E07BE952E951D8A05478347E6
:108AF80005003317C70089C6D98F2300F500828087
:108B08001347F7FFF98FD5BF5D714EDEB6898D8E9D
:108B180013D8F641B346D800A6C2B304C740B386FB
:108B2800064113D8F44156DA5AD8B3449800139B37
:108B3800060186C6A2C4CAC052DC5ED6135B0B41CE
:108B4800B3840441854A63E33501FD5A7D5A637352
:108B5800E600054A368433899640B30B9040BE86BA
:108B68003ACE3ECC32CA2EC82AC6EFF0BFF65246DD
:108B780072473245C245E2476314E6006384350311
:108B880093161900C206C18663D7DB00D695330950
:108B9800994093F5F50FE3D466FD52962299137622
:108BA800F60F75BFB640264496440649F259625AF4
:108BB800D25A425BB25B61618280FD167971AE96D2
:108BC80026D293F4F60F52CCA6863A8A328706D676
:108BD80022D44AD04ECE32842A89BE892EC6EFF0DE
:108BE800BFF21307FAFFB24522971377F70FCE8724
:108BF800A6863A864A853AC4EFF01FF1B245224765
:108C0800CE87AE8622864A85EFF01FF02286225450
:108C18002247B250624ACE87A686F249A6854A857F
:108C28009254025945616FF03FEE011122CC26CAD9
:108C38004AC806CE32893384D500B304E60063CC33
:108C48008502F2406244D244424905618280BE8670
:108C58003EC632C42EC22AC0EFF0DFE722460245E4
:108C68009245B24705061376F60FE34296FE850550
:108C780093F5F50FE9B74A86CDBFA388B1A8238835
:108C8800C1A88280797122D4138405FE06D626D223
:108C98004AD04ECE52CC56CA5AC85EC662C466C2C4
:108CA8001374F40F1307E00583C701A963718704E0
:108CB80029470144639DE502A38801A8A10793F70A
:108CC800F70F1307F0036361F7022388F1A8B25086
:108CD800225492540259F249624AD24A424BB24B48
:108CE800224C924C4561828093078003F9BF83C66A
:108CF80011A91307A007637DD700A38801A8A107BE
:108D080093F7F70F1307F0036363F7062388F1A8B7
:108D1800954933043403AA8C8144174A0200130A84
:108D2800AA8A9D4AB3079400D29703CB0700A68B63
:108D3800014C03C911A903C601A9B3578B41B30557
:108D480079016296858B93F5F50F1376F60F8546B4
:108D580091E381466685050CEFF0DFD7E31B5CFDE8
:108D68008504E39134FD1909A38821A98DB79307D8
:108D7800800369BF011122CC06CE2E84830504002E
:108D880089E5F2406244056182802AC6EFF09FEFD0
:108D980032450504E5B78280397122DC5AD03A841D
:108DA8003E8B1357760093B7150006DE26DA4AD8AD
:108DB8004ED652D456D25ECE62CCD98FA1E793B7A5
:108DC8000604A9C3B307860013070008228963575E
:108DD800F700130400F8118C1374F40F338766013D
:108DE8009307000463D5E700958F13FBF70F1D0960
:108DF800B68A328AAE8B81491359394013F7F90F75
:108E0800636D6705F2506254D2544259B259225ADE
:108E1800925A025BF24B624C2161828013D7340074
:108E28006297420741835E978346070093C7F4FF22
:108E38009D8BB3D6F640B3854401858A93F5F50F2B
:108E480032C62AC4EFF01FC922453246850493F47E
:108E5800F40FE31594FC850955B75697330C39037D
:108E680081441376F70FF5B7014581CD8387050057
:108E7800138767FF11C399E7B337A0001D8D1375DA
:108E8800F50F828019051375F50F8505C5B7B9C1AA
:108E9800011122CC26CA32C606CEAE842A84EFF04F
:108EA800BFFC13070008B307A7408946B3C7D7021A
:108EB800324693F7F70F6373F700814722856244C0
:108EC800F240A685D244A388F1A82388C1A80561E9
:108ED8006FF05FEA828017D5FF1F1305A5826FF038
:108EE8004FFC17D5FF1F1305E5816FF03FB99307B6
:108EF80010F00CC1232205002324050023260500B9
:108F080023280500231AF50082805C4185CB83C79E
:108F1800870063F5F5028347950063E1F5029D8DAF
:108F280093F5F50F954763EBB7000347550189059E
:108F38008547B397B700D98FA30AF50082805841B7
:108F480099C911CB0348870081479308400313F65A
:108F5800F70F636306018280338317035443850741
:108F68009A96E396B6FEB2856FF03FFA411122C495
:108F78002A84084106C6EFF0FFB00840854731470C
:108F88009306000801468145EFF03FC35C408DC35E
:108F98009C4399CF08408145EFF0FFDF5C400840D3
:108FA8000D468C43EFF0BFEE08408545EFF0BFDE7D
:108FB80008402244B240314785479306F0073A8675
:108FC800814541016FF05FB45C41638D071C03C7A5
:108FD800870063F9E51C5D7186C6A2C4A6C2CAC033
:108FE8004EDE834495001547B384954093F4F40FFF
:108FF800636A971613074003B385E502C0438904E3
:109008008E04AA8993F4F40F2E9463140616032988
:109018000400854503A50900EFF0FFD71C440D4760
:109028006395E7165C4485CB83C707001440173760
:1090380002001307E71689C7173702001307071638
:109048001736020013060616930500020808EF20DB
:10905800C2001309010103A5090013861400137641
:10906800F60FB94532C6EFF05FC103A50900CA85FE
:10907800EFF05FD01C4432461389A7FF133929004B
:1090880013B717003369E900631909000D476396A0
:10909800E7005C4499C303C907004C40A1C183871A
:1090A80005008DCF03A509001339190032C60E0932
:1090B800EFF09FDB1309290793071500324663DF9A
:1090C8002701B305A94003A5090093F5F50FEFF0B3
:1090D800DFBA4C4003A50900EFF0DFC91C44138731
:1090E800A7FF11C391EF03A50900A1473E87A686F4
:1090F80013064007973502009385456FEFF0DFC9E7
:1091080018448D476314F7025C44A1CB83C707005A
:10911800A9C703A50900A1473E87A68613064007ED
:10912800973502009385056DEFF01FC718449D47DA
:109138006315F7025C4495C398431C48631FF70006
:1091480003A50900A1473E87A68613064007973561
:1091580002009385256FEFF03FC403A509008545FC
:10916800EFF07FC3B640264496440649F259616140
:1091780082800841214789458547BA862686EFF0CF
:10918800DFAA81450329040071B51147E395E7EC8F
:109198005C44E38207EC9843144017360200130638
:1091A800E6005DB582805C41ADCF83C687009947F4
:1091B80063F9D70693070012B3C7D702411126C235
:1091C80006C622C44AC00D4793F4F70F6344F7005C
:1091D8009147BE840346950013070003B307F74081
:1091E800B387C702E91693F6F60F2A840841414669
:1091F8009305C007B3C7D7028D46C10713F9F70F08
:109208008147EFF09FA208402244B24026874A8651
:109218009244024985478D469305C00741016FF086
:10922800DFA082805C45C9CF5C41011122CC06CE0B
:1092380026CA4AC84EC62A84ADCF83475501B5CB46
:10924800EFF0DFD2814419495C408345940083C71D
:109258008700A69563DFF500034684002285850410
:109268000D8E1336160093F5F50FEFF0FFD5E39D3D
:1092780024FD2285EFF03FF3034754019307F00FD5
:109288006304F70281448549214983475401339790
:109298009900F98F91C7084093F5F40FEFF0AFE804
:1092A8008504E39424FF21A00840EFF0EFE3A30A2C
:1092B8000400F2406244D2444249B24905618280C6
:1092C8008280FD57A30AF5006FF0DFF585474CC192
:1092D80023140500230505005CC56FF09FFE584167
:1092E80039C783458500A1C5411122C406C626C2D7
:1092F8001384F5FF034795001374F40F23048500C6
:10930800637CE4007D57A3048500A30AE500B2400E
:109318002244924441018280AA84EFF01FBFA285B3
:109328002244B2402685924441016FF01FBE8280DC
:10933800584129CF03478700834585007D1763D7A8
:10934800E504411122C406C626C2034795001384CA
:1093580015001374F40F230485001507635D870057
:10936800F1157D57A304B500A30AE500B2402244D5
:10937800924441018280AA84EFF03FB9A285224439
:10938800B2402685924441016FF03FB8828058412F
:1093980015C38346A50099C68345850023050500A6
:1093A8006FF0BFB6584719C758C17D572314050039
:1093B800A30AE50082805C419DCF834585001307A1
:1093C8004003DC433387E502BA9703C7070305C7A1
:1093D800944711476391E602D04711CE984F144243
:1093E800998E984B63C6E600D84B63D3E600368760
:1093F80018C26FF09FB182805C419DCF8345850084
:1094080013074003DC433387E502BA9703C7070312
:1094180005C7944711476391E602D04711CE984F8C
:109428001442BA96984B63C6E600D84B63D3E6005D
:10943800368718C26FF07FAD82805C4189EBFD579B
:109448002314050023050500A30AF5008280DC47E4
:10945800FDD75CC1DDB71845011106CE2EC632C452
:1094680019E3EF0052615C4530006C008297F240CE
:10947800056182805841630607108345850093067D
:1094880040035C43B386D502B69783C60703638A55
:10949800060E94471D466366D60E1736020013065D
:1094A800A6308A06B2969442411122C4B29606C6E4
:1094B80026C22A848286C44789C8D44099C683C6EE
:1094C800840081C6A146631B9700B240224492449F
:1094D80041018280FD1693F6F60FE5DA58477DFBC9
:1094E800D85319C7D057A2851385C701EFF0BFF627
:1094F8005C40DCC444C023140400FD57A30AF400F4
:10950800E9B7D84719CF8346070093C6160023004A
:10951800D700D85319C7D057A2851385C701EFF0D4
:109528009FF38345840039A00347A50019EB8547BD
:109538002315F50022852244B240924441016FF080
:10954800DF9CD447F9DE904F98423297D04BE34ADC
:10955800E6FC98C27DBFD84719C3944B14C3D853AF
:1095680019C7D057A2851385C701EFF0DFEE5C401D
:10957800DC47C1D722852244B240924441016FF0B2
:109588001FE18280FD15994763E9B702173702008A
:10959800130787238A05BA959C41BA9782876FF08B
:1095A8001FD46FF0FFD86FF0FFEC6FF0FFE46FF09F
:1095B8001FDE6FF05FE06FF05FE88280797117C798
:1095C800FF1F1307276256CC22D626D44AD24ED084
:1095D80052CE5ACA5EC862C693050504BA86BA8ACC
:1095E80083470500034615001105E2074206D18F9F
:1095F8000346F5FFD18F0346E5FF2206D18F9CC2B3
:109608009106E39FA5FC17C5FF1F1305A5695443E1
:10961800105F9395960193D776001398E600AE975E
:1096280093D52601C295AD8F8D824C53B58F1443C7
:109638001318D6001107AE96B6979315F6009356F1
:109648001601AE9693553601C295AD8E2982B18E1C
:10965800B6975CDFE31DE5FA17C7FF1F13078752AC
:1096680004434043832387008322C700832F0701D5
:10967800032F4701032E87018328C701FA8E7283BF
:109688004689FE8696899E85228526860148173B4F
:109698000200130BAB1F130A0010939BA60193D76C
:1096A8006600DE97139C560193DBB600E29BB3C7B6
:1096B8007701139C760093DB9601E29BB3C7770191
:1096C800338C0A01B30B6801032C0C0083AB0B002D
:1096D8001108E29BDE9793CBF6FF33FCD601B3FB70
:1096E8006B00B3CB8B01DE97CA97931BE601135926
:1096F80026005E99131C3601935BD600E29B334922
:109708007901131CA600935B6601E29B334979013A
:10971800B34BB500B3FBCB00337CB500B3CB8B01A7
:109728005E99B38B3701CA97AE891A8963134805C6
:10973800329440C33254BE94DE9FAA93AE92369FB1
:10974800769E9A9804C3232477002326570023285B
:10975800F701232AE701232CC701232E1701A2545E
:1097680012598259724AE24A524BC24B324C4561F5
:1097780082807683AA85B68E3285DE863E8631BFA4
:10978800B7E7096A9387776617C7FF1F232CF73E49
:10979800B7B767BB938757E817C7FF1F2326F73E5E
:1097A800B7F76E3C9387273717C7FF1F2320F73E6D
:1097B800B7F74FA59387A75317C7FF1F232AF73C6F
:1097C800B7570E519387F72717C7FF1F2324F73C76
:1097D800B777059B9387C78817C7FF1F232EF73ACC
:1097E800B7E7831F9387B79A17C7FF1F2328F73A4E
:1097F800B7D7E05B938797D117C7FF1F2322F73AA4
:1098080023AE01A823AC01A823AA01A882809386CD
:1098180041A99C4201111397350022CC26CA06CED5
:109828004AC84EC652C456C2BA979CC2AA842E844D
:1098380063F7E700138781A91C4385071CC3938935
:10984800C1A903A90900630909041306000417CA7A
:10985800FF1F130A2A35B30A2641330549016372EB
:1098680054032286A685EF908F9B4A9423A08900F3
:10987800F2406244D2444249B249224A924A0561BE
:109888008280A6855686EF908F995285130909FC28
:10989800EFF0DFD2D6944A942289130AF003B30A70
:1098A8009400636F2A01937504FC1374F4032286F1
:1098B800A69517C5FF1F1305E52EEF904F967DB7A8
:1098C80033852A41EFF09FCF130909FCD9BF83A73D
:1098D800C1A9411122C417C4FF1F1304A42C26C216
:1098E80006C6AA84130700F813851700A2972380D9
:1098F800E7009307800363FDA70013060004098EA1
:1099080081452295EF90AF902285EFF03FCB01453E
:1099180013068003098E81452295EF904F8F83D7D8
:1099280081A917C5FF1F1305E52713D78700A207CD
:109938003E9783A781A9231DE40293D68701C1839B
:10994800A30CF40283D741A9230CD40213D78700B0
:10995800A2073E9783A741A9231FE40293D6870154
:10996800C183230ED402A30EF402EFF03FC517C73C
:10997800FF1F130727212685938604021C43110520
:10998800110713D68701230EC5FE13D60701A30EB0
:10999800C5FE13D68700230FC5FEA30FF5FEE39F70
:1099A800A6FCB2402244924441018280011122CC9B
:1099B80026CA4AC806CE2A8901447D469735020040
:1099C8009385C5FC97C4FF1F9384C417130700042D
:1099D8009307600363488600B307B40083C7070092
:1099E80093C76703B30694002380F6000504E311C8
:1099F800E4FEEFF0FFD8A28517C5FF1F13058514F5
:109A0800EFF0FFE099454A85EFF07FE017C5FF1FAB
:109A180013054511EFF0BFEB8145FD4617360200EF
:109A28001306C6F69307C00563C8B600B387C5001A
:109A380083C7070093C7C7053387B4002300F7001F
:109A48008505E39185FE2EC6EFF09FD3B24517C575
:109A5800FF1F1305250FEFF09FDB17C5FF1F130529
:109A6800650C93050002EFF09FDA6244F240D2449D
:109A7800424917C5FF1F1305E50805616FF03FE56B
:109A8800411122C403C431A926C24AC006C6AA8409
:109A98002E8925E4EFF0DFCE8D451725020013054A
:109AA8006571EFF0DFD617C5FF1F1305A505EFF0A9
:109AB8001FE21306000297350200938525DB17C5C0
:109AC800FF1F13052504EF10C25F1DE11385819C5C
:109AD800EFF0DFED1306000297350200938505D7F6
:109AE80017C5FF1F13050502EF10A25D13341500FB
:109AF800238981A88547A389F1A803C421A901CC9A
:109B08002685EFF0BFEA214697C5FF1F938585FF9D
:109B18004A85EF80DFF0B240228522449244024910
:109B280041018280B7F507002A868146E10519457B
:109B38001773FF1F67002329854713F5F50F630B7C
:109B4800F60089470D89630AF6003336C0001315FD
:109B58001600828019C1134535008280011122CC7C
:109B680003C4060026CAB2840346060006CE0604CD
:109B780003480700518C1374F40F630588028D485D
:109B88002286631D14012E86C2853EC63AC436C29B
:109B9800EFF09FFAB247224792462A862380C700F1
:109BA8002300870083C707000547638FE70009463E
:109BB8006381C70289E72380060023800400F240FE
:109BC8006244D244056182802380F4002380060029
:109BD800FDB7238004002380E600D5B7797106D647
:109BE80022D4034405002E88780893773400A30F05
:109BF800F100935744008D8B230EF100B68593072F
:109C0800F101C2862AC6EFF07FF58347C1011374BC
:109C1800C40C324592075D8C8347F1015D8C2300AB
:109C28008500B250225445618280797106D622D4CB
:109C38008D472E8881456383F600B6850344050069
:109C48007808B286935724008D8BA30FF1009357A1
:109C58006400230EF10042869307F1012AC6EFF053
:109C6800FFEF8347C1011374340332459A075D8CB3
:109C78008347F1018A075D8C23008500B250225486
:109C880045618280011122CC26CA2E84B284B68511
:109C98003A86BE8606CE2AC63EC4EFF01FF9A285D4
:109CA8006244A2463245F2402686D24405616FF0EE
:109CB800FFF209C583A5419E6FB03FE28280AA8565
:109CC80003A5419E41110D461305050406C6EF8004
:109CD8001FD5B2400D4541016FA00FA6B7870040C0
:109CE80003C767009907937627006381065E397179
:109CF8003787004006DE22DC26DA4AD84ED652D410
:109D080083477700930600031D0793F707036382D1
:109D1800D706834707009306000293F7F703638F7C
:109D2800D70E63E0F60C89466383D71A63EBF60215
:109D3800639A0716B787004003C5870003C721AB9E
:109D4800A5471375F50F6311F70209C583A5819E11
:109D5800EFB0BFD8B787004023800702130700FC85
:109D680005A28D466383D71AB78700400947238326
:109D7800E700B787004083C77700E207E18763DD24
:109D88000734130720FCB78700402381E7021389B3
:109D9800819E032409008349740083476400834437
:109DA8000400A209B3E9F900239831AB83471400F2
:109DB8002389F1AA13F704066309072413F7040299
:109DC800630C071AFD1793F7F70F2947636BF72EF4
:109DD80017370200130787BD8A07BA979C43BA97BB
:109DE8008287130720026383E71013073002638D0D
:109DF800E71213071002E399E7F6B787004003C795
:109E08006702134707042383E70203C76702137730
:109E1800C70F136727002383E702B9B783C721ABAE
:109E280015476382E7061947638AE7000D47E38D04
:109E3800E7F2B7870040238007029DA083D401ABD7
:109E480093070004268463F397003E849389C1AA8C
:109E580003A9090003A5819E42044180CA85228680
:109E6800818CEF80DFBB2299239891AA23A0290136
:109E7800B78700402380870203C7270213470704D8
:109E88002381E702D5B5B787004083C6370003D7DB
:109E980001AB93F60608558FA381E700B78700400A
:109EA8000947F9BF8347070093F70704E38E07EADA
:109EB800B787004003C76702134707F82383E70201
:109EC800B787004003C58700EFF0BFDE71BD834749
:109ED800070093F70704E38907E8B787004003C73B
:109EE800A702134707F82385E702BDBDB7870040DF
:109EF80003C7A702134707042385E70203C7A7027E
:109F08001377C70F13672700F9BF8347070093F735
:109F18000704E38B07E4B787004003C7E70213474A
:109F280007F82387E70289B5B787004003C7E70228
:109F3800134707042387E70203C7E7021377C70F0E
:109F480013672700F9BF034734008D476316F702EC
:109F58001305F101A30F0100EFB01FA70346F1019C
:109F680093070004AA8563F5C700A30FF1003E8696
:109F780003250900EF80BFAAE204E184814663DE7D
:109F8800040083D701AB930600043E8763F3F60011
:109F98003687998FBA862398F1AAB787004023801D
:109FA800D702130700FC15A2834754000347440057
:109FB800A207D98F138741AABA9703473400238091
:109FC800E7005DBF8347540003474400A207D98FC9
:109FD800138781AABA9703472400D5B7834754004B
:109FE80003474400A207D98F138741AABA9783C7AA
:109FF80007002300F40049B783475400034744008F
:10A00800A207D98F138781AAD5B7AD4663EBF60AA5
:10A01800973602009386469C8A07B6979C43B69764
:10A028008946828783473400834624001D46A20759
:10A03800DD8EA183138AC1AA6364F6021309F00FA7
:10A04800B9C3FD17C207C18319466363F602173601
:10A0580002001306669B8A07B2979C43B2978287D1
:10A0680093061002638CD708930620026386D70AEA
:10A078001309F00F09A897370200938767A42320D4
:10A08800FA0001494947637537012398E1AABA895B
:10A098009307000483250A004E8663F337013E8642
:10A0A8009319060193D909014E8622852EC6EF80A1
:10A0B8001F97B2459307F00FCE952320BA00E31DF2
:10A0C800F9EAB78700401307F0FC2381E702B78756
:10A0D800004009472383E700F2506254D2544259A2
:10A0E800B259225A21618280973702009387879A52
:10A0F8002320FA0001491307900271B783474400EF
:10A108001309F00FC9F3973702009387C7992320E3
:10A11800FA000149254785BF83474400D9E39737AB
:10A128000200938727932320FA0001491307F003BD
:10A1380099BF93F7F60F8546638DD70089466383E9
:10A14800D7029DF79387019D2320FA000149114703
:10A158001DBF973702009387678E2320FA000149B5
:10A16800294715B7973702009387C78B2320FA0032
:10A178000149594709BF973702009387E78CF1BF18
:10A1880013067002973502009385E5901795FF1F17
:10A198001305E5F1EF80BF889797FF1F938707F1B5
:10A1A80081BF01491307F00FF9BD834724002398A5
:10A1B800F1AAD9B383C731AB2300F4008547E3FD87
:10A1C80037DB8547EDB783472400A389F1AA6DB330
:10A1D80093F7F401639FD7028347440005476381DF
:10A1E800E70213071008E39EE7EC37870040834730
:10A1F800670293F7C70B93E727002303F702ADBB6A
:10A20800B787004003C76702137737072383E7023E
:10A21800A5B3E39807EA8347340003472400A2075D
:10A22800D98F0547E39AE7D483C711AAF99BA3807E
:10A23800F1AA99B393F7F4016391D70483475400C3
:10A2480003474400A207D98F0547638FE700130728
:10A258001008E398E7E6378700408347670293F7DB
:10A26800C70B93E7370051BF378700408347670222
:10A2780093F7370793E7C70049B7E39407E48347A1
:10A28800340003472400A207D98F0547E396E7CE99
:10A2980083C711AAD98F61BF2300040005B7230023
:10A2A800040083270900A3800700032709008347C8
:10A2B8000700FD8B99E783C711AA81C78947230047
:10A2C800F7008547E3FA37CB8947D5B5937617006A
:10A2D8009DC237870040A3010700BA86094723813A
:10A2E800E6022383E6022385E6022387E602054782
:10A2F8002380E700828093764700FDDA1147CDBFBF
:10A3080083C7A1AB9DE7AA8503A5419E411151468C
:10A318001305050406C622C4EF806FF005445145B5
:10A32800238D81AAEF905FC1B2402285224441016A
:10A3380082800145828097C7FF1F9387A7B241118A
:10A3480023A4F19E97C7FF1F9387C7A923A2F19E55
:10A3580097C7FF1F938707A123A0F19E97C7FF1FE9
:10A368009387479806C623AEF19CEF90FFB4B2409E
:10A37800B7E700E03707400023A0E7100145410197
:10A388008280854663F7A60603A7419E8347070098
:10A398009DE383471700E117A9EF1335550031E90D
:10A3A80083473700238AF1AA83474700A38AF1AA83
:10A3B800238CD1AA8280639ED70283461700F516A4
:10A3C8008DEA79151DC503472700A146630AD70200
:10A3D80063E2E60299466307D700930797FF93B7AE
:10A3E80017008607238BE1AAA38BF1AA8547A38CC4
:10A3F800F1AA8280930777FF93B717008A07DDB722
:10A408008D47CDB7B787004003C767009907937694
:10A418002700638D067679713787004006D622D4E7
:10A4280026D24AD04ECE52CC8347770093060003FB
:10A438001D0793F707036383D706834707009146F1
:10A4480093F7F70363E1F604FD1793F7F70F8D46CB
:10A4580063EAF61A972602009386C6678A07B697B4
:10A468009C43B69782879387F7FD93F7F70F0D47BD
:10A478006360F70A172702001307C7668A07BA97A7
:10A488009C43BA978287138707FE1377F70FE3FC7D
:10A49800E6FCB787004009472383E700B7870040F9
:10A4A80083C77700E207E18763DC0732B78700409C
:10A4B800130720FC2381E7021386819E044283C987
:10A4C800740083C76400A209B3E9F900239431AD8D
:10A4D80083C714002385F1AC03C40400137A04066F
:10A4E800630A0A2213070002631BEA1C03C744001D
:10A4F800F91793F7F70FA5460D8B63E8F62C972607
:10A5080002009386265F8A07B6979C43B697828790
:10A5180083C7A1AC95466382D70699466389D7005D
:10A52800E389E7F6B787004023800702A5A003D791
:10A5380081AC930700043A8663F3E7003E861384F0
:10A5480041AC0C4003A5819E4206418232C6EF8091
:10A558000FCD83D781AC3246918F2394F1AC1C4048
:10A56800B2971CC0B78700402380C70203C72702E1
:10A57800134707042381E70229BFB787004083C632
:10A58800370003D781AC93F60608558FA381E700FF
:10A59800B78700400947F9BF8347070093F70704C7
:10A5A800E38907EEB787004003C76702134707F838
:10A5B8002383E702B787004003C58700EFF07FDCFD
:10A5C800C9BDB787004003C7670213470704238341
:10A5D800E70203C767021377C70F136727002383B0
:10A5E800E702238D01AA75B58347070093F707048F
:10A5F800E38107EAB787004003C7A702134707F8B4
:10A608002385E702B787004083C7870059B5B78716
:10A61800004003C7A702134707042385E70203C7BF
:10A62800A7021377C70F136727002385E70295B59D
:10A638008347070093F70704E38D07E4B7870040D3
:10A6480003C7E702134707F82387E70265BFB78701
:10A65800004003C7E702134707042387E70203C73D
:10A66800E7021377C70F136727002387E70215B59B
:10A678008347070093F70704E38D07E0B787004097
:10A6880003C72703134707F82389E702A5BFB7873E
:10A69800004003C72703134707042389E70203C7BA
:10A6A80027031377C70F136727002389E702D5B35A
:10A6B8009387C1ABBA9703C734002380E7006204CD
:10A6C80061848146635E040083D781AC93060004ED
:10A6D8003E8763F3F6003687998FBA862394F1ACE8
:10A6E800B78700402380D702130700FCDDA09387BB
:10A6F80001ACBA9703C72400C9B79387C1ABBA970F
:10A7080083C7070017B7FF1F230EF7744DBF938742
:10A7180001ACF5B72D47636AF70A972602009386BE
:10A72800E63F1397270036971843369789460287DE
:10A7380003C7340083C624001D462207D98E21830F
:10A74800138941AC6362E60205CB7D17420741835A
:10A75800994763E3E702172602001306263F0A0714
:10A7680032971C43B297828793061002630BD7086F
:10A77800930610046308D70C8147130AF00F01A849
:10A78800972702009387C75A2320F900C94763F522
:10A7980037012394F1ACBE89930700044E8663F316
:10A7A80037013E86931906018325090093D90901CB
:10A7B8004E862685EF80AFA683270900CE972320F3
:10A7C800F9009307F00FE31CFAEEB7870040130770
:10A7D800F0FC2381E702B787004009472383E7009D
:10A7E800B250225492540259F249624A4561828019
:10A7F800972702009387074A2320F90093079009B7
:10A8080079B783C744000547638EE7000947638328
:10A81800E702BDF3972702009387E7482320F90052
:10A82800C547B5B7972702009387674A2320F900E1
:10A83800ED47B1BF972702009387674D2320F900A2
:10A84800A547B1B7172702001307F74D2320E900E2
:10A858003DBF93F7F60F1147E360F7F217270200A1
:10A86800130787308A07BA979C43BA978287972736
:10A8780002009387673E2320F9009307E00201BF97
:10A88800972702009387C73B2320F900D94701B7D0
:10A89800972702009387C7392320F900C147C5BD10
:10A8A800972702009387872D2320F9009307200B11
:10A8B800F9BD9387419D2320F9009147C9BD97278A
:10A8C80002009387673C2320F900A947C9B51306FE
:10A8D8007009972502009385053C1785FF1F13050E
:10A8E800C57FEF80CF939787FF1F9387E77E29B7B0
:10A8F80083C724002394F1ACD9B383C7B1AC2380B8
:10A90800F40003D781AC8547E3FBE7DA8547DDB779
:10A9180083C72400A385F1AC5DB39377F4016396F4
:10A92800D70A83C74400130710086385E7086363E1
:10A93800F7026388D7060D476381E7040547E39666
:10A94800E7E8B787004003C7670213773707238311
:10A95800E702B5B313072008638AE7021307300834
:10A96800E395E7E6378700408347E70293F7C70B8D
:10A9780093E727002307F70299B3B787004003C777
:10A98800E702137737072387E70215BB37870040AD
:10A998008347A70293F7C70B93E727002305F7021E
:10A9A80039BBB787004003C7A7021377370723854A
:10A9B800E70231B3378700408347670293F7C70B35
:10A9C80093E727002303F702DDB9E39007E083C785
:10A9D800340003C72400A207D98F0547E391E7CEC7
:10A9E80083C7B1ABF99BA38DF1AAD1B99377F401D1
:10A9F8006394D70A83C7540003C74400A207D98FBA
:10AA0800130710086381E7086363F7026384D706B6
:10AA18000D47638FE7020547E399E7DA3787004078
:10AA28008347670293F7370793E7C70061BF1307A8
:10AA380020086388E70213073008E398E7D83787C8
:10AA480000408347E70293F7C70B93E737001DB72A
:10AA5800378700408347E70293F7370793E7C70034
:10AA680011BF378700408347A70293F7C70B93E7C7
:10AA780037002DB7378700408347A70293F737077A
:10AA880093E7C70021BF378700408347670293F7E2
:10AA9800C70B93E737003DB7E39907D283C7340064
:10AAA80003C72400A207D98F0547E39AE7C083C7E5
:10AAB800B1ABD98F0DBF23800400A1B59377F40102
:10AAC8006399D70A238004001842834757008345B7
:10AAD8004700A207CD8F93051008638DB70663E47E
:10AAE800F5026384D7068D46638FD702854663884F
:10AAF800D7061C42A380070003D781AC8547E3F043
:10AB0800E7BC8947C5BB93062008638BD702930629
:10AB18003008E390D7FEB787004083C7E70293F772
:10AB280037048D4601A8B787004083C7E70293F72B
:10AB3800C708B146E39FD7FA85472300F70055BFFA
:10AB4800B787004083C7A702D9BFB787004083C72C
:10AB5800A702F1BFB787004083C76702C9B7B786A6
:10AB6800004083C66602B14593F6C608E393B6F87B
:10AB7800E9B7C1F32380040003C7B1AB1C4201C786
:10AB88002380D700BDB723800700A5B793761700A9
:10AB98009DCA37870040A3010700BA860947238169
:10ABA800E6022383E6022385E6022387E602238959
:10ABB800E602238D01AA23AA01AA239C01AA05471C
:10ABC8002380E700828093764700FDDA37870040CC
:10ABD800034757001147EDB723AC05FE1C4191E729
:10ABE800010001000CC18280BA8703A787FF6DFFAF
:10ABF80023ACB7FE82801DC18346E5FF1307F00F23
:10AC08009147639EE600411106C69770FF1FE780D3
:10AC18006052B24081473E854101828095473E851A
:10AC2800828001E9014582800145B2402244410108
:10AC3800828095654111938505D022C4C98D2A84E7
:10AC48002105C2054205C181418106C69770FF1FD3
:10AC5800E780E04171D9FD572320050023128500C4
:10AC68002303F5002105D1B71387C1AC1C4341115B
:10AC780022C426C24AC006C601440149BA8489E7EB
:10AC8800A16571250DC401A803C7E7FF6318A702D2
:10AC98001DC8A165FD249840832784FF6317E4023B
:10ACA80023A6F1ACFD57232C04FE230FF4FE2285C6
:10ACB800B2402244924402494101828011E03E8917
:10ACC80083A787FF6DBF3E84E5BF232CF9FED9BF5C
:10ACD800B9CD411122C406C62A8497B7FF1F83C77E
:10ACE80037282E856375F400894763E98700EFF0FC
:10ACF8009FF00D45B24022444101828083A785FF21
:10AD080099E703C7E5FF9307F00F6306F700EFF035
:10AD18009FEE1545C5B7238F85FE1385C1ACEFF0AF
:10AD2800BFEB22852244B240A165410199AC15458B
:10AD3800828023A601AC8280938741AE9C4399E32D
:10AD48003E85828003D727006316B70003C7070034
:10AD5800E308A7FEDC47E5B7BDCD797122D406D656
:10AD680026D24AD04ECE01444147B3D78540858B81
:10AD7800B1CF1205314722953305E502938741ADDE
:10AD880003A907008544B3948400C204C180BE8926
:10AD98002A990327090011C7032549002EC60297DF
:10ADA800B24531473304E40283A709003E941C44AA
:10ADB80089E72320090023220900B2502254A58DD7
:10ADC80002599254F2492E85456182800504E31E9A
:10ADD800E4F88144DDB72E8582804111139705017F
:10ADE80022C406C626C24AC041872E846350070281
:10ADF800EFF09FE719C1EFF01FE0A1673D8C2285B6
:10AE0800B24022449244024941018280EDD9AA8786
:10AE180001474146B356E440858A9DCA9207BA97CE
:10AE2800B146B387D702938641AD03A9060085448E
:10AE3800B394E400C204C1803E9983270900032526
:10AE4800490082972320090023220900258C45BF49
:10AE58000507E311C7FC8144D5BF97B7FF1F938748
:10AE6800670C9C53411122C406C61384018899C7F4
:10AE780082971C403E9523A0A18829A09387C1AD45
:10AE88009C43FDF70840B74703009387D73F330536
:10AE9800F502B7A72600938737ECB24022443E95C7
:10AEA80023A0A1884101828079C99387C1AD9C43C1
:10AEB800797122D426D24AD04ECE52CC56CA5AC81C
:10AEC80006D65EC63A8AB689328BAE8A2A898297B6
:10AED800938741AD9843BE840144B146C147B30B43
:10AEE800D40233067701104251E6C165938505F017
:10AEF80041459770FF1FE78080171DE597B7FF1F33
:10AF0800938747029C5B2D4589C7114581458297E8
:10AF18002D45B250225492540259F249624AD24AFB
:10AF2800424BB24B45618280938741AE98431DEFF7
:10AF380023A2A1AE230005009C40054733178700D4
:10AF480023260500232465012311E500232245015A
:10AF5800DE9723A0270123A2570123A44701014517
:10AF6800E38909FA238089006DB73E875C47F5FFBE
:10AF780048C7C9B70504E314F4F6214559BF094584
:10AF8800828097B7FF1F83C7B7FD637FF5001387DC
:10AF980001AD9317150008433E9583570500DD8DD5
:10AFA8002310B500014582800D45828097B7FF1FA9
:10AFB80083C717FB6371F502138701AD931715005B
:10AFC800084393C5F5FF3E9583570500FD8D231073
:10AFD800B500014582800D458280130705FF137770
:10AFE800F70FFD4763E7E70AB146B306D502938733
:10AFF80041AD984389473697184349CF011122CC70
:10B008004EC60544935945003D893315A4001314D1
:10B018000501418026CA4E85AE84A2854AC806CE5F
:10B02800EFF09FD12A89814729CDA2854E85EFF07F
:10B03800FFF79387C1AD9C43829797B7FF1F83D7CC
:10B04800E7F6338797022A84814613060064B3B76C
:10B05800970213050732B335E500BE95EFF0612876
:10B06800B307850097B6FF1F9386C6F33E87D44281
:10B0780063E4A70063E4D7003387D7402324E900BB
:10B088008147F2406244D2444249B2493E85056153
:10B09800828089473E858280011126CA06CE22CC4D
:10B0A8004AC84EC6BD47894463EFA70231473307F4
:10B0B800E502938741AD9C438944BA979C4385C771
:10B0C80005443314A400420441802E890145A28519
:10B0D800EFF09FC6AA89814419C5A2850145EFF002
:10B0E800FFEC23A42901F240624426854249D24458
:10B0F800B2490561828097B7FF1F83C777E663640B
:10B10800F5000145828001119387C1AD56C283AA1B
:10B11800070006CE22CC26CA4AC84EC652C4638E41
:10B128000A0A17BAFF1F130AEAE783244A00B74737
:10B1380036FE938707C8AE8997B5FF1F83D505E705
:10B14800BE94B387C5022A8432898146B3B5C50245
:10B1580013850732B337F50013060064BE95EFF088
:10B16800411863ECA406829A97B5FF1F83D505E4BE
:10B17800B3872503AA84130600648146B3B5250363
:10B1880013850732B337F500BE95EFF08115B30785
:10B198009500BE8403274A0063E4A70063E4E70040
:10B1A800B384E740CE852285EFF01FB901C504C5F9
:10B1B80005452DA0936504F0C205C18141459770EE
:10B1C800FF1FE780C0EA05E597B7FF1F938787D57C
:10B1D8009C5B81C7A285114582970145F240624474
:10B1E800D2444249B249224A924A056182809387F1
:10B1F80041AE9C438DE323A2A1AE854723260500DB
:10B2080004C52311350123008500A300F50023227E
:10B21800050079BFBA87D84775FFC8C7F9BF51C9B4
:10B22800797122D426D24AD04ECE52CC56CA5EC6A6
:10B2380062C466C206D65AC83689328AAE89AA84DA
:10B248004144314C938A41AD854C930B0003330B39
:10B25800840303A70A005A971C43B9E79375F400BF
:10B26800B395BC0013554440C2055286C18113757D
:10B27800F50FEFF05FE80DC983A70A000145DA97DB
:10B2880084C323A237016304090023008900B25054
:10B29800225492540259F249624AD24A424BB24B62
:10B2A800224C924C456182800504E31274FB2145CF
:10B2B800F9BF09458280411122C426C24AC006C688
:10B2C8002A842E89B284EFF01FE3CA852285EFF025
:10B2D800BFA605CD97B5FF1F83D545CDB38795028A
:10B2E8002A84130600648146B3B595021385073294
:10B2F800B337F500BE95EFE0D17E48C00145B240B6
:10B30800224492440249410182802145CDBF411126
:10B3180022C426C24AC006C62A892E84EFF0DFA1BD
:10B32800AA8419C123110500A2854A85EFF01FC818
:10B3380097B7FF1F83C7C7C26397270183D781AD1C
:10B348005D8C239C81AC014591E01945B2402244B3
:10B3580092440249410182809307F00263E7A704FF
:10B368004111B14722C43304F50226C2938441AD8A
:10B378009C4006C6A2979843894715C39377F50062
:10B388008545B395F500C205C1811181EFF03FF8FD
:10B398009C40A29723A0070023A207008147B24040
:10B3A800224492443E854101828089473E858280BD
:10B3B800411106C622C4EFF03F9811E50145B2409D
:10B3C8002244410182809387C1AD9C430045829706
:10B3D80097B7FF1F938707BD6368A402D843B74692
:10B3E80036FE938606C83305A4403697E378E5FC15
:10B3F80013070064B335E50203D687008146330599
:10B40800E502EFE0116E65BFD8433A94C1BF411120
:10B4180006C623A0A1AE0295B24097B7FF1F23AD81
:10B42800A7B4014541018280994763E9B7008A05BD
:10B4380097B7FF1F938747B5BE9588C18280411192
:10B448007146814517B5FF1F130505B406C623A22B
:10B4580001AE23A001AE23AE01AC9760FF1FE780C9
:10B46800A0D013068002814517B5FF1F130545AF0D
:10B478009760FF1FE78040CFEF60D11797B7FF1F96
:10B4880083C7B7AB13D527008D8B3E958D47330502
:10B49800F502854539051375F50F97B7FF1F238208
:10B4A800A7AC99473305F502130505249770FF1FCC
:10B4B800E780E0BB23AAA1AC59C5994717B6FF1F7F
:10B4C800034626AA3306F60281451306062497602A
:10B4D800FF1FE78060C9938741AD9C43938707248A
:10B4E80023A4F1AE17B7FF1F0347A7A70A07BA9708
:10B4F80023A8F1ACEFF0FF830D23938781AE94432B
:10B5080097B7FF1F83C7D7A5139727003697170646
:10B5180000001306A68410C3138717001377F70FCC
:10B528000A073697170600001306668B10C31387A1
:10B538003700890793F7F70F8A0797B5FF1FA3818D
:10B54800E5A2B69790C3B2404101828097B7FF1F2A
:10B5580083C717A117B7FF1F0347A7A063F1E70227
:10B56800138781AE18439386170017B6FF1FA309E8
:10B57800D69E93962700369708C33E858280930708
:10B58800F00FE5BF1C416389071641777D8FB70629
:10B59800002089476313D71603574500630F071424
:10B5A800411122C419462A849305F00F690506C67D
:10B5B8009760FF1FE78060C505478D476309E5125F
:10B5C8001C4481CB5858994763030712185C6300E1
:10B5D80007121306C003814517B5FF1F130585948D
:10B5E8009760FF1FE78040B81306C003A28517B510
:10B5F800FF1F130525939760FF1FE78060B317B7F8
:10B60800FF1F0357E79297B7FF1F9387A79119E783
:10B618001307001097B6FF1F239CE69017B7FF1F6C
:10B628000347279111E7054797B6FF1F2383E69045
:10B6380017B7FF1F0357079011E76D4797B6FF1F0E
:10B64800239AE68E17B7FF1F0347B78E11E71547F2
:10B6580097B6FF1FA38FE68C17B7FF1F0347A78D69
:10B6680011E7054797B6FF1F2387E68C17B7FF1F1B
:10B678000347778C19E703C7F70097B6FF1FA38C1A
:10B68800E68A17B7FF1F0347278B11E7354797B699
:10B69800FF1F2383E68A17B7FF1F0347378A19E777
:10B6A8001307800297B6FF1FA38AE68817B7FF1F04
:10B6B8000347978819E71307D00297B6FF1FA38D92
:10B6C800E6860347840119E71307C00397B6FF1FEF
:10B6D8002386E6869C5791C7829797B7FF1F2395C5
:10B6E800A788FD57A385F1C2EFF07FD58147B24007
:10B6F80022443E854101828089473E85828001112E
:10B708004EC697B9FF1F9389E98983A7090006CE1A
:10B7180022CC26CA4AC852C4829713090064B3359A
:10B72800250303DA89008146528633052503EFE0B5
:10B73800513B97B7FF1F9387A782804FAA84014583
:10B748006306940233858440636E940003A5490020
:10B7580052868146B335A9023305A902EFE0713854
:10B76800018D269597B7FF1F23A89780F240624462
:10B77800D2444249B249224A05618280011122CC51
:10B788000A852E844146970502009385A55306CE67
:10B79800EF70EFA8180806043A94035504FF97B70A
:10B7A800FF1F83D7C780F2406244AA9737450F002E
:10B7B800130505243355F5020561828097A7FF1FFD
:10B7C80083D7E77E51471D45637CF70279471945C2
:10B7D8006378F7021307200315456373F70213070D
:10B7E800B0041145637EF700130740060D456379E1
:10B7F800F7001307600909456374F70013B5B70F1D
:10B808008280011122CC06CE2A842EC6EFF0EFE406
:10B81800B245F240818D33A5A50222956244137585
:10B82800F50F05618280011122CC06CE2A842EC62E
:10B83800EFF0AFE2B245F240818D33A5A502229523
:10B8480062444205418105618280011122CC06CE05
:10B858002A842EC6EFF06FE0B245F240818D33B5F1
:10B86800A502229562440561828097A7FF1F9387EE
:10B87800676B985739CB411122C426C206C6BE84CD
:10B88800029717A7FF1F0357276E2A8415CBBA877D
:10B898006373A700AA87C207C183BA866373E400EB
:10B8A800A286C206C182958F5147635BF700DC54BC
:10B8B80091C38297EFF0705F97A7FF1F2396876A5F
:10B8C800B2402244924441018280828097A7FF1FA0
:10B8D80093874765DC57011106CEAA8581C72AC61A
:10B8E8008297B245D1C19C410545A5CFDC41B5CB76
:10B8F80083D78500BDC783D7A500A5C783C7C50063
:10B90800ADE3414617A5FF1F1305C5699760FF1FE3
:10B91800E780008297A7FF1F9387C7689C4323AEE1
:10B92800F1AC97A7FF1F83C777618DE79307800264
:10B9380017A5FF1F035585673305F50237460F0026
:10B948001306062481468145EFE0B11997A7FF1F2A
:10B95800A386A75E170500001305A5DAEFF03FAB35
:10B968000145F2400561828097A7FF1F83C7E75C06
:10B978001397870161876354070497A7FF1F23AFB5
:10B98800075E9767FF1F938767BB17A7FF1F232BC8
:10B99800F7607D5797A7FF1F23A8E760B787320096
:10B9A800938727A197A6FF1F23A2F66097A7FF1FDB
:10B9B80023800760B7C7004023A4E726A1BF13F779
:10B9C800170005CFB7872003938707D017A7FF1F56
:10B9D800232EF75CB707C0A817A7FF1F2326F75C1D
:10B9E8009767FF1F9387A7B817A7FF1F232CF75A3E
:10B9F80097A7FF1F238E075A31BF617797A6FF1FAE
:10BA08002396E65A81CB9307003217A7FF1F23100E
:10BA1800F75AC9B793072003CDBF011122CC17A449
:10BA2800FF1F13042450084406CE26CA4AC801E959
:10BA38000545F2406244D2444249056182805C581F
:10BA4800E5DB185C75D77000854582971844B247C6
:10BA5800E300F7FE9305E00417A5FF1F0355454DC6
:10BA68009760FF1FE780A06017A7FF1F232AA75032
:10BA780061D117A6FF1F0356A64B9305F00F9750E9
:10BA8800FF1FE780606E814417A9FF1F1309494D06
:10BA980097A7FF1F83C7E7490326090263C1F4027A
:10BAA80032859760FF1FE780E068014597A7FF1F71
:10BAB80023A8074C97A7FF1F23A6074C9DBF97A550
:10BAC800FF1F83D5E546B38795020844185C898132
:10BAD80085043E9508C2029765BF011156C297AA10
:10BAE800FF1F938A2A4483A78A0022CC4AC84EC6DD
:10BAF80006CE26CA52C45AC0AA892E8432896385C2
:10BB0800072203A74A03630707147D476366A71440
:10BB180097A4FF1F9384C44403AA040263170A0A64
:10BB28009565938515E017A5FF1F03556540976038
:10BB3800FF1FE780C05397A7FF1F23A3A7442A86A8
:10BB4800630A051083A74A0303A58A0097A5FF1F68
:10BB580083D5053E8981829783A78A0003AA0402B8
:10BB680017A7FF1F2320F7428947639CF908C1479D
:10BB78006312F40E97A5FF1F83D5853B938505FCBB
:10BB88009147B3C5F5028A05D29503C70500930707
:10BB9800A005631DF70A83C715006399370B4A850B
:10BBA800228691059750FF1FE78080589C50528548
:10BBB800639347150145F2406244D2444249B24971
:10BBC800224A924A024B05618280D850E38EE7F8F8
:10BBD8009565938525E017A5FF1F03556535976083
:10BBE800FF1FE780C0482A8A35C52A8683A74A03EB
:10BBF80003A58A0097A5FF1F83D58533898182977E
:10BC0800A5B78D47639DF900C1476315F40497A54F
:10BC1800FF1F83D5E531938545FDF199B5B7914768
:10BC2800639AF9006318340397A5FF1F83D545303D
:10BC3800A115E5B7C147639FF900A14763EC8700E9
:10BC480097A5FF1F83D5C52EC115C1BF9C5052852E
:10BC58006397470D294585B71307F006568B63612F
:10BC6800A70A130A05FE1947334AEA0217A7FF1F56
:10BC78000357072C97AAFF1F938A8A2E330AEA02D2
:10BC88003E9A83A74A026395470183A40A029DE46A
:10BC98009305E00417A5FF1F035585299760FF1F2B
:10BCA800E780E03CAA845DD583274B0397A5FF1F57
:10BCB80083D505282A86898152858297914513075D
:10BCC800A005898193972500A69783C607006393EB
:10BCD800E60483C61700639C360385058A05228619
:10BCE800A6954A859750FF1FE780804483A70A02DC
:10BCF800E38297EC26859760FF1FE780A0435DBD30
:10BD08001307E007E368A7F4130A05F985B783D595
:10BD1800270045BF83A70A02E38E97F2268597601E
:10BD2800FF1FE78020413DB797A7FF1F9387472351
:10BD38008C538DD191479306A005898313972700CB
:10BD48002E9703460700E317D6F003461700631C37
:10BD5800360185078A072286BE954A859750FF1FB8
:10BD6800E780003D81BD83572700C1BF97A7FF1F0C
:10BD78009387471B984739C79C5FA9C70547631333
:10BD8800E504411122C417A4FF1F1304641D1050B9
:10BD980006C60DC6485097A5FF1F83D5651989812A
:10BDA800829708509760FF1FE780C03897A7FF1F4A
:10BDB80023A8071C97A7FF1F23A6071CB2402244ED
:10BDC800410182808280011117A7FF1F1307871581
:10BDD8004EC68329870022CC26CA4AC806CE52C43A
:10BDE80056C2AA842E843289638A09201C5FBA8AC3
:10BDF80099EB2945F2406244D2444249B249224A69
:10BE0800924A056182805C5BEDD7FD4763E9A70E26
:10BE180097A9FF1F9389C91483A70902B1CB03A56A
:10BE28008A0083A749026395A70689476393F408A4
:10BE3800C147E310F4FC17A5FF1F0355650F914791
:10BE4800130505FC3345F5029317250003A50902E0
:10BE58002286CA853E959307A0052300F500A30016
:10BE6800950011059750FF1FE780802C014559B7B1
:10BE78009305E00417A5FF1F0355850B9760FF1F67
:10BE8800E780E01E97A7FF1F23ACA70E49F995B7D7
:10BE980083A74A0303A6090297A5FF1F83D545096F
:10BEA8008981829783A78A0017A7FF1F232CF70C85
:10BEB800ADBF8D47639EF400C147E31CF4F217A59C
:10BEC800FF1F0355E506130545FD9377C5FFBDBF65
:10BED8009147639AF400E31E94F017A5FF1F0355DA
:10BEE80025052115DDB7C147E395F4F0A147E3E245
:10BEF80087F017A5FF1F0355A5034115F9B7930749
:10BF0800F00663EAA706930705FE1947B3C7E702D9
:10BF180017A7FF1F0357C70117AAFF1F130A4A04D1
:10BF2800B387E702BE9983270A02A9CF83274A026B
:10BF3800639A370703250A0291461308A005FD55A1
:10BF480093D72600C207C183139727002A97034671
:10BF58000700631D060783481700035627006395EB
:10BF68009806B306D64063CF860485078A072286DB
:10BF7800CA853E95C5BD9307E007E3ECA7E693079E
:10BF880005F979B79305E00417A5FF1F035545FA8E
:10BF98009760FF1FE780A00D97A7FF1F23A2A7FEAA
:10BFA80051F581BD83A74A0303260A0297A5FF1FFF
:10BFB80083D505F889814E85829797A7FF1F23A30C
:10BFC80037FD8DBFA300B700B2869DBFB38586003D
:10BFD80017A6FF1F0356C6F59105130606FCE3FADC
:10BFE800C5E0130634001376C60F1106B296230077
:10BFF8000701A30097002311D70085BF97A7FF1F4C
:10C00800938707F69453BE89A1C203A509029146F6
:10C018001308A005FD5593D72600C207C1831397BF
:10C0280027002A970346070063160605834817006A
:10C038000356270063989800B306D640E3D786F2E4
:10C04800A300B700B286C1BF8357C70017A5FF1F5B
:10C05800034525EE9305E0043305F50242054181C9
:10C068009760FF1FE780A00097A7FF1F23AAA7F0EC
:10C0780049FD41B317A6FF1F035686EB97A5FF1F7F
:10C0880083C525EBB385C502338686001106E3E236
:10C09800C5D681BF01458280011106CE2EC6EF802C
:10C0A800C06101C9B245F2400355250005616FC062
:10C0B8006074F240494505618280A38A01B0238AF1
:10C0C80001B023AE01AE23A001B023A201B023A486
:10C0D80001B023AC01AE23AA01AE97A7FF1F938737
:10C0E80067ED370684033707B40090D337C60700D7
:10C0F80098C3130606B83747A000D8C3D0D337076C
:10C10800100041669306070AB70550009308060118
:10C1180094C723A4170393860501930816F8D4C778
:10C1280023A61703B706D007B7087F00130807052B
:10C1380013850601410723A81703B0C39308160007
:10C148009386060513861500D8CBF8C323A80701E4
:10C1580088CF23AE070023AA170323AC070223AE18
:10C16800070223A40704F0C7B4CB23AA0704ACCF63
:10C1780023AE0705B8D33707A000F8D71307000A7E
:10C18800B8DB1307C01CF8DB37071400B8DF054716
:10C19800F8DF130710F8E8D323A4070623A007083D
:10C1A80023A2E7088280011126CAAA84214522CC4D
:10C1B80006CE2E8432C636C43AC2EFE09FA61DC909
:10C1C800A24612473246930700FD2300F50099471F
:10C1D800A30095002301F5002303D500A303E50080
:10C1E8002312C500AA8522856244F240D244056123
:10C1F8006FE01FAEF2406244D2440561828023AEF4
:10C20800A1AE828023A0A1B0828023A2A1B08280A7
:10C2180023A4A1B08280011122CC4AC806CE26CA26
:10C228002A890144B30489006368B400F240624477
:10C23800D2444249056182802EC6EFE01FC293179F
:10C248000501C183A183B2452380F400930714003C
:10C2580093F7F70F850463F9B700CA970904238099
:10C26800A7001374F40F7DBF3E847DBFC16717A577
:10C27800FF1F035505DDFD176304F502411117A6DD
:10C28800FF1F034626E99385C1B006C6EF80E0216B
:10C29800B240FD5717A7FF1F2315F7DA4101828027
:10C2A800828009C925151375F50F1335850E1345B9
:10C2B800150082800145828023900500D1C67971DE
:10C2C80022D426D24ECE52CC5AC806D64AD056CA06
:10C2D8005EC63684328AAE892A8B814463F4440769
:10C2E800B307940083C70700138914004209939A7F
:10C2F800070193DA0A011359090163850A04CA97E9
:10C308006342FA04B307240183CB07005E85EFF08C
:10C318005FF90DC99387FAFF2390F90063906B03C7
:10C32800130519002295B250225492540259F24929
:10C33800624AD24A424BB24B45618280D694C204CB
:10C34800C18069BF0145C5B701458280411126C238
:10C35800AE8422C497A7FF1F23ACC7CE97A7FF1FA1
:10C3680023A6B7CE97A7FF1F23A0A7CE2A844146AE
:10C378009305F00F26854AC006C605499750FF1F4A
:10C38800E780A0E86312250597A7FF1F938707CBCF
:10C39800884BC145EFF03FE841469305F00F2285F1
:10C3A8009750FF1FE78060E6854463199502224491
:10C3B80097A7FF1F938787C8B24092440249C8478E
:10C3C800C14541016FF03FE54146814526859750BB
:10C3D800FF1FE78080E3E31125FD7DB741468145D6
:10C3E80022859750FF1FE78040E2E30295FCB240A8
:10C3F80022449244024941018280411122C426C24A
:10C408002E84AA8413060002814517A5FF1F130571
:10C41800E5C206C69750FF1FE78000D597A7FF1F04
:10C42800A38F97C097A7FF1F238887CEEFC0803EB2
:10C43800854719C181474945B240224417A7FF1FC4
:10C44800230EF7BE924441018280814781CD19C9EC
:10C458008547631BF50083C7550093E707FCA38254
:10C46800F50085473E85828089476317F50083C7B5
:10C47800550093F7F703E5B70D478547E314E5FE45
:10C4880003C755001377F70313670704A382E50072
:10C49800D1BF81478DC105C103C755009306000C64
:10C4A80085471377070C6308D700930600048D4768
:10C4B8006303D70089473E858280411122C4005D0D
:10C4C80006C626C21DC8AA84085009C59760FF1F62
:10C4D800E78040C6485009C59760FF1FE78080C5C0
:10C4E800085409C59760FF1FE780C0C4228597607C
:10C4F800FF1FE78020C423AC0402B24022449244C8
:10C508004101828009ED97A7FF1F83C747B317A58D
:10C51800FF1F130525B481CB1385C1AE828017A5F3
:10C52800FF1F130525B3828017A5FF1F034525B1FB
:10C53800828097A7FF1F938767B0C847828097A715
:10C54800FF1F9387A7AF884B828097A7FF1F93870A
:10C55800E7AEDC4B8843828097A7FF1F938707AE1F
:10C56800D84B1C4385071CC317A5FF1F034535ADD2
:10C578009307F00F6305F50091656FE09FA0828037
:10C58800011122CC06CE2E8432C6EF80402391477B
:10C59800B245631FF500938781B09C438DC303A305
:10C5A8000700630E030022856244F240056102839E
:10C5B800938701B09C4381C703A34700DDB7F240CE
:10C5C8006244054505618280011122CC2A84035505
:10C5D800450006CE26CA4AC84EC6EF70707D3DC5D6
:10C5E8002A89834405008349C500EFF01FED4A8579
:10C5F800EF80E05A03554400EF80A01783C741B18C
:10C60800B1CB6399970483C551B12685EFF0DFA8B4
:10C6180019E1238A01B003554400EF80401A91477D
:10C62800631FF5000357440097A7FF1F83D767A12F
:10C638006317F700FD5717A7FF1F2314F7A0F24051
:10C648006244D2444249B2490561828081499304D7
:10C65800F00F6DB79307F00FE38FF4FA8346640089
:10C6680003564400034524004E87A685EFF0BFB368
:10C678005DB779715EC6AA8B2E8552CC56CA5AC848
:10C6880006D622D426D24AD04ECEAE8A328B368AED
:10C69800EF70107265C5045D2A89EDC09C50614534
:10C6A80099C3130540039C5481C751054205418134
:10C6B80063050A00710542054181DC5081C75D05AB
:10C6C80042054181EFE0EFD52A844DC96146814595
:10C6D8009750FF1FE78040A997A9FF1F83C989903A
:10C6E8006394090083490900930700FD2300F400BF
:10C6F800A947A30074012301F400230364018C50AB
:10C70800231254011305840191C908C47146930A80
:10C7180044039750FF1FE780A0A156858C5491C908
:10C7280048C45146930A45019750FF1FE78040A02F
:10C738005685630C0A0008C87146D285930AC5015C
:10C748009750FF1FE780C09E5685CC5099C548C8B2
:10C758005D469750FF1FE780A09DA2854E85EFE0BC
:10C768002FD72254B2509254F249624AD24A424BCD
:10C77800B24B4A85025945616FF03FD4B2502254FA
:10C7880092540259F249624AD24A424BB24B45612D
:10C79800828001114EC6AA892E854AC806CE22CCAF
:10C7A80026CA2E89EF70D06021C997A4FF1F83C4C1
:10C7B800648399E0834405001945EFE08FC62A8415
:10C7C80005CD814519469750FF1FE780E0999307EB
:10C7D80000FD2300F400B947A30034012301F4004D
:10C7E80023122401A2856244F2404249B2492685B7
:10C7F800D24405616FE0CFCDF2406244D244424951
:10C80800B2490561828039715ECEAA8B2E8526DAFF
:10C818004ED652D456D25AD006DE22DC4AD8AE843E
:10C82800328BB68A3A8ABE8942C6EF70705821CDDB
:10C838002A894145EFE0EFBE2A8431C5414681454A
:10C848009750FF1FE78040921795FF1F0345857992
:10C8580019E103450900930700FD2300F400BD47D3
:10C868002301F400B247A3007401231294002304A7
:10C878006401A304540123054401A30534015CC4E5
:10C88800A285EFE0EFC4F2506254D2544259B25933
:10C89800225A925A025BF24B21618280797126D228
:10C8A800AA8439454AD04ECE06D622D42EC6B2899D
:10C8B8003689EFE00FB721C1B2459307000D231069
:10C8C800F500B1472A842312B5002301F500CE856F
:10C8D800190519469750FF1FE78080852306240114
:10C8E800A2852254B2500259F24913F5F40F92541A
:10C8F80045616FE0EFBDB250225492540259F2499B
:10C90800456182801797FF1F034777739307F00FDE
:10C91800630DF706411126C2AA84394522C406C60A
:10C928004AC0EFE00FB02A8439C9930700FD2300FD
:10C93800F500A3009500230105009795FF1F938537
:10C9480065710D0519469740FF1FE780607E1799AE
:10C95800FF1F1309A96E83578900A2851795FF1F2A
:10C968000345F56D2315F400834719002306F400E9
:10C978002244B2409244024941016FE06FB5B2408F
:10C9880022449244024941018280828001115AC0A6
:10C998002A8B314526CA4EC652C456C206CE22CC70
:10C9A8004AC8AE84B28A368ABA89EFE08FA735CDF5
:10C9B8002A842685EF70D03F11C50347C500A147DB
:10C9C8006314F7041799FF1F03497967930700FD5C
:10C9D8002300F4009D47A30064012301F4002312FF
:10C9E8009400231354012314440123153401A28510
:10C9F8006244F240D244B249224A924A024B4A85E2
:10CA0800424905616FE0CFAC1799FF1F0349D97000
:10CA1800E31E0BFA938701C19C439C47C5DBCE8676
:10CA28005286D6852685829755B7F2406244D2440D
:10CA38004249B249224A924A024B05618280011159
:10CA480022CC2A84214506CE2EC6EFE08F9D21C137
:10CA5800B245930700FD2300F500C5472301F50003
:10CA680083C73500A301F50083D745002312F500DD
:10CA780083C765002303F50083C77500AA85A30350
:10CA8800F50022856244F24005616FE06FA4F24030
:10CA9800624405618280397162CC2A8C594526DA54
:10CAA8004AD84ED652D456D25AD05ECE06DE22DCB2
:10CAB800AE8432C636C4BA8B3E8BC28A468A835944
:10CAC800010403494104EFE0CF9525C93246930795
:10CAD80000FDA2462300F5009547A301C500A30069
:10CAE80085012301F5002A8419461105A9C2B685D6
:10CAF8009740FF1FE780C06323066401230A2401CF
:10CB080023157401231754012318440123193401F0
:10CB1800A2856254F2504259B259225A925A025B83
:10CB2800F24B624C2685D25421616FE06F9A8145A1
:10CB38009740FF1FE7804063C1B7F2506254D25458
:10CB48004259B259225A925A025BF24B624C216105
:10CB580082809797FF1F83C7874E8DCB4111AA8587
:10CB680019461385C1AE06C69740FF1FE780405C93
:10CB78009385C1AE1795FF1F0345654CEFF0FF8CF9
:10CB8800B2401385C1AE41016FB050490145828062
:10CB98001797FF1F0347B74A9307F00F6305F70876
:10CBA800411126C2AA84294522C406C6EFE06F8730
:10CBB8002A8429C1930700FD2300F500A14723011A
:10CBC800F500A30095009797FF1F9387274783C712
:10CBD80027009385C1AE1105A30FF5FE19469740AE
:10CBE800FF1FE780E054A2851795FF1F03453545D1
:10CBF800EFE00F8E1797FF1F034767448D47631FAA
:10CC0800F700938741B09C4391CB03A38700630748
:10CC180003002244B240924441010283B2402244BC
:10CC28009244410182801797FF1F034747418D4770
:10CC3800631AF700938741B09C4389C703A3870011
:10CC4800E31D03FC8280797122D406D626D24AD00D
:10CC58004ECE52CC094455CD2A89035505002E8A5B
:10CC68005144EF70F014AA844DC59797FF1F83C7EE
:10CC7800A74AFD1793F7F70F05474944637BF70861
:10CC88000347C500A1476314F70063140A089C5CB6
:10CC98004544C1E39165938545711305C0029750DA
:10CCA800FF1FE780C03C88DCAA894D443DC11306BC
:10CCB800C00281459740FF1FE780004B835709005A
:10CCC8009386490036852391F900714693054900FA
:10CCD80036C69740FF1FE780A04589472380F900A3
:10CCE80003C5C400B2460356090061159795FF1F96
:10CCF80083C5454213351500EF80D02D2A8463067D
:10CD08000A00D2852685EF80601801C42685EFF0D9
:10CD1800CFFA2285B250225492540259F249624AFB
:10CD2800456182809797FF1F83C7073FFD1793F7D9
:10CD3800F70F0547637AF708894741CA011122CCE2
:10CD480026CA4AC84EC652C406CEAA89368AB284B2
:10CD58002E89EF70F0052A84D14739C9485509C58D
:10CD68009750FF1FE780003DF14526859740FF1F3C
:10CD7800E780E04148D4CD4705CD8346C40021472C
:10CD88008147639FE600630D0A000347A501035628
:10CD9800050193062501AA854E85EF80A016AA876E
:10CDA80003474400630F0900136767002302E40088
:10CDB800F2406244D2444249B249224A3E85056162
:10CDC800828013674700DDB7C9473E858280930795
:10CDD800200463EBA7009797FF1F9387A71D0605FD
:10CDE8003E9503550500828041657D1582800111BD
:10CDF80022CC2A842E8526CA06CEAE84EF70407BCC
:10CE08001DCDB7470F009387F723094563E48702D1
:10CE180081450A8541469740FF1FE780E034A68593
:10CE2800231081000A85418023018100A3010100AC
:10CE3800EF80F005F2406244D244056182804945A2
:10CE4800D5BF9797FF1F2388A72C82806F80B012C9
:10CE5800797152CC2A8A328522D426D24AD04ECE33
:10CE680056CA5AC85EC606D662C4AE8BB28A368B1C
:10CE7800BA843E89C2894684EF70807315C92A8CAA
:10CE880063140A0213774B008347450015CF93E7D5
:10CE980027012302FC008DEC631C0902639A090236
:10CEA80005E8ED9B2302FC00832B8C0363910B08A0
:10CEB800B250225492540259F249624AD24A424B21
:10CEC800B24B224C45618280F59B93E70701D1B7AD
:10CED80093E747002302FC0001CC1C484146A28589
:10CEE8002324FC0213058C019740FF1FE780402490
:10CEF80063930B02D5D80325CC0209C59750FF1FB1
:10CF0800E7804023F14526859740FF1FE7802028CA
:10CF18002326AC0251BFE30909F80325CC0209C551
:10CF28009750FF1FE7800021F1454A85F1BF9DC456
:10CF380083A70B0299EB91659385357171459750DD
:10CF4800FF1FE780C01223A0AB0203A50B0219C57F
:10CF58007146A6859740FF1FE780801D63880902F8
:10CF680083A74B0299EB9165938525715D45975091
:10CF7800FF1FE780C00F23A2AB0203A54B0219C510
:10CF88005D46CE859740FF1FE780801A1DC483A7A2
:10CF98008B0299EB91659385157151459750FF1F49
:10CFA800E780E00C23A4AB0203A58B0219C5514608
:10CFB800A2859740FF1FE780A0172254B2509254D1
:10CFC800F249B24B224CCA865A860259424BD68540
:10CFD8005285D24A624A45616FF0AFE9011126CA0B
:10CFE80052C406CE22CC4AC84EC62A8AAE84EF70F6
:10CFF800205C25C5AA893945EFD0BFC22A8431CD26
:10D008001799FF1F034909FE6314090003C90900A2
:10D018009307000D2310F400AD472301F400938516
:10D0280069001305340019469740FF1FE780401038
:10D0380093F71400858085882306F400A3069400DE
:10D0480023154401A2856244F240D244B249224ADF
:10D058004A85424905616FD0BFC7F2406244D24455
:10D068004249B249224A0561828001114EC652C422
:10D0780056C206CE22CC26CA4AC8AA8A2E8AB289A5
:10D08800EF7000532DCD2A891305C002EFD07FB968
:10D098002A8435C59794FF1F83C4C4F499E0834458
:10D0A80009009307000D2310F400E9472301F40059
:10D0B800930569001305340019469740FF1FE78060
:10D0C8002007D285231554011305C4004146974013
:10D0D800FF1FE780E005CE851305C4014146974050
:10D0E800FF1FE780E004A2856244F2404249B2494A
:10D0F800224A924A2685D24405616FD07FBDF2400C
:10D108006244D2444249B249224A924A0561828025
:10D11800938741AF884301CD411106C69750FF1F41
:10D12800E7804001B24023AA01AE4101828082809B
:10D13800011106CE22CC26CA4AC82EC6EF70404737
:10D1480039CDB2451799FF1F0349C9E9AA840CD5FF
:10D1580063140900034905004145EFD09FAC2A84B8
:10D168001DCD9307000D2310F500A5472301F500F9
:10D1780083C75400938564001105A30FF5FE194673
:10D188009740FF1FE780C0FA9C54A285F2405CC418
:10D198006244D2444A85424905616FD07FB3F24068
:10D1A8006244D2444249056182801D71A2CC86CE78
:10D1B8002A842EC6EF70C03F05CD8346C5001147AF
:10D1C800AA8749456392E6029C5FB24599C383C525
:10D1D80067012308B100979600009386265C100823
:10D1E80089452285EF705041F6406644256182806A
:10D1F8005145DDBF9797FF1F83C707F2FD1793F7C8
:10D20800F70F0547637AF704894721CA411122C4F9
:10D2180026C24AC006C6B2842E89EF7060392A84B5
:10D22800D14705C5630809008347450093E72700F0
:10D238002302F5004146A685130584019740FF1F88
:10D24800E78000EF9C481CD48147B24022449244B6
:10D2580002493E8541018280C9473E8582807971B5
:10D2680022D406D62A842EC6EF70803401CDB2456A
:10D278002285230EB1006C08EF70D03DB2502254C5
:10D28800456182805145DDBF6F706048C167138773
:10D29800E7FF6394E502938701B09C4391EB49450E
:10D2A80082804945B2402244924402494101828029
:10D2B80003A30700E30503FE0283411122C426C22B
:10D2C8004AC006C6FD172A892E84B2846395F502E2
:10D2D800938701B09C4391CB9C4381CB829711E506
:10D2E800238A21B1A38A91B075BFA6854A85EFE04C
:10D2F800BFDA4DF9F5B72E85EF70802B5DD18347E6
:10D3080005000D45E39027FB22852244B2400249DF
:10D31800A685924441016FB0E04D9307200463E273
:10D32800A7064111C16722C406C626C2FD172A8472
:10D3380009456382F502C547AE846313F4022E855E
:10D34800EFB040521795FF1F1305C5C606042A946F
:10D35800231094000145B240224492444101828046
:10D368009307A0036316F4002E85EFB02049D9BFB8
:10D378009307B003E318F4FC13F5F50FEFB040483A
:10D38800D1B709458280011106CE2AC6EFE0FFD247
:10D39800EF200023EF10E060EF4081593245979766
:10D3A800FF1F9387A7C9130700F02391E700238283
:10D3B80007007D579797FF1F9387C7D52381E700FD
:10D3C8002380A700F240954505616F50503659718A
:10D3D80093970501CAD086D6A2D4A6D2CECED2CCF7
:10D3E800D6CADAC8DEC6E2C4E6C2EAC06EDEC187C3
:10D3F8002E8963D1075A1795FF1F0345A5D1EFD092
:10D40800BF868964416A856A797B2A84938BD400B4
:10D418007D1AA50A130CABFF1DE021653345A90051
:10D42800B650265496540659F649664AD64A464B8B
:10D43800B64B264C964C064DF25D6561828083475B
:10D4480004001307200A639DE700035524009799F9
:10D45800FF1F83C9D9BE2286D285EFF06F9259A2E9
:10D46800130710099799FF1F83C9E9CA6398E7183A
:10D478008347140015476390E7022285EFF0CF94A5
:10D488002285EFD04FF71795FF1F0345A5C8EFD0AA
:10D49800AFFD2A8451B73947639BE7180355440009
:10D4A800631B55050C4483CC0500639D0C00850562
:10D4B80091C919461795FF1F1305C5B99740FF1F56
:10D4C800E78000C71797FF1F034747B785476317CC
:10D4D800F712638A0C009797FF1F238107B66685AA
:10D4E800EFF04FC271BF89471797FF1F2308F7B4A2
:10D4F800EFB0803271B793872400631AF506832C46
:10D508008400638D0C0E83C70C008DE383C72C0049
:10D5180003C71C00A207D98F1797FF1F2314F7B260
:10D5280083C73C001797FF1FA30AF7B01797FF1F81
:10D538000347C7B089476313F70C83C70C0081CB37
:10D548009797FF1F238C07AE03C50C0051BF8D476B
:10D558009795FF1F83C595AE1795FF1F035585AE99
:10D568001797FF1F230CF7ACEF50701FF1BF93877D
:10D5780054006318F5001C4403C50700EFF04FE1A1
:10D5880001B7B3078501C207C18311476372F70466
:10D598009307ABFCAA97139707014183F14763F1FF
:10D5A800E7029387B4006312F5049387C1AF9C43E5
:10D5B800E38807EC9C43A285E38407EC82971DA0CF
:10D5C800B70700189387F770B3D7E700858BB9CBF7
:10D5D800938741B09C43E38507EA9C43E38207EACB
:10D5E80022858297E31E05E811A89387C40063107B
:10D5F800F5021C4483C70700E38407E89307F00F8C
:10D60800E380F9E8A2854E85EFD08FECADBD938716
:10D61800E4006319F500938701B09C43E38207E6B1
:10D62800DC4351BF93871404E301F5F8C1BF3D47BC
:10D638006397E70403554400E30F75FD938794014E
:10D64800E30BF5FC93873401E31AF5FA9797FF1F6C
:10D6580083D7279F639E4701938701B09C43E3814B
:10D6680007E2DC43E38E07E0A28513853401B9B7EE
:10D67800938781B09C43E38507E09C43E5B7130794
:10D68800E003E39DE7F68347240005476397E70E29
:10D6980083476400938D41AFF1E383A70D00D5CB99
:10D6A80083CC0700A14903457400130D8400EA8563
:10D6B800EFE03FDE83474401A303A400835804013D
:10D6C8000358E400035744002A86034534003EC249
:10D6D80083572401EA86E6853EC0CE87EFF0AFBBCC
:10D6E8008347340095E7DD47835804010358E40075
:10D6F80083467400835544003EC2835724016A87D9
:10D7080005463EC06685CE87EF70A021A301A40020
:10D7180083A70D0081C71145EFF09F9F03C541B155
:10D72800E30005D683C551B1EFE01F97E30A05D49E
:10D738008346340093071003638AF60003564400B7
:10D748004E8783C541B13685EFE0FFA5238A01B036
:10D7580005BB979CFF1F83CC9C8EA9B7938741B0CC
:10D768009C43979CFF1F83CC9C8D91498DDFDC43A4
:10D778009DDB8145014582973DB729476391E70CB9
:10D7880083476400138D41AFC1E783270D00A5CF00
:10D7980083CC0700A149034574009306840093775E
:10D7A8002500D1C713761500930D44018347040261
:10D7B8008358C4010358A4010357440003453400A7
:10D7C8003EC28357E401E6853EC0CE87EFF0AFAC9A
:10D7D8008347340095E7DD478358C4010358A40103
:10D7E80083467400835544003EC28357E4016E8724
:10D7F80005463EC06685CE87EF70A012A301A4003F
:10D8080083270D0001BF979CFF1F83CC5C8359B70A
:10D81800938741B09C43979CFF1F83CC5C829149BE
:10D82800BDDBDC43ADDB814501458297ADB7B685ED
:10D8380036CEEFE01FC6F2462A86B68D85BF094769
:10D84800639DE7009387C1AF9C43E38B07C2DC432A
:10D85800E38807C22285829725B12D476399E7009F
:10D868009387C1AF9C43E38D07C09C47D5B70D474D
:10D878006397E70022868D4503554400F9BE194792
:10D888006395E7069305610213051031EF40E10F38
:10D898002C1013052031EF40410F035664008357C5
:10D8A80081020355440063E8C70083568400035788
:10D8B800610263F7E60093050002EFA0B079C9B6EC
:10D8C8006374E6002313E40063F4D7002314F40020
:10D8D8000357C4008356A40003568400835564008C
:10D8E80001488147EFA0D07661BE1D47E388E7D0A5
:10D8F80031476395E7002286B145BDBF3547639937
:10D90800E7009387C1AF9C43E38C07B6DC4789B730
:10D9180039476396E7002285EF00D00395B63D4767
:10D928006399E7009387C1AF9C43E38B07B49C4B93
:10D9380005B741476396E7002285EF00900C89B64A
:10D9480045476396E7000145EF00701B15BE494740
:10D95800639EE700938741B09C43E38107CADC4399
:10D96800E38E07C881450545829749B94D47639DB0
:10D97800E700938741B09C43E38207C8DC43E38F09
:10D9880007C6A2850945CDB76147E399E7C6228650
:10D99800E145DDB593F7150081CF9387C1AF9C436F
:10D9A80089C7DC4399C301458297134519008DBC8B
:10D9B80093F7250089CF938741B09C4391C7DC43F7
:10D9C80081C78145054582971345290091BC93F786
:10D9D80045000145E38607A4938781AF9C4399CF0F
:10D9E80085471787FF1F230DF764938741B09C4332
:10D9F80091C7DC4381C78145054582979787FF1FFB
:10DA08009387C763C8472C10EF70D0342810EFF005
:10DA18004F949787FF1F83D7075C81CF1306006455
:10DA28003386C70291451785FF1F0345A56EEFD0C2
:10DA38008FEC13454900EDB2011122CC2A845545DB
:10DA480006CE26CAEFF0AFB8AA8413054002EFF05D
:10DA58000FB82AC613055002EFF06FB7AA862285C1
:10DA680062443246F240B3359000D24405616FA05B
:10DA7800D065797122D406D68D472E84631FF500B0
:10DA880003D7A50083D6850003D665000345340077
:10DA980083D54500EFE09FEF09A889671387D70072
:10DAA8006310E50403C5250019E58547B2502254E3
:10DAB8003E8545618280938741AF9443FDD603C676
:10DAC800360083C50600814802C202C0014881476A
:10DAD80001479106EFE03FFC0545EFF06FE3F1B732
:10DAE8001387E700E303E5FC13873701631AE500B2
:10DAF80003C525005DD9014781460146814559BFC7
:10DB0800E507E304F5FAB1476319F5001785FF1F28
:10DB18000345F552EFE0BFF249BF41677D178147E2
:10DB2800E316E5F803C75500C947E310F7F883D6AD
:10DB3800E50003D6C5000355840083D5A500EFA0F2
:10DB4800D05941C95D45EFF08FA83335A000231C9B
:10DB5800A10083454400035524003008EF605016A7
:10DB680083578101B9F36C0813051031EF30F16167
:10DB78009305E10113052031EF3031618357C1016D
:10DB8800035784006374F7002314F4008357E101FA
:10DB98000357A40063F4E7002315F40083578400B7
:10DBA8000357A4006374F7002315F40003552400F9
:10DBB800EFA070570357E4008356C4000356A4002F
:10DBC800835584000355240001488147EFA050463F
:10DBD800E9BD8547231CF100ADBF1787FF1F034729
:10DBE800D7539307F00F6309F70859C5411122C4A9
:10DBF80026C206C6AA840345A5004105EFD06F8258
:10DC08002A8435C59307000D2310F500D947230151
:10DC1800F50083D744002312F50083C7640023036B
:10DC2800F50083C77400A303F50083C784002304A9
:10DC3800F50083C79400A304F50003C6A4002305D8
:10DC4800C5001DC2CC44410548C49730FF1FE7807A
:10DC5800204EA2852244B24092441785FF1F0345F7
:10DC6800D54B41016FD0CF8623260500DDB7B240E2
:10DC780022449244410182808280C1671387E7FF72
:10DC8800639DE500938741AF9C4395C383C7070015
:10DC98000D47639CA7006FA0F038FD1749476396AE
:10DCA800F500938741AF9C43FDF73A858280494749
:10DCB800EDBF797122D406D626D24AD04ECE52CCA8
:10DCC80056CA5AC80347050085472A84630AF704D9
:10DCD80003468500930695009305E1000545EFE0AE
:10DCE800AFDD814719C1834705008346040011470A
:10DCF8006380E604138741B218438D460347170033
:10DD08006308D70295C70DC719ED0145B2502254D3
:10DD180092540259F249624AD24A424B4561828082
:10DD280081470145D9B785466318D7028D8BF1DF46
:10DD380003451400130A2400D285EFE08FF5A300F1
:10DD4800A400138981B283270900AA8A8149930410
:10DD5800F00F99EB05455DBF8946E318D7FA858B27
:10DD6800F9B7850993F9F90F83C701B263FDF90281
:10DD780003250900139B49005A9583470500E38250
:10DD880097FE83471500E39E57FD1946D28509057E
:10DD98009730FF1FE780C04269D5832409000347F5
:10DDA8000400DA9485EC834604009147E38FF6F487
:10DDB80083270900B9DB03C601B201479305F00FB9
:10DDC800E305E6F4BE84C10703C507FF630EB50A81
:10DDD80005071377F70FEDB788C4F5A09147631AC5
:10DDE800F706C84405C58347840003460500630455
:10DDF800F606034704009147631DF706C84419C592
:10DE08009740FF1FE780003323A6040003458400E2
:10DE180091659385E57105059740FF1FE7802025EB
:10DE280005C5034704009147631EF704C8C4834728
:10DE38008400930594000505A30FF5FE03468400AE
:10DE48009730FF1FE780C02E034584003335A000BC
:10DE580075BD884441BF9305940005059730FF1FA1
:10DE6800E78000368547E316F5F85545EFE03FF6BD
:10DE7800BDA8884441DD9740FF1FE780A02B23A45D
:10DE8800040069B788C465B72380D40083471400A9
:10DE9800D28513852400A380F40019469730FF1F0C
:10DEA800E78000290345840091659385F571050590
:10DEB8009740FF1FE780A01B05C503470400914753
:10DEC800E31CF7F0C8C48347840093059400050554
:10DED800A30FF5FE034684009730FF1FE780402517
:10DEE80083478400E39807E6034504007D1513354E
:10DEF800150029BD797122D426D24ECE52CC06D631
:10DF08004AD056CA5AC82A849309250003451500E1
:10DF1800CE85938441B2EFE0CFD7A300A4009C4004
:10DF28000D472A8A83C71700639BE700138981B2CC
:10DF380083270900814A63910718054535A0FDD755
:10DF4800144C034674019305E1000545EFE0CFB694
:10DF58001DC9984085468347050003471700631F7E
:10DF6800D7008D8BE1F70145B250225492540259E3
:10DF7800F249624AD24A424B456182808946858B82
:10DF8800E316D7FAC5B78347040011476385E7004E
:10DF98002D47E39AE7FC938481B29C40E9D7814AF4
:10DFA80001491DA88840139B4A00834704005A95DD
:10DFB800034705006311F70283471500639D470176
:10DFC8001946CE8509059730FF1FE780601F01C5F8
:10DFD80003A904005A99850A93970A0103C701B255
:10DFE800C183E3E1E7FCE31309F4B5BF93944A0066
:10DFF80026950347050083470400631EF70A8347F5
:10E008001500639A470B1946CE8509059730FF1FFF
:10E01800E780001B4DC1832709001147BE94834741
:10E0280004006385E7002D47639DE70203AAC40047
:10E038008347740103460A006308F6025285974035
:10E04800FF1FE780200F0345740191659385E571F3
:10E0580005059740FF1FE780800115E5E39F04EC65
:10E06800ADA003AA8400E9B70C4C13051A00973039
:10E07800FF1FE780E0148547E312F5FC5545EFE004
:10E088001FD569DDCDB58347040011476385E700D7
:10E098002D476390E702C8C4834774010505A30FA1
:10E0A800F5FE034674010C4C9730FF1FE7804008CB
:10E0B80075B788C4D5B7850A93970A0103C701B213
:10E0C800C18303250900E3E3E7F283C601B203270E
:10E0D800090081471306F00F11A8BA844107834548
:10E0E80007FF638AC5008507C207C183E3E7D7FE38
:10E0F800A9B588C499A083470400CE851385240058
:10E108002380F400834714001946A380F400973055
:10E11800FF1FE780E0010345740191659385F57160
:10E1280005059740FF1FE78080F4E30805E00347F3
:10E1380004009147E31FF7FAC8C483477401050533
:10E14800A30FF5FE034674010C4C9730FF1FE780C0
:10E1580020FEE5B31787FF1F034737FC9307F00F2F
:10E168006300F70A51CD411126C2AA84514522C441
:10E1780006C64AC0EFC0FFAA2A842DCD9307000D1A
:10E188002310F500D5472301F50083C73400138910
:10E198008400CA85A301F50083D744002312F50043
:10E1A80083C764002303F50003C57400EFE06FAE76
:10E1B800A303A400CA851305840019469730FF1FDE
:10E1C800E78000F783C7E400A2851785FF1F034592
:10E1D800D5F42307F40083D704012318F40083C778
:10E1E80024012309F4002244B24092440249410127
:10E1F8006FC01FAEB240224492440249410182805E
:10E2080082801787FF1F034757F19307F00F6304B6
:10E21800F70431C1411122C42A84194506C6EFC04A
:10E228005FA0AA850DC59307000D2310F500DD47F3
:10E238002301F500835744002244B2402312F5001D
:10E248001785FF1F034575ED41016FC07FA8B240D8
:10E258002244410182808280011122CC138481B240
:10E268001C4006CE26CA4AC84EC652C499CF2E8A2A
:10E27800AA840149084063129902630C0A04974072
:10E28800FF1FE78020EB23A401B2F2406244D2448E
:10E298004249B249224A0561828093194900B3076D
:10E2A8003501884709C99740FF1FE780A0E81C404F
:10E2B800CE9723A407001C40CE97C84709C99740AA
:10E2C800FF1FE78020E71C40BE9923A60900050927
:10E2D80055B745DD1396440081459730FF1FE78009
:10E2E800A0E8144081477D5613F7F70FE37F97F8AE
:10E2F8001397470036972300C7008507F5B7011124
:10E3080052C4138A41B283270A0006CE22CC26CAF9
:10E318004AC84EC656C25AC0D1CF2A89014419EDFF
:10E32800938781B2944399CA03C601B22A8481476C
:10E338009305F00F13F7F70F6368C7081315340038
:10E348002105EFC01F8EAA8401E92145EFC07F8D0A
:10E35800AA8421C501444D49930700FD2380F40098
:10E368008547A38024012381F400A381840045C844
:10E378001389840023A224018149938A81B2130B53
:10E38800F00F83C701B263F3F90039E883270A0065
:10E39800A68503C50700EFC0BF93814503C501B239
:10E3A800EFF09FEB03250A009740FF1FE78080D816
:10E3B80023A201B2F2406244D2444249B249224AFD
:10E3C800924A024B056182801397470036970347AC
:10E3D80007006305B70005041374F40F850799BF98
:10E3E80083A70A0093954900BE9583C705006384F7
:10E3F80067032300F90083C71500130529007D145E
:10E40800A300F900194689051374F40F9730FF1F0C
:10E41800E78000D22109850993F9F90F9DB723A256
:10E428000400ADB7938741B29C43B9C7411122C4D8
:10E4380006C62A841DE10945EFE07F992A8601C9AD
:10E4480085451785FF1F0345E5CCEFC0DFCA0545A5
:10E45800EFF08FDE2A84054501CC85451785FF1F1F
:10E46800034545CBEFC0BFEA2285EFF05FE90545DC
:10E47800B2402244410182800145828089679386A7
:10E48800B7006317D5009C4503C507006FF09FF9D7
:10E498009386C7006318D5009C45854603C50700C9
:10E4A80019C9EDB793861704E30FD5FC93872704A2
:10E4B8008146E303F5FE36858280797106D622D43B
:10E4C80026D24AD04ECE52CC56CA5AC85EC679C950
:10E4D80083473500AA8985C7404115C05945EFE0F3
:10E4E8001F8F931A850193DA8A410149138A41B231
:10E4F800130B000DB54B83C73900636DF900B2509B
:10E50800225492540259F249624AD24A424BB24BBF
:10E51800456182808307840263CD570783270A00F9
:10E52800ADCB2285EFF0EFF82DC5034584005105EA
:10E53800EFC02FEFAA8431CD2310650123017501A7
:10E5480083470400194693052400A301F5008307B7
:10E55800840215052303F50083471400A30FF5FE75
:10E568009730FF1FE780C0BC034684002386C400A1
:10E578001DC61385440188C8930594009730FF1F72
:10E58800E78000BB83270A00A68503C50700EFC004
:10E598002FF40509130494021379F90FA9BF23A8CE
:10E5A8000400CDB7938741B29C43B1DBEFF03FD570
:10E5B8002254B25092540259F249624AD24A424B0A
:10E5C800B24B014545616FF02FC7797106D622D449
:10E5D80026D24AD04ECE52CC56CA5AC85EC671C14F
:10E5E80083473500AA8985C7444195C05945EFE05E
:10E5F8000FFE931A850193DA8A410149138A41B2C1
:10E60800130B00FDC14B83C73900636DF900B2508D
:10E61800225492540259F249624AD24A424BB24BAE
:10E62800456182808387F40063C8570783270A00FF
:10E63800A5C75145EFC0EFDE2A8439CD2300650117
:10E64800A30005002301750183C7040019469385BB
:10E658002400A301F5008387F4001505A306F5003F
:10E6680083C71400A30FF5FE9730FF1FE78040AC67
:10E6780083C78400938594001305C400A305F400A0
:10E6880019469730FF1FE780A0AA83270A00A285B2
:10E6980003C50700EFC0CFE30509C1041379F90FDB
:10E6A8009DB7938741B29C43BDD3EFF05FC5225419
:10E6B800B25092540259F249624AD24A424BB24B82
:10E6C800014545616FF04FB75D7186C6A2C4A6C209
:10E6D800CAC04EDE52DC56DA5AD85ED662D466D24A
:10E6E8006AD06ECE630C0526834735002A898DCB08
:10E6F80040411DC45945EFE08FED93178501E1872F
:10E708003EC68144938941B2130A000DC94B054C9A
:10E71800B54C130D00FDC14D8347390063E1F40288
:10E72800B640264496440649F259625AD25A425B88
:10E73800B25B225C925C025DF24D6161828083076C
:10E74800C400324763C6E71683A709006382071629
:10E75800034B040093770B01CDCFCD47631EFB0617
:10E76800230004002285EFF0EFF8630305148347C4
:10E77800040011476363F7146399870D5145EFC08F
:10E788004FCAAA8A630605122300A501A300050043
:10E798002301B50103470400194693052400A3018A
:10E7A800E5000307C4001505A306E50003471400A8
:10E7B800A30FE5FE9730FF1FE7808097034704010A
:10E7C800194693051401A385EA001385CA009730FA
:10E7D800FF1FE780E095F1A0D5476318FB00854748
:10E7E8002300F400A30B0400B5BFF547E309FBFEC3
:10E7F800C9476316FB0089472300F400A5B7C14742
:10E808006314FB008D47CDBFED47E31DFBF4914733
:10E81800E5B793778B0099C3AD47F9BF93761B0093
:10E8280093774B0091C699C395475DBFA147E9B758
:10E8380093762B0091C699C3A5475DB799476DBFDD
:10E8480099C3A94755BF9D4745BF03457401510565
:10E85800EFC02FBDAA8A29CD2310450123019501B8
:10E8680003470400194693052400A301E5000307A4
:10E87800C40015052303E50003471400A30FE5FEB4
:10E888009730FF1FE780C08A034674012386CA00B9
:10E8980019C613854A0123A8AA000C4C0DBF23A84A
:10E8A8000A0003A70900D68503450700EFC04FC239
:10E8B8008504710493F4F40F85B5034574011305B9
:10E8C8000502EFC00FB6AA8A65D5231045012301BA
:10E8D80075018346040013770B061946558FA3016B
:10E8E800E50003471400930524001505A30FE5FE72
:10E8F8009730FF1FE780C0830347840019469305BC
:10E908001401A385EA000347940013853A0123867E
:10E91800EA000347A400A386EA000347B40023875C
:10E92800EA000307C400A387EA000357E40023981A
:10E93800EA00034704012389EA009720FF1FE780C4
:10E94800207F03467401A38CCA0011C613850A02EE
:10E9580023AEAA0099B723AE0A00A1B7938741B2A4
:10E968009C43E38F07DAEFF09F992644B64096441C
:10E978000649F259625AD25A425BB25B225C925CF7
:10E98800025DF24D014561616FF00F8B9777FF1FB4
:10E9980083C78778A18B138581B191E301456FD037
:10E9A8007F86238001B2FD571777FF1FA307F776ED
:10E9B80023A401B223A201B29777FF1F9387076AA6
:10E9C800170700001307C7AB98C317070000130702
:10E9D80007AFD8C317070000130767BF98C7170703
:10E9E80000001307A7CED8C717F7FFFF1307271F85
:10E9F80098CB938781B117F7FFFF1307472898C370
:10EA080017F7FFFF13072707D8C38280411122C4D5
:10EA180085452A8403C501B206C6EFF0FF839777C0
:10EA2800FF1F83C7676FA98BB5CB1775FF1F13052A
:10EA3800E562238081B2EFD08FFC138481B21C4041
:10EA480091C74D45B24022444101828003C501B2BD
:10EA580019E10145C5BF91659385B57112059730D8
:10EA6800FF1FE780C06023A4A1B261DD03C601B225
:10EA7800120681459720FF1FE780006F104083C66C
:10EA880001B28147FD5513F7F70FE374D7FC1397CD
:10EA9800470032972300B7008507F5B70145238063
:10EAA80001B2EFD0CFF575B7938781AF884301CD19
:10EAB800411106C69730FF1FE780C067B24023ACFC
:10EAC80001AE41018280828001111305700306CED8
:10EAD800EFE0EFAF2AC613058003EFE04FAF2AC47B
:10EAE80013059003EFE0AFAE2246B245F240AA8686
:10EAF800054505616F90B05C5D711305D00386C64E
:10EB0800A2C4A6C2CAC0EFE08FAC2A841305C00312
:10EB1800EFE0EFABAA841305E003EFE04FAB2A89DF
:10EB28001305F003EFE0AFAA8A871377F50F937602
:10EB3800F90F13F6F40F9375F40F0545EF9030595C
:10EB4800B64026449644064961618280757122C5A3
:10EB5800138481AF1C4006C726C34AC1CEDED2DC6F
:10EB6800D6DADAD8DED6E2D405456388070E9305EF
:10EB7800F1051305F041EF1061689305F1051305E0
:10EB8800F041EF10A1678346F1051777FF1F034790
:10EB9800074BB337E00091C289071840BEC603454A
:10EBA800370093054700EFD05F8A1840AAC40D4587
:10EBB80083452700AEC2EFE08FA1AAC01145EFE060
:10EBC8000FA100402ADE65450347A400034CB400AA
:10EBD8003ADCEFE0CF9FAA846945EFE04F9F2A898E
:10EBE8007145EFE0CF9EAA896D45EFE04F9E2A8AD6
:10EBF8007545EFE0CF9DAA8A7945EFE04F9D2A8BB6
:10EC080013050004EFE0AF9CAA8B13051004EFE096
:10EC18000F9CE2042648B6476257F25606469645C8
:10EC28001375F50F93FBFB0F137BFB0F93FAFA0F8A
:10EC3800137AFA0F93F9F90F1379F90FE1842AD0AF
:10EC48005ECE5ACC56CA52C84EC64AC426C262C004
:10EC5800930844000545EF907041BA402A449A440D
:10EC68000A49F659665AD65A465BB65B265C49612C
:10EC78008280011122CC06CE8D472E846316F506BC
:10EC880003C73500E94703D545006318F7009777B0
:10EC9800FF1F83D7073B6385A706EF50701109C58F
:10ECA800835764002317F5000357A4008356840094
:10ECB800035664008355440003453400EFD01FCD4C
:10ECC800035744009777FF1F83D7A7376308F700D8
:10ECD8008547F24062443E8505618280FD5717777B
:10ECE800FF1F2310F736EDB78967CD07631DF500C1
:10ECF80083C7250031476385E7004547E39AE7FC6A
:10ED0800EFD0CFD6F1B7B1476319F5001775FF1FDC
:10ED180003459540EFD0BFD265BF41677D17814756
:10ED2800E319E5FA83C655004947E394E6FA83C533
:10ED3800450003552400300023140100EF502073D0
:10ED480041BF411122C406C626C283C7C1B21307F8
:10ED5800E00F2E846383E7041307F00F6387E7024D
:10ED68001145EFB01FEC15C1930700FD2300F50016
:10ED780089472301F5008547A3008500A301F50015
:10ED8800AA8503C5C1B2EFB0BFF4F9572386F1B223
:10ED9800B2402244924441018280AA841145EFB0D6
:10EDA8005FE87DD5930700FD2300F5008947A300A0
:10EDB80085002301F500A30195002244B240924446
:10EDC800AA8503C5D1B241016FB09FF079714AD0CD
:10EDD800138981AF8327090022D406D626D24ECEC6
:10EDE80052CC4544C5EF9777FF1F83C7E732958B11
:10EDF8004944CDC7AE899165A386A1B2AA849385FB
:10EE0800757131459730FF1FE780602623ACA1AEAE
:10EE18004D4449C523009500A30005002946CE8529
:10EE280009059720FF1FE780A03083270900914636
:10EE380003C7270063EEE6083DEB4D472381E70053
:10EE480003C72700136707012381E70093057100B3
:10EE58001305F041EF10813A83477100F9EB1777FA
:10EE6800FF1F0347C71D8D476315F70CEFD06FECE5
:10EE78002C00EF60206E2800EFD0BFCD4545EFD0C5
:10EE88001FF5014401CD130600643306C502914500
:10EE98001775FF1F03450528EFC0EFA52285B2505F
:10EEA800225492540259F249624A45618280854649
:10EEB8006314D700754759B789466314D700494783
:10EEC800B5BF8D466314D70041478DBF5547BDB7C1
:10EED80095464A8A630ED70099466316D7000947B4
:10EEE8002381E70031A01D466314C7022381070070
:10EEF8006545EFD0DFED9307F007E309F5F4032745
:10EF08000A008347270093E707042301F7003DBF62
:10EF180021466314C7000547E1B725466315C700B6
:10EF28002381D700F1B7A9460544E319D7F611475D
:10EF380045BFEFF0BFC12A8435D1EFF0FFB6B9BFA6
:10EF4800011126CA938481AF9C4022CC06CE494445
:10EF5800A9C783C707000D446391A704894517759E
:10EF6800FF1F0345251BEFC08FBA91451775FF1F7B
:10EF78000345451A239801B2EFC06FB99C40014779
:10EF88008146A38087001306F10085478545014522
:10EF9800A307F100EF9070122A842285F2406244A0
:10EFA800D24405618280011106CE22CC26CA85474B
:10EFB800631AF50683D701B3B1CB1777FF1F034751
:10EFC800270829E71307B003636DF702894517750A
:10EFD800FF1F03452514EFC08FB39307006403D6C2
:10EFE80001B33306F60289451775FF1F03458512DD
:10EFF800EFC06F90239801B2F2406244D244056199
:10F008008280938747FC2398F1B2FDB7938781AF3D
:10F018009C43FDD36244F240D24403C50700056116
:10F028006FF01FF2938481AF9C40F9D79777FF1F49
:10F0380083C7870E918BE9D389476313F5062D455E
:10F048002EC6EFB01FBE2A8445D9B245930700FDEE
:10F058002300F500E547A30005002301F50083C759
:10F06800350015051946230FF5FE83C7450095059C
:10F07800A30FF5FE9720FF1FE780800B1775FF1F72
:10F08800034595099307F00F6315F5009C4003C5E8
:10F098000700A2856244F240D24405616FB05FC3A5
:10F0A80089451775FF1F0345E506EFC04FA6624463
:10F0B800F240D244239801B205616FF0FF9E977722
:10F0C800FF1F83C76705958B91CB9387C1B39C437B
:10F0D80081CB85472389F1B26FF01F9F4945828014
:10F0E80041458280238901B2854501456F90A07D05
:10F0F8009777FF1F83C74702958B91C7854723875B
:10F10800F1B26FF07F9F49458280238701B2814524
:10F1180005456F90007C9307C01C63FCA700094558
:10F1280082800945F2406244D2444249B2490561AD
:10F1380082805DC5011122CC2A8421054EC6420574
:10F14800AE8991659385657141814AC806CE26CA04
:10F158009730FF1FE780A0F12A8961D5938481B396
:10F16800884009C59730FF1FE780C0FC1305890058
:10F178002320A9002286814523AC21B39720FF1FB5
:10F18800E78080FE9C402286CE8588439720FF1F1B
:10F19800E78000FA9C4023928700938781AF9C43C5
:10F1A80085CF9777FF1F83C727F7958B85CB9387E5
:10F1B80081B39C4399CF984383D647006244F24079
:10F1C800D2444249B24905468D45054505616F90CF
:10F1D800406E01478146DDB70145A9B7494599B752
:10F1E800938781AF9C438DC79777FF1F83C7C7F26B
:10F1F800958B8DC3938781B39C4381CB984383D6EA
:10F20800470005468D450545D9B701478146D5BF15
:10F2180001458280494582809307C01C63FCA70092
:10F22800094582800945F2406244D2444249B249C4
:10F23800056182805DC5011122CC2A8421054EC654
:10F248004205AE8991659385557141814AC806CEBC
:10F2580026CA9730FF1FE78080E12A8961D5938409
:10F2680001B4884009C59730FF1FE780A0EC13055B
:10F2780089002320A9002286814523A021B5972053
:10F28800FF1FE78060EE9C402286CE85884397204A
:10F29800FF1FE780E0E99C4023928700938781AFB6
:10F2A8009C4385CF9777FF1F83C707E7958B85CB4F
:10F2B800938701B49C4399CF984383D6470062440F
:10F2C800F240D2444249B24905468D45054505619B
:10F2D8006F90605E01478146DDB70145A9B7494592
:10F2E80099B7938781AF9C438DC79777FF1F83C7D3
:10F2F800A7E2958B8DC3938701B49C4381CB984338
:10F3080083D6470005468D450545D9B7014781464F
:10F31800D5BF01458280494582809307C01C63F4AC
:10F32800A70009458280797122D44ECE06D626D20E
:10F338004AD0AE892A8431CD21059165420593854D
:10F34800757141819730FF1FE78060D22A8909458E
:10F35800630109089384C1B3884009C59730FF1F2A
:10F36800E78040DD130589002320A9002286814516
:10F3780023AE21B39720FF1FE78000DF9C40228641
:10F38800CE8588439720FF1FE78080DA9C40239230
:10F398008700938781AF9C43014585CF9777FF1FEF
:10F3A80083C787D7958B49458DC76C001305D03027
:10F3B800EF20A15DB247014593F7070F99CB9387DB
:10F3C800C1B39C438D450545944303D64700EF9050
:10F3D800404FB250225492540259F24945618280FA
:10F3E800938781B39C4391CF03D647008C43411147
:10F3F80006C69720FF1FE780A0D3B2400145410110
:10F40800828009458280938781B39C4385C793870F
:10F4180001B49843894705C3035647000C4341117B
:10F4280006C69720FF1FE780A0D0B24081473E85DF
:10F438004101828089473E858280938781B39C43BE
:10F4480085C79387C1B39843894705C303564700C7
:10F458000C43411106C69720FF1FE78060CDB240DC
:10F4680081473E854101828089473E85828001111E
:10F4780006CE22CC26CA4AC88D4763FAA70089441B
:10F48800F240624426854249D2440561828017775A
:10F49800FF1F0347A7BAC144E314F7FE9307F5FF1C
:10F4A80093F7F70F8546AE842A841779FF1F03491F
:10F4B80009B963ECF6069DE199452800EFC0BFD570
:10F4C80091451775FF1F0345E5C49777FF1F2388EC
:10F4D80087B6EFB0DFE33DE881445DB71946814563
:10F4E80028009720FF1FE78020C819462C00268592
:10F4F8009720FF1FE780C0CC59F119469305F00FFC
:10F5080028009720FF1FE78020C619462C00268573
:10F518009720FF1FE780C0CA3DF11946A68528003D
:10F528009720FF1FE780C0C061BFE31BE5F897770E
:10F53800FF1F9387A7B0C8472C00EF60A001AA84DB
:10F5480041D19777FF1F238C27AF1DBF2800EFD02D
:10F558004FE0AA847DF5930571001305F041EF0093
:10F56800F14983447100ADF88D47E317F4F645453A
:10F57800EFD0FF8535D1B7771800938707A03306FA
:10F58800F50291451775FF1F0345C5B8EFB0BFD207
:10F59800C5BD9777FF1F83C727B8918B99CF4111B6
:10F5A800138541B306C6EFC0BFC6B240FD571777F3
:10F5B800FF1F2318F7A84101828001456FC05FC56E
:10F5C800FD57A386F1B2F9572386F1B2238901B218
:10F5D800238701B2239801B223AC01B223A001B45E
:10F5E80023AE01B29777FF1F938787A817070000FC
:10F5F8001307472198C3170700001307079BD8C3B1
:10F6080017F7FFFF1307C75498C717F7FFFF13072C
:10F61800E74BD8C717F7FFFF1307474E98CB97F765
:10F62800FFFF9387476523AAF1B28280411126C262
:10F63800938481AF9C4006C622C485CF2A840D4599
:10F64800EFB02FDEAA8519CD930700FD2300F50042
:10F658008D47A30085002301F5009C4003C50700E2
:10F66800EFB00FE719C42244B240924441016FF051
:10F67800AFC3B240224492444101828079714ECE98
:10F68800938981AF83A7090026D206D622D44AD00F
:10F6980052CC8144A1C783C4170085472A8963884F
:10F6A800F4049777FF1F83C7A799854485EB0D4519
:10F6B800EFB02FD7AA8505C1930700FD2300F500F9
:10F6C8009147A30025012301F50083A7090003C57D
:10F6D8000700EFB0EFDFEFF02FBD8544B2502254A2
:10F6E800268502599254F249624A4561828093877D
:10F6F80081B39C434E8A85E30145EFD04FED2A86BE
:10F7080001CA89451775FF1F0345C5A0EFB0BF9E05
:10F7180083270A00B1A0944303D647009305E1006C
:10F728000545EFC07FB969D983470500858BE9D7BF
:10F738000545EFD0CFE99307B0032A8463F3A70404
:10F748005D661306067089451775FF1F0345859C7E
:10F75800130444FCEFB03FB6239881B283A7090095
:10F768000947A380E7009777FF1F83C7678D91C775
:10F778009777FF1F2386078C95B74A85EFF01FEB15
:10F78800B1BF130600643306C5029DBF411122C4F0
:10F798002A840D4506C6EFB0CFC815C1930700FDF2
:10F7A8002300F500CD47A30085002301F50022447E
:10F7B800B240AA8503C5D1B241016FB06FD1B24042
:10F7C800224441018280411122C42A840D4506C683
:10F7D800EFB02FC515C1930700FD2300F500ED47D5
:10F7E800A30085002301F5002244B240AA8503C581
:10F7F800D1B241016FB0CFCDB240224441018280E5
:10F80800035745000111896606CE22CC26CA138605
:10F818006600AA876317C7009C47014583C5070090
:10F8280009A813868600631AC7009C47054583C547
:10F838000700EFF00FD105453DA813869600631326
:10F84800C702138781AF1843014515C79C4703C5F5
:10F858000700631B050C8547A300F7000545EF80EB
:10F86800307CD1BF1386A600631CC7009C4703C524
:10F878000700EFF0BFE0F2406244D24405618280A5
:10F8880013866603E30AC7F813867603E30FC7F8FF
:10F8980013868603631DC7081C451307E00F83C43E
:10F8A800070083C7C1B2638EE7021307F00F6386B0
:10F8B800E7021145EFB0EFB6AA8505C1930700FD31
:10F8C8002300F5008947A30095002301F500A30153
:10F8D800050003C5C1B2EFB0AFBFF9572386F1B237
:10F8E80099BF938781AF98433E84014549D785ECFA
:10F8F80085447D4523059100EFD06FCD2316A100E7
:10F9080013050002EFD0AFCC1C40A305A1001307DC
:10F91800B100A380970074001306A1008545054532
:10F92800EF80B07909BF2685EFF05FD029B713863D
:10F938009603E30DC7F21386E6036317C7001C4559
:10F94800094583C50700F5B59386F603631DD702FD
:10F958001C4503C507003DE96C001305D030EF20B6
:10F96800C102B247414793F7070FE386E7EC9305D7
:10F97800B10013056031EF2041010345B100854511
:10F98800EF8070744DBD8966138606046313C7043F
:10F998001C4503C4070083C721B3228585EB0D45A9
:10F9A800EFB02FA8AA85E30805E8930700FD230018
:10F9B800F500D1472301F500A3008500938781AFA7
:10F9C8009C4303C50700EFB0AFB0B5B5EFF01FDC3F
:10F9D8009DB513861605631BC7001C4503C50700A4
:10F9E80021E585450545EF80D06EB1B5938626059E
:10F9F8000145E312D7E89C4703C4070083C7E1B277
:10FA080022859DE30D45EFB0CFA1AA85E30505E268
:10FA1800930700FD2300F500F147A30085002301AB
:10FA2800F50003C5D1B245B7EFF0FFD929B54111AB
:10FA38009767FF1F83C7476E06C6958B99CB1765D7
:10FA4800FF1F1305E562EFC04FFC4D45B240410171
:10FA580082800145EFC06FFB0145CDBF03C705009C
:10FA6800937625009377D70F99C2936727001318C9
:10FA780085011358884113F7F7076354080013E703
:10FA88000708937685009377770F99C29367870065
:10FA98001377050293F6F70D19C393E6070223803F
:10FAA800D500634508009377A50281CB83470600FC
:10FAB80093E7C7002300F60082807DFD8347060098
:10FAC800CD9BCDBF2D456319071403C50500094714
:10FAD8006310E51401114EC6BE89DC4122CC26CA4A
:10FAE8004AC806CE03C7170083C70700B684220793
:10FAF8005D8F42078D664187938736A032842E89B1
:10FB08006301F70E63C0E702938716A06309F70A3B
:10FB180063C1E70E938606A0630CD7062390040002
:10FB280005454DA8938766AA6305F70C938786B8A1
:10FB3800630BF70C938646A0E312D7FEDC45DDC7BE
:10FB480021472390E40003D707002300E60003D7EA
:10FB580007002183A300E60003D727002301E6005E
:10FB680003D727002183A301E60003D74700230218
:10FB7800E60003D747002183A302E60003D7670006
:10FB88002303E60083D76700A183A303F60091A0AF
:10FB9800C8459710FF1FE780405E420541814E86A9
:10FBA800637335012A862390C40042064182832567
:10FBB800C90022859710FF1FE780805719A8DC45E8
:10FBC80083D707002390A4002300F600A183A30095
:10FBD800F6000145F2406244D2444249B249056107
:10FBE800828099472390F4001946D1B723900400E6
:10FBF800CDB785472390F4008327C90083C7070042
:10FC08002300F400F9B7E1472390F400614645B7B3
:10FC18002390060005458280828083C805008947B5
:10FC2800639BF814DC41797122D406D626D24AD0D7
:10FC38004ECE52CC03C8170083C707002E84220873
:10FC48003368F80042088D6713580841138327A0CA
:10FC5800630468102A8A3A89B684B285634C030122
:10FC6800138707A0630AE802938717A0630BF808B5
:10FC7800854711A8138737A0630CE80A138767AA7A
:10FC88008D47E317E8FEB250225492540259F249C4
:10FC9800624A3E8545618280484432C69710FF1FFC
:10FCA800E780A04D420541819D47E36E25FDB309DC
:10FCB800990083C761B4B24563D43701B547E1B74A
:10FCC80048442686C2094A959710FF1FE780404698
:10FCD800484403C661B493D9090105063306364181
:10FCE80081454E959710FF1FE7800048938781B4A0
:10FCF8009C4399E3814741BF9C438145E5DF528599
:10FD080035A0AD47E31109F8E39A16FB83471600BF
:10FD1800834606005844A207D58F2310F70093871F
:10FD280081B49C43E1DB9C438545E9D78297D9B7E9
:10FD3800AD47E31A09F49947E392F6F8484419469F
:10FD48009710FF1FE780C03E938781B49C43DDD3A3
:10FD58009C43CDD38D4565B7AD4715F78547E39FE0
:10FD6800F6F40347060093070008E3EEE6F0DC45E7
:10FD78002380E70041B785473E85828023A401B4EC
:10FD8800A38301B4238301B4B707A0009385C18876
:10FD9800938707059CC1B707E803DCC117D60100A4
:10FDA800130606759737FF1F9387C73C0947938E3D
:10FDB8007188D0C317D60100130686708546238044
:10FDC800EE00138E418893888188D0C723AED7016F
:10FDD80017D601001306C66F138341B413886188D0
:10FDE8001385518897DE0100938E0E6F2300EE0075
:10FDF8002380E8002380E7002388E7002380E702C8
:10FE08002388E70223AEC7032380E7042300E80022
:10FE18002384D70023950700D0CB238CD700239DBC
:10FE2800070023A2D7032384D7022395070223A61A
:10FE38000702D0DB238CD702239D0702231003007F
:10FE48002300D50017DE0100130E0E6823A2C70594
:10FE58002388E70423AE17052380E7062388E706EF
:10FE68002380E70897D801009388486817D70100CE
:10FE78001307C76523A2E7082384D70417070000E0
:10FE8800130787C42395070423A66704F0CB238CA4
:10FE9800D704239D070423A217072384D706239595
:10FEA8000706ECD7F0DB238CD706239D070623AE85
:10FEB80007072384D7082395070823A6A708973799
:10FEC800FF1F9387273498C317070000130727D508
:10FED800D8C323A407008280A54763E8A71017D7D3
:10FEE8000100130727E60A053A951C41011122CCA7
:10FEF80026CA06CE4AC8BA97B2842E848287930748
:10FF0800800F63F9B7006145F2406244D244424928
:10FF1800056182809737FF1F9387C725C8573E8999
:10FF280019C59720FF1FE780E020238301B413063B
:10FF38001400916593850571328532C69720FF1F9D
:10FF4800E780E0121737FF1F232CA7244DDD324628
:10FF580081459710FF1FE78020210325C9022286CB
:10FF6800A6859710FF1FE780A01C238381B4014555
:10FF780061BF8947E399F5F8835706002392F1B4E6
:10FF8800FDB7A147E391F5F82146A6851385C188F9
:10FF98009710FF1FE780C019D9BF8547E395F5F68D
:10FFA8009737FF1F9387071DD04F9735FF1F9385FE
:10FFB800E51E03C50400EFF07FAA55BF8547E3940B
:10FFC800F5F49737FF1F9387E71AD05F9735FF1F20
:10FFD8009385C51EF9BF8547E397F5F28347060069
:10FFE800A382F18869B7094505B70945828083C7A7
:08FFF80071B495E38547A38372
:020000021000EC
:10000000F1B4058909CD9736FF1F93862620414616
:10001000A5451735FF1F130565166F20A03C014548
:10002000828001111388F5FF06CE22CC26CA4AC869
:100030004EC652C41378F80FAD4563EE050BBA896E
:100040000A0817D701001307E7D23A983E8A832798
:1000500008003689B284BA9782878545EFC06FBAA7
:100060002A8419E1EFF03F9D2285F2406244D24498
:100070004249B249224A056182808945EFC06FB882
:100080002A847DF12685EFE0FF98F9BF9145EFC006
:100090004FB72A8471F95286CE854A85EFC08FAB5F
:1000A000EFF07F99EFF06FCFEF50302775BFA1458C
:1000B000EFC02FB52A844DF95286CE854A85EFC010
:1000C0006FA92685EFE01F95EFE0DF8CEF5010233E
:1000D00061BFB145EFC0EFB22A8459F55286CE8593
:1000E0004A85EFC02FA72685EFE0DF92EFE09F8AD9
:1000F000EF50D02075B7094485BFBD47638CF50626
:1001000063E9B702A5476387F50663EDB700994732
:10011000638CF5049D47638FF5049547638CF50464
:1001200001458280B5476387F50463E1B704AD47B5
:10013000F5B7DD47638EF50263EAB700C947638B05
:10014000F502D9476386F502C547C9BFF547638302
:10015000F50263E4B700ED47D1B793072005638B41
:10016000F5009307200D5DBF4845828008418280DD
:1001700008458280484182809307F00F630EF506A0
:10018000011126CAAA841305000222CC4AC84EC611
:1001900052C456C206CE3A89B689B28A2E8AEFA0D8
:1001A000DFA82A844D4515C8930700FB2300F400FF
:1001B000A3005401231144012302340113058400D8
:1001C000614663050902CA859710FF1FE780C0F6E4
:1001D000A2852685EFA05FB00145F2406244D2447B
:1001E0004249B249224A924A05618280814597106C
:1001F000FF1FE780E0F7E9BF09458280011122CCAB
:1002000006CE2A842306B100A306C100EF40C03AFF
:100210000DC10347C500A1476311F702780093069B
:10022000E0070146A2851765FF1F034585EFEFF044
:10023000BFF4F24062440561828078009306E007D3
:100240000146A2851765FF1F034595EDCDB79307BE
:1002500000643306F6026FA01FFD05C903470500C1
:1002600085469307270093F7F70F63F0F6024111D5
:1002700022C42A843A8506C6EFB08F8EFD5723002C
:10028000F400B2402244410182808280035705007D
:100290009307000B6313F702834745004947639CAC
:1002A000E7000347150185476399E70003552500DB
:1002B00085456F20103D6D47C5BF8280011122CC5E
:1002C00006CE2A842EC632C436C2EF40E02E0DCDB3
:1002D0008346C500A14712472246B245639EF600F9
:1002E000B2861765FF1F0345C5E32E86A2856244CB
:1002F000F24005616FF05FE8B2861765FF1F0345A6
:1003000035E22E86A285E5B7F240624405450561D7
:10031000828023A8A1B48280011122CC26CA06CEF5
:100320002A84AE84EF404029A6852285EF105151E2
:100330001DE5228523169100EF4000280DC10347DB
:10034000C500A1476312F7021765FF1F034565DD6E
:1003500078009306F0070146A285EFF0FFE1F24036
:100360006244D244056182801765FF1F034555DB57
:10037000C5B7011126CA06CEB68422CCDD4663E29B
:10038000B608D94663FED50AA5466381D50A63EE51
:10039000B6049546638CD50899466387D50A05440B
:1003A00041687D18631606093AC6EF10314D3306D1
:1003B0008540324742064182420441803305C400F1
:1003C0004205BA85418132C6EF20D03BAA8749C198
:1003D00081C432462390C400B30580406244F24099
:1003E000D2443E8505616F10D12AC5466380D5048D
:1003F000C9460D44E395D5FAC167FD17E31EF6FA29
:1004000065B7F5466380D50463E4B600ED46D5B71D
:10041000930620056388D5029306200DE391D5F855
:10042000C167FD170D446319F600BDBF09448DBFB8
:100430009306200DE392D5F8310642064182ADBF06
:1004400015445DBF0D444DBFC167FD171D447DB709
:10045000F2406244D2440561828079714ECEAE8909
:10046000C16526D20147AA84894617D60100130622
:100470006609FD15054522D406D64AD0EF009061E5
:10048000054431CD2A891307300281461146F545CE
:100490002685EFF01FEE2AC6554431C18357A900C7
:1004A000CE8601462314F10091472315F1008547BC
:1004B0002300F500B2472C002685A38007003247B1
:1004C000FD572301F7003247A301F700EF00505218
:1004D0002A8411C532459720FF1FE78020C6228558
:1004E000B250225492540259F2494561828041111E
:1004F00006C6EFF09FC019C5B24041011723FF1F88
:100500006700C3C3B24041018280011106CE2AC6F2
:10051000EF10D11D3245914523A601B423A801B4A3
:100520009767FF1FA38CA7BEEF20F020F240056164
:100530006F10F07F93970501C18763D80712797117
:100540001765FF1F034595BD22D44AD006D626D293
:100550002E89EFA0EFF12A8449CD034705009307C8
:10056000000A6315F70885474C08A305F100EF1052
:10057000F123AA8405ED8347610171476374F7088D
:10058000138717FE1377F70F9306000263F3E6084D
:10059000858BC5C79387C1B49C43994481CB0355D0
:1005A00024001306B1004C088297AA848347B10047
:1005B00099C7084409C59720FF1FE78020B895E038
:1005C0005247B7070001938707F07D8FB7071200E6
:1005D00093870710630CF70003476101ED4763172A
:1005E000F700035524008545EF20B0092285EFA0D0
:1005F0000FE1B250225421653345A90092540259AB
:10060000456182803707301405073357F700058BA3
:1006100041D3138701B5184351DB0347510159F703
:100620002306F10099472308F100035524006C00CC
:1006300023170100EF10713695BF938701B59C43D6
:100640009DC3035524001306B1004C08829739DD81
:10065000AA8483475101B9FB8347610123089100B4
:100660002306F100D9B79944EDB7014582800145D1
:1006700082809766FF1F83C6F6AA814763E5D7008D
:1006800001473A8582802E87910503D6C5FFE30A8C
:10069000A6FE8507E5B70DCD8347250005478907E9
:1006A00093F7F70F6376F702411122C406C62A8436
:1006B00083550500034535000147F9465D46EFF0D7
:1006C000BFABF9572311F400B240224441018280AC
:1006D00082801767FF1F0347F7A48147FD5663E336
:1006E000E70082802310D50023010500850711054E
:1006F000FDB7014582809385318A930700028546C4
:100700002380F500FD572381F18AA38AF188238A8B
:10071000F1882390D18A239A01B423AE01B423A691
:1007200001B623A001B61386818997D7010093876C
:10073000E7DB5CC2238B01B49737FF1F9387C7ADFC
:1007400009472300E6002380E7002388E700238091
:10075000E7022388E70217D70100130727D8D8DB61
:100760000D47238CE702138781B518432384D700F4
:10077000D0C7238CD70017D501001305E5D717D6AE
:100780000100130666D597D601009386A6D7C8C385
:1007900023950700D0CB239D0700CCCFD4D323844F
:1007A00007022395070223A60702239D0702D8DF2D
:1007B0009737FF1F938747AA170700001307870C77
:1007C00023A00700D8C323A407008280411106C6D6
:1007D000EFF03FEA11C503452500B2404101828098
:1007E0000145E5BF411122C426C24AC006C6AA84FB
:1007F0002E893284EFF0FFE711E94165CA857D1546
:10080000EFF03FE7C54711C5231095002301850090
:100810008147B2402244924402493E854101828090
:1008200029E78948354763931605011106CE22CC86
:1008300026CA034716000346060093C7F7FF2207A0
:10084000598EF18F32C68DE7C4452A84A685EFF014
:10085000FFF732460147630FA60022856244F2404B
:10086000A685D24405616FF0FFF72D473A85828057
:1008700013070008F2406244D2443A850561828041
:1008800083C8050009486395080303A8450083470A
:10089000180003480800A207B3E70701C2070D6864
:1008A000C187130828906395070189476FF05FF7A8
:1008B0000545828003C751899307F00F630AF70447
:1008C00041114AC02A89294522C426C206C632845B
:1008D000AE84EFA08FB51DC59307100B2310F50054
:1008E000230205002314850022442311250123132C
:1008F0009500B24092440249AA8503C5518941013D
:100900006FA08FBDB24022449244024941018280CF
:1009100082804111938781B526C2AE848C4322C464
:1009200006C62A84EFF09FEA098909C92285224474
:10093000B240A685924441016FF03FB2B2402244DA
:100940009244054541018280411122C426C24AC019
:1009500006C6AA84130445001309850B83570400B7
:100960009DC3084409C59710FF1FE780207D22859D
:10097000314681459700FF1FE780807F3104231AAD
:1009800004FEE31D24FDB2402244FD572390F400F1
:100990000249924441018280938741B69843175699
:1009A000FF1F0346367881476315F600814636857A
:1009B0008280BA861307870B835587F4E389A5FEE7
:1009C000850793F7F70FCDB79387C1B69C4399C7B7
:1009D00003D74700E31CA7FE884782800145828039
:1009E000411106C6EFF05FFE09C50845B24041015E
:1009F00082800145E5BF011126CA9384450022CCBF
:100A00004EC606CE4AC852C456C25AC0268781492D
:100A10000144814681473D450356070055CED9E242
:100A20000354470083572700B286A297C207C183A9
:100A300085093107E392A9FE25C82E899165938522
:100A4000457022859710FF1FE780E0622A8B29CD31
:100A5000814A014A8C4485C503D6440033054B01C5
:100A60009700FF1FE780406D83D7440088443E9A7B
:100A7000420A135A0A019710FF1FE780206C63890E
:100A80000A003146814526859700FF1FE780406EAA
:100A9000850AB104E3E03AFD2326690123148900A5
:100AA000054521A0630DD6000145F2406244D244C1
:100AB0004249B249224A924A024B0561828003565A
:100AC0002700E313F6FE035647003294B297420420
:100AD000C2074180C183A9BF0545E37835FDA9BFA1
:100AE000938701B69C4399E3014582809847035759
:100AF000A700E319A7FE138547008280411106C6AF
:100B0000EFF01FFE11C503550500B2404101828080
:100B10000145E5BF411106C6EFF09FFC11C5034535
:100B20002500B240410182804145E5BF411122C408
:100B30002A842E8506C6EFF0FFFDAA85054622858C
:100B4000EF30902A95476305F500BD476313F50024
:100B50002145B240224441018280411122C42A84AD
:100B6000090506C6EFF06FEFFD57A301F400B24090
:100B7000224441018280938781B69C431757FF1F0F
:100B80000347575A2A86050781463E8583D70700C3
:100B90006388C700850693076500E3E8E6FE014524
:100BA0008280411122C4416406C626C29307E4FF35
:100BB000630EF500AA8485E1EFF0FFFB01E9130560
:100BC000F4FFEFF05FFB19C123109500B2402244FF
:100BD00092444101828085476394F504EFF0BFF9A8
:100BE0002A846DD5FD572310F50083472400130791
:100BF000F00F6384E7021307E00F638AE700034501
:100C000034000147F9465146A685EFF0EFD622851C
:100C1000EFF0BFF4FD572301F400230204007DB779
:100C20008947E395F5FA8545EF30703B45F1268518
:100C3000EFF07FF42A8455F951BF5D71A6C24EDEF4
:100C400086C6A2C4CAC052DC56DA5AD8AE8483C55E
:100C50002500F947AA896396F504EFF0DFF12A84AD
:100C600009ED01442285B640264496440649F259CE
:100C7000625AD25A425B61618280834725000547F0
:100C8000890793F7F70FE37EF7FC0345350001472B
:100C9000F9460146CE85EFF02FCE2285EFF0FFEB2F
:100CA000C9B783AA0400B7070001938707F0370785
:100CB0001200B3F7FA0013070710328A0149638A5A
:100CC000E7022EC6EFF03FEB2A89B2451DC103466D
:100CD000450005C293178601E187E3C407F84E85F6
:100CE000EFF0CFD18347490093E707F82302F900DB
:100CF0008DBF03C7218A9307F00F1944E304F7F669
:100D0000E147E3E1B7F693D71500FD178E0717C744
:100D1000010013072709BA9703A80700E30408F4A2
:100D200003AB4700E3000BF4C20A93DA0A016385C0
:100D30000A00C947E398F5F283D64400904483C57E
:100D4000140003C50400380802982A8401FD2C0809
:100D50004E85029B2A8421C983C71400E39407F0BF
:100D600083C72400230AA10039472308F1006399AF
:100D7000E70262478347170003470700A207D98F9E
:100D80000C084E852319F100EF102141E30B05EC0F
:100D900014080546D9454E85EFF04FD22A84D9B5BF
:100DA00083578101F1BF83C624009147E38BF6EAA4
:100DB00038080146CE8503C5218AEFF0EFBB2A84AF
:100DC000E31205EA83C524002808EFF00FB319C128
:100DD00023000A009840B7070001938707F07D8F32
:100DE000B707120093870710E30DF7E6E30B09E658
:100DF00083C724002302F900B5B5011106CE2EC623
:100E0000EFF07FD701CD83474500B2451387170028
:100E10006396E50093F707F82302F500F2400561B9
:100E20008280938701B6984319E3014615A81C47B1
:100E300003D8A700636B050183584700B3860801F8
:100E40006355D5008146639416011843F1BF3E8671
:100E5000C10703D3A7FF6317A30099C1239005011E
:100E6000328582808506C206C182F1BF397152D4B3
:100E70002E8A4ED69305E101AA89528522DC4AD8F2
:100E800056D206DE26DA328936C63AC4BE8AEFF07A
:100E90005FF9054435C5AA840355E1013944EFF0F3
:100EA000BFB239CD03284500630C08042247B2467F
:100EB000D6874A86A6854E8502982A8431E1930713
:100EC000E00F638FFA0203C704008947631AF70231
:100ED000D8408347170003470700A207D98FC207EE
:100EE0000D67C18713072790639CE70083471900AC
:100EF00003460900D285A2075D8E4E85EFF09F9BC9
:100F00002285F2506254D2544259B259225A925A0E
:100F100021618280797122D4035425004ECEAA89A2
:100F2000228556CA06D626D24AD052CC5AC85EC6A8
:100F300062C4AE8AEFF05FA601E92285EF108176E8
:100F4000594429E90144B9A003C789008547AA8407
:100F50000144631AF702AA8513858900EFF0BFA93F
:100F600029CD03D7640083D68400D04483D54400C0
:100F700003D52900E147EFF07FEFD9472A846318B2
:100F8000F50223A604002685EFF01F9C49C0D9472F
:100F9000E30AF4FA2285B250225492540259F249DB
:100FA000624AD24A424BB24B224C4561828061DD9B
:100FB00083D744002390FA00F9B713894400014A0B
:100FC000B94B594C3D4B83550900D5DDE1476306CC
:100FD0007A010357C90011C3D94703572900835623
:100FE00049000326890003D52900EFF03FE82A8451
:100FF0006319850123240900050A3109E3156AFDF7
:1010000059B77DD9835709002390FA00F5B703D566
:1010100029002DB701112317C1009307E00F130614
:10102000E1000147894606CEEFF05FE4F24005613A
:101030008280797122D42A840355850026D2AE8419
:101040009305210106D64AD0EFF0BFDD6308050EF7
:10105000834785002AC693F707028DCF03552101E8
:10106000EFF01F98AA87B24501ED835784003945F8
:101070002390F400B2502254925402594561828068
:10108000035524004946829711C583578400239055
:10109000F400CDB7035924004A85EFF0FF8F11ED1E
:1010A00041657D15EFF05F8F19E583578400254575
:1010B0002390F400C1B72310250113074500814791
:1010C000BD46035607002DE63147B387E7021309F3
:1010D00084003146CA8591073E959700FF1FE7803F
:1010E000A0053146CA8548089700FF1FE780C00465
:1010F0000356C4000355240041478146DD45EFF007
:101100004FA72ACE19E58357840045452390F40064
:1011100095B70C480356C4009700FF1FE780C00135
:10112000035524004C08EF10A15329D5594599B710
:1011300085073107E397D7F8254581BF0545B1B746
:10114000797122D42A840355850026D2AE84930572
:10115000E1014AD006D63289EFF0BFCC51C58347B2
:10116000850093F70702A9E70347140193072005B9
:1011700019E3834744008356A400504483558400F8
:10118000035524000147EFF07FCEAA8721E983476A
:10119000140199E703552400EF10A147D94711E145
:1011A0008147B2502254925402593E854561828053
:1011B0002AC60355E101EFF0BF82AA8705C9B245EF
:1011C0000355240049468297AA8759DD03578400B6
:1011D0002390E4000347140161F7E1B75947E3178F
:1011E000E5FE230009006DBF8547CDB7B947F9BFBC
:1011F000397122DC4AD84ED652D406DE26DAAA89C4
:101200002E8A32C63689EFF01F97094415C58347E9
:1012100025001307E00FAA845D44638FE7001307DE
:10122000F00F5944639AE700324605E2D2854E85B5
:10123000EF10214B2A8415CD2285F2506254D254EE
:101240004259B259225A2161828003550A009305FE
:10125000E101231F0100EFF0DFBC0355E101EFF0D6
:101260007F8BAA8505464E85EF3000382A845DDDE8
:10127000E1B79307F00FE301F9FC93862400794668
:10128000A68517F5FFFF13054541EFE05FFCA3813D
:1012900024015DB73971938701B626DA844352D4AD
:1012A0005AD05ECE62CC06DE22DC4AD84ED656D26A
:1012B00066CA2A8BAE8B328C368A99E08149B9A0F6
:1012C000804483DC44000149835AA40063149901DB
:1012D0008440E5B78357A400A28963F86701050934
:1012E0004209135909014104D5B7E3EAFBFE630C37
:1012F0000A00834504004840D28662863AC6EF0061
:10130000F143324769DD19C323105701F25062548B
:101310004E85D2544259B259225A925A025BF24B2C
:10132000624CD24C2161828003D7050083D6250010
:10133000854763E9E60439C7411183C6450026C2E3
:101340009384550022C426862E8417C501001305F8
:10135000A51A894506C6EF00713EC14711CD8346E7
:101360004400835524000355040001472686EFF00E
:101370007FF2814711E1A947B240224492443E8561
:10138000410182803E8582802E860355060083D5EA
:101390002500854763E2A50205C183464600411149
:1013A0000147150606C6EFF0FFEE814711E1A94798
:1013B000B2403E85410182803E8582802E86035563
:1013C000060083D52500854763E2A50205C1834653
:1013D000460041110147150606C6EFF0BFEB8147F5
:1013E00011E1A947B2403E85410182803E8582805D
:1013F00039714ED683D7250083D9050006DE22DC5D
:1014000026DA4AD852D456D25AD05ECE62CC66CAB8
:101410006AC863E037198547638E0914416BAE8A49
:101420002A8A2314010002C6014401497D1B894B0D
:10143000054CC94C054D83D52A000147814601461C
:101440004E8523130100EFF0FFE4AA846300051228
:1014500009EC13072002930661005A8695455285D0
:10146000EFE03FF12A84630805120357810083C728
:10147000040045C70347A100630CA70741476385E4
:10148000E7022C005285EF00B16609CD3400154605
:10149000D9455285EFE09FE211C532459710FF1FF5
:1014A000E780C0C98147F9A083D7A400414613054E
:1014B00024002300F40083D7A400A183A300F40038
:1014C000CC409700FF1FE78020C749048357810065
:1014D0008507C207C1832314F10063F9270983D765
:1014E000A400638567098509C20993D90901A1B7D9
:1014F000E39977F983D7A400094613052400230054
:10150000F40083D7A400A183A300F400CC4097008B
:10151000FF1FE78060C2110455BF22C60359610056
:1015200003C7A4001305240063827703335999038A
:10153000230571012300E40083D7A4004146A18361
:10154000A300F400CC401379F90FA5BF2305810156
:101550002300E40083D7A400135929001379F90F5D
:10156000A183A300F4000946CC4055B783578100FE
:1015700089FBA947F2506254D2544259B259225AB7
:10158000925A025BF24B624CD24C424D3E85216135
:1015900082808547C5B7C547F1BF03C7A1B7854757
:1015A00063F3E706011122CC26CA4AC806CE2A8474
:1015B0003289AE84EFF02FDC01C903472500930781
:1015C000E00F5D456308F700631C0900A6852285CE
:1015D000EF10010EF2406244D2444249056182801C
:1015E00003D504009305E10023170100EFF07F838A
:1015F0000355E100EFF00FD2AA8505462285EF20C2
:10160000B07E69D5C1BF5945828013F7050201C775
:10161000B2856FF0AFD1411126C24AC006C622C4BE
:1016200013F98500AA846317090013978501618760
:10163000635D070232853684EFF0CFCDAA8505467B
:101640006313090001462685EF20107A01E9014560
:10165000B24022449244024941018280834794006F
:10166000E5DB83478400E5F7E5B793F72500E5F36D
:101670000D45F9BF7971AE8622D42A8403D50600C0
:101680009305E10106D636C6EFF0AFF909CD8345E3
:101690008500B2460356E1012285EFF01FF7B250F4
:1016A0002254456182800545DDBF13F7050201C75D
:1016B000B2856FF0AFC7411122C426C206C693F4AB
:1016C00085002A8491E4139785016187635007029E
:1016D0003285EFF02FC4AA85054691E001462285A8
:1016E0002244B240924441016F20107093F72500CC
:1016F000014591E30D45B24022449244410182806C
:101700007971AE8622D42A8403D506009305E101BF
:1017100036C606D6EFF0EFF0B24601CD8345850020
:101720000356E1012285EFF05FF8B2502254456183
:1017300082800545DDBF797126D2AA840355A500B4
:10174000C16722D44AD04ECE06D623170100FD171A
:101750003284B6890149630DF500050583C604008E
:10176000D04042051307E1004181EFF0BFB22A8962
:1017700083C60400D040894517C501001305C5D7AD
:10178000EF00C17B1DC503D4A4002285EFF00FB785
:1017900009C57D142A944204418063840900239082
:1017A0008900B25022544A8592540259F249456147
:1017B000828083C60400D040894517C50100130507
:1017C00025D4EF00A17761F183C60400D04089459C
:1017D00017C50100130545D0EF00417619C9E3068E
:1017E00009FA8357E100E39287FA0354A9007D14B4
:1017F0005DB703D4A40055B7397122DC26DA4AD884
:101800004ED652D456D25AD062CC06DE5ECEBE89B7
:1018100083C785002A8AAE84C18B328C36843A898C
:10182000C28A468B9DE783CB04008947638BFB0408
:101830006285EFF06F991DC183280500638008025F
:101840005A88D6874E87CA862286A6855285829870
:1018500039A03285EFF0CF98AA8711ED3945F250C3
:101860006254D2544259B259225A925A025BF24BF4
:10187000624C216182802946A6855285829745D592
:10188000F9BFD8408347170003470700A207D98F45
:10189000C2070D67C187930607906384D72263CE82
:1018A000F60693062780638ED70C63C1F6021307F2
:1018B0000780E3CFE7F62D45E39309FADC4403C63E
:1018C0000700CC432310C900228569A21307378083
:1018D000E390E7F62D45E39409F885472310F900D6
:1018E000DC44814583C707002300F40003D5A4002E
:1018F000050542054181EFF0CFD2835709006317F8
:10190000051291072310F9001146814513051400B3
:101910009700FF1FE780C08529A293062790638365
:10192000D71863CED71293063790638CD718130756
:101930004790E39FE7EE2D45E39309F2DC441D4712
:101940002310E90003C707002300E40003C71700C2
:10195000A300E40003D727002301E40003D72700F6
:101960002183A301E40003C747002302E40003D757
:101970006700A302E40083D76700A1832303F40078
:101980004DA02D45E39D09ECDC446C0083C9170094
:1019900003C70700A209B3E9E90011472310E900D2
:1019A00083C707004E852300F400DC4483C717007B
:1019B000A300F400EFF0EFC6AA8435C50356C100BA
:1019C000C1659306E100FD158329C500EFF0BFD680
:1019D00019ED83C60400D040894517C501001305E1
:1019E00025B2EF00A15501E5FD572317F10003C70C
:1019F000090089476310F70283A5490009461305CA
:101A0000440097F0FE1FE780207383570900890781
:101A10002310F9008357E1002301F400A183A301FF
:101A2000F40001452DBD23173101EDB70347050033
:101A30008907BA972310F9008357A500A300F40083
:101A40008357A500A1832301F400034605004C4100
:101A50001305340097F0FE1FE780006ED9B7C84425
:101A600097F0FE1FE780E07193170501C1832A8775
:101A70001D45E3E637DF6399F90023100900CC44E4
:101A800003560900CE9589B54207B3863A014183D2
:101A900063C7E600B38737412310F900CDB72310A1
:101AA0005901F1BF2D45E39C09DACC445285EFE0A2
:101AB000FFD1231079012300A4002181A300A400F9
:101AC0008DB72D45E39D09D8DC442310790183C7E8
:101AD00007002300F400DC4483C71700A300F400D0
:101AE00089B75D71CAC02A89035525004EDE52DCD4
:101AF00056DA5AD85ED662D466D26AD06ECE86C620
:101B0000A2C4A6C22E8BEF006157130CF5FF931DE4
:101B10000C01C16BAA8A8149174AFF1F130A0A5791
:101B200093DD0D01938CC1B5138D41B5FD1B83571A
:101B3000C90063F8F9009747FF1F83D7275563CE85
:101B40008701035529009745FF1F93852554EF0012
:101B5000D120AA841DCDD9442DA8832789001397AD
:101B600019009305E100BA9703C4170083C7070063
:101B700022045D8C2285EFF0CFAAAA851DE92310EF
:101B80008B0003254A00854409C59700FF1FE780A5
:101B9000E05AB6402644268506499644F259625AD0
:101BA000D25A425BB25B225C925C025DF24D616193
:101BB00082808348490083A60C000356E100035548
:101BC00029006E8881476A87EFF01FC3AA8411C578
:101BD00023108B0003254A0045BF83274A0095E365
:101BE00003552900514781465E86BD45EFE06FF8F9
:101BF0009747FF1F23AEA74809E523108B00C54474
:101C000049BF9747FF1F83D7674803D741B53E9722
:101C10006347570113C7F7FF5697239AE1B403258B
:101C20004A0083A50C0003D641B53E9597F0FE1FF0
:101C3000E780805083570A0003570D008509C209C9
:101C4000BA971747FF1F2313F74493D90901C5B566
:101C5000397122DC2A840355250006DE26DA4AD8AB
:101C60004ED652D45AD05ECE62CC66CAAE8B56D215
:101C7000EF00C1402A8A8346C4008355A40003555F
:101C8000840078001306D400930CBAFF651AEFF0B5
:101C90006FE0420A416B2A898144135A0A01138C6E
:101CA000C1B59749FF1F9389693E7D1B63020904F3
:101CB00063D094058348440083260C000356C1007A
:101CC0000355240052888147138741B5CA85EFF038
:101CD000BFB215C5814A0356C1008355A4004A8589
:101CE0009306E100EFF03FA52A89639D0A065DFD9A
:101CF000E5E08357840029452390FB0081A003562B
:101D0000040183D741B5E317F6FC83250C0048484E
:101D100097F0FE1FE780404B55DD83A74900A1E304
:101D200003552400454781465A869D45EFE06FE400
:101D30001DE18357840045452390FB00F250625417
:101D4000D2544259B259225A925A025BF24B624C17
:101D5000D24C216182809747FF1F23ABA732835A61
:101D6000A90095BF83A74900A697238057019387B1
:101D700014001397070183A74900418393DA8A006F
:101D8000BA97238057011387240083A649009387BD
:101D90003400420791044183C207C204C183C18059
:101DA000369711CD8356E1002300D70003A74900E1
:101DB000BA970357E10021832380E700C5BDFD5694
:101DC0002300D70003A74900BA972380D7000DB797
:101DD0000355240089809745FF1F9385252B97473E
:101DE000FF1F2395972AEF00415D29D95945B9B7BF
:101DF000411122C406C693F705012A84328585C3A2
:101E0000EFE05FD1AA8505462285EF20E07D95476A
:101E10006305F500BD47631DF502214515A893F73D
:101E2000450099CBEFE01FCF0546AA8522852244C5
:101E3000B24041016F20407B93F7050489C7EFE072
:101E40007FCD0146DDB713F51500133515000605E6
:101E5000B24022444101828079714AD04ECE52CCA8
:101E600006D622D426D22A8AAE89014983D74900D0
:101E70006364F9000145A1A083A7090013141900A8
:101E8000930414003387970003470700A29703C504
:101E9000070022079305E100598DEFE09FF805E95F
:101EA00083A7090005453E94034704002380E7000B
:101EB00083A70900BE9403C70400A380E700B250C3
:101EC000225492540259F249624A45618280834504
:101ED00085000356E1005285EFF09FF105C183A70D
:101EE00009003E94034704002380E70083A709000C
:101EF000BE9403C70400A380E700D1B705094209D7
:101F000013590901A5B7011122CC2A8403D5050074
:101F10009305E10006CEEFE0DFF001CD83458500BB
:101F20000356E1002285EFF0BFECF2406244056108
:101F300082800545DDBF397126DAAA840355250064
:101F400006DE22DC4ED652D456D25AD05ECE62CCB9
:101F500066CA6AC82E8A4AD8EF004112AA8A83C686
:101F6000C40083D5A40003D58400138CAAFF780095
:101F70001386D400EFF00FB2420CC16CAA89014461
:101F8000135C0C01138B41B5938BC1B5FD1CED1A8D
:101F9000174DFF1F130D8D0F638D09180356C100D8
:101FA00083C5890003D52400EFF09FE42A89631DCF
:101FB000051683C8440083A60B000356C10003D551
:101FC000240062888147138741B5CE85EFF0DF8218
:101FD0002A89631B051439C003D741B511079747F8
:101FE000FF1F83D7C70A6395E700A29763C057090D
:101FF0009747FF1F83D7A7093354F40203D5240062
:102000009745FF1F938585089747FF1F23908708F3
:10201000EF0021582A890DC559491DA003D5240078
:10202000494781466686C545EFE0AFB49747FF1F35
:1020300023A0A7060DE583D7A90045492310FA0080
:10204000F25062544A85D2544259B259225A925A95
:10205000025BF24B624CD24C424D2161828083572D
:102060000B0091071747FF1F2313F70283274D002B
:1020700003D7A9009306E100A2972380E700930706
:1020800014001397070183274D0041834E85BA97AB
:1020900003D7A90021832380E7000356C10083D51D
:1020A000A400EFF04FE983264D00130724000356E8
:1020B000E1004207418336972300C70003274D0004
:1020C00093073400C207C183BA970357E100AA8976
:1020D000110421832380E70003254D004204418041
:1020E00003D641B583A50B0022956395090297F0AD
:1020F000FE1FE780600483570B003E94420441803A
:10210000E31804EE83D784002310FA00E31A09F2DF
:1021100029493DB797F0FE1FE780000283570B0067
:102120003E94420441808DBD83D7A9002310FA005C
:10213000C1BF0149F1B75D71A6C2CAC0AA840359E3
:10214000850003552500A2C44EDE56DA5AD85ED665
:1021500062D466D26AD086C652DC6ECE2E8BEFF089
:10216000F071930BD5FF7115931905010144138D7F
:10217000D40093D90901138C41B5938CC1B5974A0A
:10218000FF1F938AAAF06358741583C6C40083D5D1
:10219000A4001307E1006A864A85EFF0AF8FAA8D8D
:1021A000630B05120359A500834585000356E10022
:1021B00003D52400EFF0DFC36314051283C8440085
:1021C00083A60C000356E10003D524004E88814706
:1021D000138741B5EE85EFF02FE2631305101DCC98
:1021E00083D741B51747FF1F035767EA8907630E77
:1021F000F7069747FF1F83D787E93354F40203D5C7
:1022000024009745FF1F938565E89747FF1F239F8D
:1022100087E6EF00412405C5594515A003D52400E4
:1022200041664D4781467D16A545EFE08F9497475F
:10223000FF1F23AFA7E41DE123102B014545B64046
:10224000264496440649F259625AD25A425BB25B1E
:10225000225C925C025DF24D6161828083570C00CA
:1022600089071747FF1F2314F7E283D741B5A297C9
:1022700063D3770783A74A0003D7AD00130A24006E
:10228000A2972380E70005049317040103A44A00E2
:10229000C183420A3E9483D7AD0083A50C00135A34
:1022A0000A01A1832300F40003A54A0003D641B527
:1022B000529597F0FE1FE78020E803540C00C16799
:1022C000FD17529442044180E30FF9EA05094209DF
:1022D000135909014DBD294509FC23102B0185B770
:1022E0006DDC01BF8357050081E789473E85828009
:1022F000411126C2444122C406C683C60400D04010
:102300002A84894517B501001305051FEFF0104316
:1023100019C9834724002547E51793F7F70F63761C
:10232000F702E14729A883C60400D040894517B5C4
:1023300001001305E51CEFF0704061FD8947B240D4
:10234000224492443E854101828083D6018A85479A
:10235000FDD6035704003697C166E3C2E6FE9165D9
:102360009385257031459700FF1FE780C0D0AA8470
:10237000CD4771D53146814597F0FE1FE78040DF9C
:102380008357040083D5018A01460147B386E500DF
:10239000C206C1826369F702AE97C207C18319C240
:1023A0002390F18A23A004002146A28513854400CE
:1023B00097F0FE1FE78040D8938701B69C4391EFCA
:1023C00023A091B631A850401315470005072A965F
:1023D0002315D60005465DBFBA87984375FF84C3B1
:1023E0008147B1BF011106CE22CC26CA4AC809E9ED
:1023F0008944F240624426854249D2440561828084
:102400002AC62A84280036892314B1002305C10076
:10241000EFF05FEDAA8471FDE30D09FC8357A40082
:10242000E1DB91659385557031459700FF1FE7808B
:1024300080C40DC58357A400232005002324250153
:102440002312F5009387C1B69C4389E723A6A1B662
:102450004DB7BA87984375FF88C361BFCD4451BF5C
:1024600083C761B595E38547238BF1B4058909CD11
:102470009716FF1F938646DE414691451715FF1FAD
:10248000130585D96FF01FF601458280A38AA188C4
:102490008280C167FD176315F5002E856FE06FA37D
:1024A000411106C6EFE0EF9C11C5FD572310F50062
:1024B00023010500B2404101828001114AC806CEC5
:1024C00022CC26CA85472A896393F5044A85EFE022
:1024D000AFCC39E9C1649385F4FF1307E100894665
:1024E00017B60100130686FF0545EFE0BFDA2A8420
:1024F000FD140DC44C444A85EFF0BFF90356E100CA
:1025000022858146A685EFF00FA32A84DDB789478F
:102510006396F5008545EF20802C4DD9F24062444A
:10252000D244424905618280EFE00FC265B7411194
:1025300006C623A201B623A401B623AC01B41745F5
:10254000FF1F034535BE41CD9307200C3305F5022F
:102550009165938515701905420541819700FF1F0C
:10256000E78060B123A2A1B69307200C1746FF1F96
:10257000034656BB3306F6028145190697F0FE1F47
:10258000E78000BF938741B69C431747FF1F03476F
:1025900077B981459386870B7D5563E8E5069306F9
:1025A000800BB306D7020146FD550507B69723A455
:1025B000F1B6BE862390B600A381B6002381B60093
:1025C0002382060005069906E366E6FEF956239087
:1025D000D70099463307D702BA9723ACF1B417E571
:1025E000FFFF1305C565EFD0DFD217F5FFFF130519
:1025F0000581EFF0501B17E5FFFF1305C55AEF20CB
:102600004015B2400145410182802394A6F413860F
:10261000C6F423100600232406003106E31BD6FE71
:1026200085059386860B95BF411122C42A8406C670
:10263000EFD04FF5EFE02F8C238A8188938781B507
:102640008843EFE00F892381818A2244B240170535
:1026500000001305C5E641016F20A00F9397050107
:10266000C18763D00736797103C5418922D452CC22
:1026700006D626D24AD04ECE2E8AEF806FDF2A842D
:1026800021C9034705009307000B6310F704854732
:10269000A304F1009387C1B59C4323150100A1E772
:1026A000EF00C07D9165938535709700FF1FE7802F
:1026B000809C23AEA1B405E98347910099C7834567
:1026C000440013058400EFD09FE22285EF802FD3D2
:1026D000B250225421653345AA0092540259F2495E
:1026E000624A45618280614681451745FF1F130597
:1026F000E59997F0FE1FE780A0A7034944008947AA
:102700009749FF1F93898998631DF906EF000077A9
:102710009747FF1F239CA79603552400CE85EFF013
:102720009038035724009747FF1F83D72796835677
:10273000840011ED63E4F6002314F4008355840053
:102740003A85EFD07FBD2285EFD05FB4B5B763E4A3
:10275000F6002314F40083578400D9450D469746AC
:10276000FF1F2395F6929746FF1F938626923A8580
:10277000EFD0DFB48D4561D91745FF1F13050591D3
:10278000E1A09947631CF9029305A1002285EFF0AF
:102790002FCCAA844DD9D947639BF40E0509035564
:1027A00024001379F90FD9459746FF1F9386068EAB
:1027B0004A86EFD0BFB0CA8559D57DBFA1476318FF
:1027C000F9009305A1002285EFF0FF96D9B7A9473C
:1027D000631FF906035584006C00EFE08FE4AA84C0
:1027E000630705160355240041669306E10055472B
:1027F0007D16AD45EFD0FFB79747FF1F23AAA788E7
:10280000AA8649C1834844000358E1000356C10029
:1028100003552400A68581474E87EFE0FFFDAA847B
:102820006316051003552400CE85EFF0B048E30C85
:1028300005F003552400CE862D46D945EFD01FA8BC
:10284000E30305F0AD454E85EFD07FCAEDBDB1473E
:102850006315F910035584006C00EFE08FDCAA8447
:102860006307050E0355240041669306E1005947AE
:102870007D16B545EFD0FFAF9747FF1F23AAA7806E
:10288000AA863DE183578400C5442315F100034720
:102890001400D147E309F7EA8347440003552400B5
:1028A0009735FF1F9385857E1737FF1F2300F77E1F
:1028B0008357A1001737FF1F231BF77C9737FF1F94
:1028C0002388977CEFF0700DE30F05E60355240095
:1028D0009736FF1F9386867B0546D945EFD01F9E0E
:1028E000E30305E6854549BD834844000358E100FC
:1028F0008357A4000356C10003552400A6854E87C4
:10290000EFE09FEFAA841DE103552400CE85EFF090
:102910003040E30A05E203552400D945CE8635460A
:10292000EFD0DF99B545E30005E2B9B5D947639328
:10293000F400814403A549009700FF1FE780008051
:10294000E38304E0835784002315F10089B783579C
:10295000840085442315F1001DBFB9476318F900B1
:102960009305A1002285EFF0CF9725B5C1476318E5
:10297000F9009305A1002285EFF0EFDB19BDC947EF
:10298000631AF900130691009305A1002285EFE078
:102990002FFB01B5D947631DF9009305A1002285DE
:1029A000EFE02FE9AA84E31805DEA304010061BB70
:1029B000E147E31AF9D89305A1002285EFE08FD50E
:1029C000C9BB01458280F9CA011152C42E8A8545CE
:1029D00022CC4EC656C206CE26CA4AC8AA8AB68994
:1029E0003284EF10D05FD14715C183C781B783C64A
:1029F00091B7814419E0B684BE86138701B71843A6
:102A000093974400BA9763EDD400D547F2406244EF
:102A1000D2444249B249224A924A3E8505618280A7
:102A20003E89C10703D727FF09C7850493F4F40F34
:102A3000D9BF39CC9565938525C01305000297F061
:102A4000FE1FE78040632326A90061D11306000220
:102A500081459384040497E0FE1FE7806071231191
:102A60009900230009002313590115C4138701B8E5
:102A70008347940010432304F900118C8327C90075
:102A800011841180238E870023A029018147BDBFB7
:102A900023260900F9B723044901FDB785473E8580
:102AA0008280938701B7984383C581B78147639537
:102AB000F50081463685828003562700BA8619C202
:102AC000E30AA6FE850793F7F70F4107CDB7938773
:102AD00001B7984303C681B781476315F600814665
:102AE0003685828083552700BA8689C5834547008D
:102AF000E388A5FE850793F7F70F4107F9BF938792
:102B000001B8984383C5B1B781476395F500814605
:102B10003685828003560700BA8619C2E30AA6FEEC
:102B2000850793F7F70F4107CDB7938701B79C430C
:102B300003C891B701476315E80081463685828056
:102B400003D62700BE8619CA03D667006318A600FD
:102B5000D04709C603562600E302B6FE05071377E1
:102B6000F70FC107C9BF411122C4404526C206C69E
:102B7000AA8415C0484409C597F0FE1FE780005C91
:102B8000484809C597F0FE1FE780405B228597F013
:102B9000FE1FE780A05A26854146814597E0FE1F2B
:102BA000E780005DB2402244FD57A384F4009244C4
:102BB00041018280011122CC2A840355250006CED2
:102BC0002EC6EF10700C324622858145EF00106949
:102BD00022856244F24005616FF0FFF80DC503578E
:102BE0002500411122C406C62A8411CBDD45EF0021
:102BF000D06A22852244B24041016FF0DFF6B24034
:102C00002244410182808280411126C231479304CF
:102C1000C5FF3387E4029737FF1F9387A74806C68F
:102C200022C43E978356A7006397B602484305C562
:102C30003E849307F00F6306F60083470500639C0C
:102C4000C70097F0FE1FE780604FB147B387F402DB
:102C5000A29723A20700B2402244924441018280FD
:102C6000411122C42E8426C24946AA848145228568
:102C700006C697E0FE1FE780A04FB9CC83C7C4010A
:102C800013974700938701B89C43BA9703D707006F
:102C90002310E40003D7270083D767002311E40043
:102CA000138761B7035707002312E40003D704001A
:102CB0002313E40003D724002314E40003D74400C3
:102CC0002315E40003D764002316E40003D784002F
:102CD0002318F4002317E400B24022449244410137
:102CE0008280938701B803A80700938701B79043B8
:102CF00083C581B7014781476394E5003E858280A3
:102D00008346060081CE544691CA83C6C601920608
:102D1000C2966315D500850793F7F70F050713775C
:102D2000F70F4106D1BF130600643386C502930630
:102D30009500AA8517050000130585EA6F80AFCEC0
:102D4000411122C406C62A8403459500EF804FE155
:102D5000FD57A304F400B2402244410182800111D6
:102D600022CC4AC84EC652C456C206CE26CA2A89AA
:102D7000AE890144138A01B79D4A83C791B7636244
:102D8000F40463970902938901B7130AF00F83C70C
:102D900081B76366F4061144A14422850504420408
:102DA0001306F00FCA854180EFF01FE6E31794FE8B
:102DB000F2406244D2444249B249224A924A0561F1
:102DC000828083270A0093144400BE9483C70400C2
:102DD0009DC383D76400639027036396590103D58D
:102DE0002400EF10606A26854E868145EF0010476B
:102DF0002685EFF05FD705041374F40FBDBF83A7DA
:102E0000090093144400BE9483C704009DC383C784
:102E100094006380470383D76400639C2701268561
:102E2000EFF01FF22685D145EF0030472685EFF001
:102E30009FD305041374F40F99BF41677917630B8F
:102E4000E502411122C406C685472A846399F5002C
:102E500022852244B240814541016FF05FF08947ED
:102E60006396F5008545EF1090177DD1B24022445E
:102E70004101828082809D456FF07FEE03D561B76E
:102E80008280011106CE2317A1002316B10003C7CB
:102E900041B785476318F70070009305E1000545C9
:102EA000EF50D016F24005618280A947631CF604FA
:102EB00083C7150003C70500A207D98F2310F500AB
:102EC00083C7350003C72500A207D98F2311F5005A
:102ED00083C7550003C74500A207D98F2312F50009
:102EE00083C7750003C76500A207D98F2313F500B8
:102EF00083C7950003C78500A207D98F2314F50067
:102F0000014582800545828091476314F60283C79C
:102F1000150003C70500A207D98F2310F50083C74A
:102F2000350003C72500A207D98F2311F5000145FD
:102F30008280054582809387C5FF93960701C182F1
:102F40000D476360D70231473387E7029737FF1F8A
:102F500093874715BA972381A7002390B7000145AF
:102F600082800945828013074020AA876374A700E6
:102F700093074020F117239BF1B6238DB1B6238E22
:102F8000B1B682801905956542054111938535C01A
:102F9000418106C697F0FE1FE780E00D11C5B240E3
:102FA000E95541016FE0F06EB24041018280238C0F
:102FB00001B6238D01B6A38D01B6A38C01B6238A79
:102FC00001B685470111A38AF1B606CE2AC622CCE6
:102FD000238501B8239B01B623A801B6EF10C05387
:102FE00032451306000381452382A1B81735FF1F20
:102FF0001305450B97E0FE1FE780801703C581B8D6
:1030000005CD9565938545C0120597F0FE1FE780B5
:10301000800623A0A1B80DC1938781B883C717008C
:1030200003C681B88145A38CF1B6A38DC1B6120643
:1030300097E0FE1FE780C013938791B783C707000F
:103040001735FF1F0345050E95653E951375F50F62
:10305000238CA1B6938555C0120597F0FE1FE7801B
:10306000800123A8A1B641C103C681B712068145DC
:1030700097E0FE1FE780C00F938701B7984383C690
:1030800081B7814725077D566398F604EF10C06B22
:10309000B1473305F5029565938565C042054181C9
:1030A00097F0FE1FE78020FD23A6A1B82A8401CD5A
:1030B000EF10806931463306C5028145228597E0CD
:1030C000FE1FE780E00A6244F24017050000130586
:1030D00005D705616F10E06785072300C70093F7E8
:1030E000F70F410755B7238C01B6A38C01B679BF02
:1030F00041119397050126C206C622C4C187AE843A
:1031000063DA070803C541B8EF709FB62A8429C95E
:1031100003470500930700096311F70403471500EF
:10312000CD476317F706034525009735FF1F83C575
:10313000D5E083C7A1B793066400014601472E88F6
:103140006317E50219C2238DF1B683C7A1B791C7F2
:10315000854503C541B8EF705FE32285EF703FAA54
:103160002165258DB240224492444101828003C6EC
:103170000600B29713F6F70F9377F80F6374B60053
:103180009377F60F05071377F70F890605464DBFAE
:103190000125E1B793F715000145E9D7EF00106C61
:1031A00009C983C7A1B791C7854503C541B8EF7069
:1031B000DFDD13C514007DB785462A8763FBC6048F
:1031C00083C7150003C60500A207D18F2310F500A1
:1031D000639CD70083C7350083C62500A207D58F1F
:1031E0002311F50001458280894601456394D70289
:1031F00083C7350083C62500A207D58F2311F700AA
:1032000083C7550083C64500A207D58F2312F70058
:1032100082800545828091476314F60283C71500BA
:1032200003C70500A207D98F2310F50083C7350017
:1032300003C72500A207D98F2311F500014582801D
:103240000545828091476314F60283C7150003C7C2
:103250000500A207D98F2310F50083C7350003C7E7
:103260002500A207D98F2311F5000145828005456D
:103270008280A1476314F60483C7150003C70500C5
:10328000A207D98F2310F50083C7350003C7250097
:10329000A207D98F2311F50083C7550003C7450046
:1032A000A207D98F2312F50083C7750003C76500F5
:1032B000A207D98F2313F50001458280054582803E
:1032C0008947631CF60083C7150003C70500A207E2
:1032D000D98F2310F50001458280054582808357F0
:1032E000260079714ECE06D622D426D24AD01307B4
:1032F000F007AE896372F70209473AC42316F1005A
:10330000300093F5F50FEF100017B250225492548D
:103310000259F2494561828003574600D9462A89FD
:10332000328463F8E6008357660063F4F60063793D
:10333000F70023140100300093F5F90F4A85E1B737
:103340000355060002C4EFF08FFBAA8459C1EFF0C9
:103350005F9983C784006369F5001146A246CE8554
:103360004A85EF10E00655B7340026869305F00F26
:103370004A85EFF04FE575F1A24703578400DC471B
:103380002390E700035724002391E70003574400EC
:103390002392E700035764002393E70003D7440018
:1033A0002394E700DC4485CB93F4F90F2286A685AD
:1033B0004A858297C167FD172A86E311F5FA2245EF
:1033C0009947F9452300F50023029500EFF0BF95DA
:1033D0002DBF094661B7014651B7A947631CF604E2
:1033E00083C7150003C70500A207D98F2310F50076
:1033F00083C7350003C72500A207D98F2311F50025
:1034000083C7550003C74500A207D98F2312F500D3
:1034100083C7750003C76500A207D98F2313F50082
:1034200083C7950003C78500A207D98F2314F50031
:10343000014582800545828083C705002300F50091
:1034400083C71500A300F50083C7350003C7250017
:10345000A207D98F2311F50082802322050003C71C
:10346000450089476304F7000545828083D66500DF
:103470000D47E37BD7FE9C45011106CE22CC26CA20
:103480004AC84EC683C4170003C60700A204D18CE5
:10349000138644006311D60403C4370083C7270092
:1034A000AE8922045D8C9307C4FFC207C1832A89B9
:1034B000636FF70003A58900231199002310890089
:1034C000F155EFE0101D2322A900014531A022850E
:1034D000EFF02FDD65F10545F2406244D2444249E8
:1034E000B24905618280397122DC2E848347040051
:1034F0004AD806DE26DA4ED619472A89B285639A5B
:10350000E706034624002800EFF0FFD0AA8415E95F
:1035100003558100EFF0EFD8AA898345140015C93F
:103520002E8617170000130767E834009D454A856B
:10353000EF00903E4E85094681450D234E85EFF004
:103540008FE2F250625426854259D254B259216119
:10355000828089472310F100835781000A86231156
:10356000F1008357A1002312F1004A85EF00B070EB
:10357000C9BF4947639DE702035624002800EFF0C6
:103580005FCFAA845DFD9737FF1F83D767B299E3AA
:10359000814445BF03471400834604003C000146B4
:1035A000CA851735FF1F0345C5B0352E59BF514792
:1035B0006390E702035624002800EFF01F8FAA84CF
:1035C00049F18345140030004A85EFF05FD195BF83
:1035D0005947639FE704035624002800EFF0DF9269
:1035E000AA8425F1835581004A85EFF00FD41DC5CB
:1035F00058458356A10083570700B697C207C18379
:103600002310F700D1D75C47C1D783C7A1B7C9D36F
:10361000854503C541B8EF705F9725B789473EC020
:10362000835781000A86834514002312F10035BFB9
:10363000834514000A8623100100EF00D06389BF80
:103640005D71A6C256DA86C6A2C4CAC04EDE52DC7E
:10365000AA8A03C51500AE8432C6EFF04FC7B24543
:1036600001ED8144B6402644268506499644F25928
:10367000625AD25A6161828023020500231105003B
:1036800083C9040085472A84639AF90003C624008D
:103690002808EFF07FB2AA8405492DA09D476394C6
:1036A000F904034705008D47E31DF7FA03C624001C
:1036B00028080549EFF01FB9AA8409E505468145A8
:1036C0002285692E2285EFF0AFE7034584003C0890
:1036D0000147CE862686D6853924E30509F822855A
:1036E000EFF06FC841B7CD47639DF9000347050070
:1036F0009147E318F7F603C624002808EFF05FBCF3
:1037000059BFD547E39FF9F4034A05008947E31AF7
:10371000FAF403C6240028080549EFF01FCCAA8458
:1037200055F183570102BDE3035781011306F003EE
:103730005C44930607FCC206C182636CD600035644
:10374000A101D94663F7C6008356C101D94563EF8D
:10375000D500035524002391E7000549EF00D0521E
:1037600003560102D2852285612CA9BF8355E10150
:103770002391E7002392C7002390B7002393D7003B
:1037800085472300F400014A0149D9BF014AC9BF56
:103790007971AA8522D426D203542500AA84280848
:1037A00006D6EFF09FCBF24599E535E985452285B0
:1037B000EFF02FEDC1A0835781011547639BE7060A
:1037C0000357A1018D4763FCE7046800EFF0DFC6F3
:1037D0000357E100DD4763FCE7008345D100B707ED
:1037E00017008507100822853EC8EF00D048835790
:1037F000E1000357A10191076305F7002285EFF06F
:103800008FE78347C10072466C00858B11062285C5
:1038100091CFEFF0FFE201C52285EFF0CFE58844BC
:1038200051D597F0FE1FE780609149B7EFF0BFCB0D
:10383000DDB711476389E7001387A7FF420741837C
:10384000854663EEE6023147F117B387E702173783
:10385000FF1F13072785BA9703D7070069D303C54E
:1038600027003008A2850D205DF90357810191479B
:10387000E31EF7F2B25022549254456182802C0824
:103880002285B92649FDFDB701114AC82A8931456B
:1038900026CA06CE22CC2EC6B284EF700FB931C133
:1038A000B2459307000A2310F5002311B5002A84BE
:1038B000214611058DC0A68597E0FE1FE780C087D1
:1038C000A2854A85EF704FC10145F2406244D2445F
:1038D000424905618280814597E0FE1FE78040896B
:1038E000C5B70545DDB7797126D2AA841305000254
:1038F00006D622D42ECE32CC36CA3AC83EC6EF7097
:10390000CFB231C96246F2454247D246B2472A8415
:10391000130520FA2300A400A300C4002311B4005F
:103920002302E400A302D40013058400614691CF72
:10393000BE8597E0FE1FE7802080A2852254B2500A
:103940002685925445616F702FB9814597E0FE1F1F
:10395000E7800082DDB7B2502254925445618280E4
:103960005845797122D406D62A84AE8641C383573E
:103970002700231DF10093072006639FF50493871A
:1039800061B703D60700835767006373F600B287F9
:1039900013F6F70F83552701834707018D8F93F7A0
:1039A000F70F81E5890793F7F70FB297FD17B3C7B4
:1039B000C702231EF100835724008355640003458A
:1039C0008400231CF10001473C080146EFF0BFF1E1
:1039D000B2502254456182800347C701938701B8E2
:1039E0009C431207BA9783D76700E1B72EC61946E2
:1039F0008145280897D0FE1FE7808077B24665BFD3
:103A0000797122D406D626D22A848DC181470147F6
:103A1000930600062E868355640003458400EFF06C
:103A20009FECB2502254925445618280B2842800A7
:103A3000594697D0FE1FE780A0732314910089E8B0
:103A40008357240048446C002315F100EFF04FA188
:103A50003C00014793060006014675BF797106D602
:103A6000814799ED8357250058452316C10023143B
:103A7000F1003C0011C7835727002315F1003C00DB
:103A80002E86835565000345850001479306000691
:103A9000EFF07FE5B25045618280411122C406C635
:103AA0008347050011472A846395E7022E868355D4
:103AB00065000345850081470147CD46EFF0BFE231
:103AC0004946835564002244B240154541016FF0D8
:103AD000AF9313F7B70F89466317D7000146EFF08E
:103AE0003FF25146F9BF0D476398E7002244B240C8
:103AF000014641016FF09FF6B240224441018280AD
:103B000083D705003147F1173387E7029727FF1F57
:103B100093874759BA97D84319EBD8412395A70003
:103B20000145D8C303D725002394E7008280594577
:103B30008280797122D4404526D24AD006D6AA8402
:103B40002E8925C0484419C597E0FE1FE780005F15
:103B5000232604008357040083D5640003C5840032
:103B60002315F100835724000147930640062316CE
:103B7000F100835784004A862317F1001C483EC891
:103B800083D724002314F1003C00EFF0DFD5A30E0F
:103B9000240123280400B250225492540259456152
:103BA000828028003146814597D0FE1FE780405C27
:103BB00083D7240083D5640003C584002314F10057
:103BC00001473C00930640064A86EFF0DFD1E1B79B
:103BD000797152CC2A8A03D5050026D206D622D482
:103BE0004AD04ECE56CAAE84EFE0BFEB19E185470E
:103BF000BDA84045AA8965DC83576500E39947FF66
:103C000083578400638707128346C401938A01B8EF
:103C100003A70A009206FD173697C20703576700ED
:103C2000C1832314F4006316F70093053006EFF008
:103C30003FD35C48A5EFC840034915008347050002
:103C400022093369F90083D7240013072900631A76
:103C5000F702F955EFE0E023C8C02391240103C522
:103C600089002686D285EFF03FC2814721E1B2501C
:103C7000225492540259F249624AD24A3E85456121
:103C800082809565938515C04A8597E0FE1FE78081
:103C9000803E48C8C840231C2401F955EFE0601F4E
:103CA00083D72400C8C0F9172391F400484859C5A8
:103CB00003D624008356A401835784013308D60019
:103CC00063C007090347C40183A70A00954512078B
:103CD000BA9783D7270063CF0705CC40369597D096
:103CE000FE1FE78060450357A40183D72400BA97DD
:103CF000C20703578401C183231DF400E399E7EE53
:103D000003D7290003C5890030002314E100584877
:103D1000D2852315F1003AC6EFF01FB711C5484808
:103D200097E0FE1FE7808041232A0400232C040033
:103D30007DBD99454E85EFE0FFE755BDA545DDBF4B
:103D40009145CDBF03D7250079CB83D661B7ED4729
:103D500063E8E60C011122CC2E8426CAAA844840CE
:103D6000914506CEEFE0E01283572400AA86230097
:103D7000F50083572400A183A300F50083570400B6
:103D80002301F50083570400A183A301F500035626
:103D90002400C167F9171106420641826394F404B6
:103DA0002AC4314532C6EF605FE8AA85CD470DC50C
:103DB000930700F93246A2462300F500F957231174
:103DC000F50089472302F5002313C50014C503C578
:103DD00041B8EF607FF08147F2406244D2443E85B3
:103DE0000561828081452685EF40702FAA8701E911
:103DF00003C7A1B775D37D17238DE1B6F1BF09477E
:103E00006302E5021D476301E50249476300E502DD
:103E10007D47E313E5FC03C7A1B78147E1BFED4749
:103E20003E858280D1474DBF91477DB789476DB7A9
:103E3000011122CC4AC831441309C5FF3304890259
:103E40009727FF1F9387072606CE26CA3E94584021
:103E500031C783C6A1B7BE84854795CA2314A10084
:103E6000835784000355A4002C003AC62315F100A3
:103E7000EFF05FED11C5484097E0FE1FE780002C92
:103E8000B147B307F902A69723A207008547F2407E
:103E90006244D24442493E85056182808147C5BF64
:103EA000797126D24445138761B74AD083D764001D
:103EB0000359070052CC06D622D44ECE56CA2A8ABF
:103EC00063F327013E8903D72401420913590901ED
:103ED00083D7040141CB998F4A8463D5270113947A
:103EE0000701418089452285EFF0CF89AA89CD4A13
:103EF00025C183D724002AC6231581002314F1008D
:103F000083D7240185E383D7040193092500230087
:103F1000F50083D70401A183A300F500637624058F
:103F200003D4040183D72401CC4422864E85BE9558
:103F300097D0FE1FE780402003556A002C00EFF069
:103F40007FE0AA8A15C54E8597E0FE1FE780001F17
:103F5000B2502254568592540259F249624AD24ACA
:103F60004561828089078DBF7914420441805DBF1D
:103F700003D7240183D704003A94FD17C2074204F3
:103F800003D70401C18341802390F4002399840066
:103F90006377E400D5FFFD57A38EF40055BF81453C
:103FA0005285EFF01FB96DB701114EC683C9A1B894
:103FB00022CC52C456C25AC006CE26CA4AC84E8423
:103FC000138A01B7854A130BF00F83270A00931455
:103FD0004400BE9403C9040063175907DC44A5C715
:103FE000D84735C303D7070039C383C7A1B789CFE3
:103FF0002685EFF0FFEAAA8515E5050483C791B78A
:10400000635FF400238581B8F24062444A85D2445C
:104010004249B249224A924A024B05618280238575
:1040200001B8DDB72685EFF0DFB00149F1BF83C7E6
:10403000D701639A6701930520062685EFF05F920A
:10404000DC44A38E070005041374F40F83C791B7F3
:104050006363F4000144E31A34F7C1BF411115450D
:1040600006C6EFF0FFDC09C50545B240410182807C
:104070001945EFF0FFDB6DF91145EFF07FDB6DF5D2
:104080001D45EFF0FFDA6DF183C791B7F9DFB2405C
:1040900041016FF07FF183D705000D47F117C2078B
:1040A000C1836361F706DC41B1CF411122C42E8484
:1040B000854526C206C6AA841D2739C526858125C1
:1040C000C167F917638FF40009ED8357240091CB82
:1040D000835604001947639FE60203D761B763FB69
:1040E000E70283C7A1B7A285268599C72244B240BB
:1040F000924441016FF01FC52244B24092444101F5
:104100006FF01FA0094582805145B240224492447D
:10411000410182806D45D5BF397126DA4ED6AA8419
:10412000AE895D4589454AD806DE22DC328936C62D
:104130003AC4EFE03FE525C522472A84014511C76F
:10414000B24613054400B6850297935785002300B5
:104150003401A30024012301A400A301F4001105EC
:104160009547231DA100231CF10022CE83C7A1B7D0
:104170002C08268595C3EFF0FFBCAA8411C52285C3
:1041800097E0FE1FE78080FBF2506254268542597B
:10419000D254B25921618280EFF09F96F9BFCD448D
:1041A000E5B7797126D24AD052CC56CA06D6BA8A19
:1041B00022D44ECE19472E89B284368A639BE506F7
:1041C000035526000944EFE0DF8D2AC63DC95C4552
:1041D0008359650083D727002390F400B247154721
:1041E0002380570103C651B72391E7001307160038
:1041F0001377F70FA38AE1B62382C70001E70547CB
:10420000A38AE1B65147631AE90015472391E400F8
:10421000DC4703D784002394E7005287A686CA852B
:104220004E85EFF07FEF2A84324515C4EFE0BF934F
:1042300009A842867400BE85AA89EFE0CFF82A84D7
:1042400051DD2285B250225492540259F249624AF9
:10425000D24A45618280F945EFE0FFACDDB783D7F4
:1042600005002300F50083D70500A183A300F50016
:1042700083D725002301F50083D72500A183A3015F
:10428000F5001145828083D705002300F50083D710
:104290000500A183A300F50083D725002301F500C5
:1042A00083D72500A183A301F50083D7450023020E
:1042B000F50083D74500A183A302F50083D76500ED
:1042C0002303F50083D76500A183A303F5002145EF
:1042D000828083D705002300F50083D70500A183E2
:1042E000A300F5000945828083D705002300F5006F
:1042F00083D70500A183A300F50083D72500230100
:10430000F50083D72500A183A301F50083D74500DD
:104310002302F50083D74500A183A302F50083D7CC
:1043200065002303F50083D76500A183A303F5008F
:1043300083D785002304F50083D78500A183A304D8
:10434000F5002945828003D705008546AA8723000A
:10435000E50003D705002183A300E50003D705008E
:10436000631DD70003D725002301E50003D72500EF
:104370002183A301E5001145828009456315A70249
:1043800003D7250019452381E70003D725002183A2
:10439000A381E70003D745002382E70003D7450048
:1043A0002183A382E700828083D705002300F500E4
:1043B00083D70500A183A300F50083D7250023013F
:1043C000F50083D72500A183A301F5001145828064
:1043D000797126D24AD04ECEB2842A89AE89294636
:1043E0008145480022D406D6368497D0FE1FE78048
:1043F00020D82316910085EC835724002312F10066
:10440000938761B783D707002314F1005C4485C309
:1044100083C6C701138701B81843920683D7870064
:104420003697035727002315F1002313E1004A852F
:1044300017070000130787EB540013F6F90FD54553
:10444000EFF09FCD2A8911C19DE085472300F4003C
:1044500023020400014681452285EFF06FDAB25055
:1044600022544A8592540259F2494561828022853C
:10447000EFE06FEFEDB7B286170700001307E7EC28
:104480002E8685456FF05FC901112317A100416594
:10449000700001489307F00F0D47970600009386C0
:1044A00046DC99457D1506CEEFF0BFCFF2400561A1
:1044B0008280B28701482E861147970600009386B6
:1044C000C6DCC9456FF0FFCDB286170700001307A1
:1044D00087E02E86CD456FF03FC4011122CC26CA5D
:1044E0004AC84EC606CE2A89AE891724FF1F130478
:1044F00064BE9724FF1F9384E4C01C4081C7CE850F
:104500004A8582971104E31A94FEF2406244D24431
:104510004249B249056182801725FF1F034575A2F4
:104520009377350009811727FF1FA30DF7BEAA97C0
:104530001727FF1F2308F7BEBDCF1305C003338520
:10454000A702A5654111850506C697E0FE1FE78015
:1045500080B223A8A1B89307C0031726FF1F034604
:1045600066BC3306F602814597D0FE1FE78040C047
:10457000938701B99C439726FF1F83C6A6BA0147BC
:1045800089077D56634FD700B2401306000381456B
:104590001725FF1F130505B4410117D3FE1F670040
:1045A00023BD2390C7002381070023A50702050729
:1045B0009387C703C1BF8280938701B998431726A9
:1045C000FF1F034626B681476315F60081463685F0
:1045D0008280BA861307C703835567FCE389A5FE6B
:1045E000850793F7F70FCDB7011122CC2EC632C441
:1045F00006CE2A84EFF05FFC2246B24511E9C1677E
:10460000F9176303F4005145F2406244056182806A
:1046100054558347450095C213F72701414563145C
:10462000A700154575F2C18B3D45F9DF83C7A6018B
:104630000145E3FBB7FC3145C1BFC18B0145E9F73B
:104640001545D9B7797126D2C16422D44AD04ECE4D
:1046500052CC56CA06D62A890144938901B9130A55
:10466000C003FD14854A9727FF1F83C7A7AB636468
:10467000F400014535A8B307440303A70900BA971E
:1046800003D727006316970005041374F40FE1BFE6
:1046900003C55700300093856700EFB0F05019460E
:1046A000CA85280097D0FE1FE78000B2E31E55FDA3
:1046B000B250225492540259F249624AD24A456198
:1046C0008280938701B9C16698439725FF1F83C5F0
:1046D00065A58147FD166395F50001463285828008
:1046E000035827003A866306D80003480700E3070B
:1046F000A8FE850793F7F70F1307C703E9BF41111A
:1047000006C6EFF07FEB11C503554501B2404101EC
:1047100082800145E5BF938701B998439726FF1F23
:1047200083C646A08147110701456393F600828046
:104730000346070001C605051375F50F850793F7B6
:10474000F70F1307C703D5B71725FF1F0345859D2F
:1047500082801727FF1F1307E7978147BA863146E4
:104760000C4391E58A07B69788C301458280850787
:104770001107E397C7FE4D458280411106C622C44A
:10478000EFF09FE31DCD2A84035525008545EFF00A
:10479000DFD4485409C597E0FE1FE780209A2285A0
:1047A0001306C003814597D0FE1FE780609CFD572C
:1047B0002311F400230204000145B24022444101C8
:1047C00082800945DDBF411106C6EFF0FFDE11C54D
:1047D0000345C500B240410182800145E5BFC16784
:1047E000F9176304F502411122C406C62E84EFF0C6
:1047F000BFDCAA87014591C703C54700698C3335E3
:104800008000B2402244410182800545828001112E
:1048100006CE2EC6EFF05FDA854711C90357450172
:10482000B24585476305B700231AB5008147F240BA
:104830003E850561828031C901114AC8416922CC97
:1048400026CA4EC652C406CE0144AA84938901B931
:10485000130AC0037D199727FF1F83C7A78C634ADC
:10486000F400F2406244D2444249B249224A05610E
:1048700082803305440383A709003E9583572500B2
:104880006383270182940504F9B78280938701B975
:104890009C43C1661726FF1F0346C688890701454A
:1048A0000147FD1691456313E600828003D8070097
:1048B0006309D80003C8A7006315B8000505137580
:1048C000F50F05071377F70F9387C703E9BF9387A2
:1048D00001B994431726FF1F0346C684014791067A
:1048E00081476310E602858393C7F7FFC207C18340
:1048F00005456364E50285473395A700420541817C
:10490000828083C5060081C583D5C602CD8F050789
:104910001377F70F9386C603E9B793F61700E1FE06
:10492000050585831375F50FE9B7797156CAAA8A0B
:104930002E8526D24AD04ECE52CC5AC85EC662C40C
:1049400006D622D4AE84328B368CBA8B3E8AC2898C
:104950004689EFF07FC649E141657D15EFF0DFC57F
:104960002A84554531CC1946DE8513056400A3021F
:10497000840197C0FE1FE780207C83570103231129
:104980009400230264012319F40083574103230098
:10499000540123260402231AF4002306440123179A
:1049A000340123182401EFF09FF22318A402232AD4
:1049B00004022685232C04028145EFF01FB2014535
:1049C000B250225492540259F249624AD24A424B9E
:1049D000B24B224C456182804545DDB7938701B9D2
:1049E00098439716FF1F83C6E67381476395F600C9
:1049F00041657D1582803A861307C703835547FFBB
:104A00006395A500035526008280850793F7F70F6D
:104A1000F1BF938701B9944341661718FF1F0348FC
:104A2000687001477D16954811436314E8000145FD
:104A3000828083D7260036856380C704CC5A8DCD0B
:104A400083C7350083C5250089CD938597FD93F5F0
:104A5000F50FE37FB3FC9387D7FA93F7D70F89EF6E
:104A600082809385F7FD93F5F50FE3F3B8FC938708
:104A7000D7FA93F7D70FCDDF05071377F70F938694
:104A8000C60365B7938701B9416698439715FF1F21
:104A900083C5456981477D1625486394F500014526
:104AA0008280835627003A85638CC600545B89CA8E
:104AB00083C636009386E6FD93F6F60FE372D8FEC2
:104AC000850793F7F70F1307C703C1BF011122CC66
:104AD0002A84494506CEEF800FB015C12AC622852B
:104AE000EFF09FAD09CD6244324683550503F24095
:104AF0001715FF1F0345B56205616F604FE0F24077
:104B000062440561828039714ED652D4AE892A8AB8
:104B100093053005414526DA4AD856D206DE22DC16
:104B200032C63689BA8A97D0FE1FE780C054CD447A
:104B300031C92A8489446382090432468145231A93
:104B4000C100414697C0FE1FE78080625686CE8531
:104B5000228597C0FE1FE780205E2146630E090272
:104B6000CA85280897C0FE1FE780005DA28650080E
:104B70002C085285EF30D04CAA84228597D0FE1F96
:104B8000E780C05BF250625426854259D254B25934
:104B9000225A925A216182808145280897C0FE1FBF
:104BA000E780005DE1B7411122C4405926C206C624
:104BB000AA8429CC085409C597D0FE1FE780005865
:104BC000285809C597D0FE1FE7804057685809C587
:104BD00097D0FE1FE7808056285C09C597D0FE1F3E
:104BE000E780C055685C09C597D0FE1FE780005577
:104BF0000325040809C597D0FE1FE78020542285AD
:104C000097D0FE1FE780805323AA0402224483D555
:104C10000403B24092441715FF1F0345555041014C
:104C20006F606FEF411126C206C622C4AE84EFF05A
:104C3000BF9821C54C592A84A9C183A8C50703A8D8
:104C40008507FC59B85983C6650003D6050083C59E
:104C500025002685EF804FA02285EFF0DFF4EFF0EE
:104C60007FE201CD2244B24092441715FF1F034555
:104C7000154B854541016F604FB1B24022449244CB
:104C800041018280011122CC06CE2A842EC6EFF08B
:104C9000BF925C5991CF83D70700B245639A8700D2
:104CA00085476397F5006244F24005616FF0BFEFFE
:104CB000F240624405618280411106C622C426C2C8
:104CC000EFF03FD529C14059AA8415CC8347240071
:104CD00085CB938781B99C4389C7DC4399C32285DF
:104CE0008297034734009307F002631EF7002244C3
:104CF00003D52400B2409244814541016FF09FF2F8
:104D00009387C1B9C9BFB240224492444101828015
:104D1000411126C24AC006C622C4AA842E89EFF0D9
:104D2000BF8931C1405945CC835704006399970A24
:104D300083473400130710026399E7088347240070
:104D4000D1C37C540327040883D7470105E713F731
:104D500017000DC3185403574700058B01CF930765
:104D60002002A301F400B2402244924402490545C6
:104D70004101828013F7270009CB185403574700DD
:104D8000098B01C793074002E9BF918B89CB1C5463
:104D900083D74700918B81C793076002D9B7938768
:104DA00081B99C43E9D3DC43DDDF22858297034749
:104DB00034009307F0028145E317F7FA2685EFF0F8
:104DC0007FE655B79387C1B9E9BF1307A00263987F
:104DD000E7006304090013092003CA85C5B7631CF3
:104DE00009002685EFF04FFD19C58347450093E77D
:104DF00007012302F500A6854A85EF701F9AA5B723
:104E0000797126D29947231DB100AA842E858D453C
:104E100022D406D632C636C4231CF100EFE08F96AA
:104E20002ACE4D441DC13246A246AA8532858296BD
:104E30002A8419E52C082685EFF0EFA52A8411C5F0
:104E4000724597D0FE1FE780602F2685EFF01FC8C0
:104E50002285B2502254925445618280411122C46D
:104E60002E862E849726000093862692894506C6B4
:104E700026C24AC02A89EFF0BFF883450400AA84FD
:104E80004A85EFF03FDAB240224426850249924437
:104E9000410182809387C1B99C4395CB9C4385CBCC
:104EA0001D71A2CC86CE984110082A843AC8D841F8
:104EB00085453ACA829701C92306A10003552400FB
:104EC0006C00EFF0BFF9F640664425618280828075
:104ED000AE8715C5785505C7834607002380D500E2
:104EE00083461700A380D500834627012381D50080
:104EF00083468701584BA381D500D8C182804146A3
:104F000081453E8517C3FE1F67008326938781B9BD
:104F10009C4391C703A387006303030002830945F1
:104F20008280138701C018431DC75843AA870545CF
:104F30000DC703A50708411106C69306050213060F
:104F4000050C93050506130505040297B240137579
:104F5000F50F410182800545828082804DC93571FF
:104F600022CD2A840355050026CB4AC94EC756C315
:104F700006CF52C55AC1DEDEB68AB2892E89EFF05D
:104F8000AFE3AA8439C50C182285EFF07FF483477C
:104F90002400138A6400A9CBEF708FD92A8B0145B6
:104FA00083CB5400EF708FD6AA840C100818EF1032
:104FB000405F08542C10EF10605FD288268A56C0DC
:104FC0005E88D2875A8714103010CE854A85EF202C
:104FD0001019FA406A44DA444A49BA492A4A9A4AB4
:104FE0000A4BF65B0D618280EF708FD4AA8B01456E
:104FF00003CB5400EF708FD12ACE08540C10EF1061
:10500000405A2C100818EF10605AF2484DBF8280A9
:10501000C14709CD1455C14791CA785501CB83C703
:105020003600BD4663F4F600834787013E858280E3
:1050300089476309051063870510411106C622C41C
:1050400026C2834715002E842380F5008347250060
:10505000A380F500834735002381F5008347450091
:10506000A381F50083475500858B9396870083D7EE
:10507000450093F7F7EFD58F2392F500834655004F
:1050800093F7F7DFA20693F60620DD8E2392D50074
:105090000347550093F6F6BF220713770740558F55
:1050A0002392E50083475500FD769386F67F8D8732
:1050B000858B758FAE07D98F2392F50083466500E7
:1050C000F99B858ADD8E2392D5000347650093778F
:1050D000270013F7D6FF5D8F2392E5008347650015
:1050E00093F647009377B7FFD58F2392F5000347D8
:1050F0006500DD9B4D45218BD98F2392F500EF7024
:105100009FCDAA845145EF701FCD0347340093F41F
:10511000F40FC947636297021375F50F636EE500DC
:10512000834604001147E1476368D70083461400B3
:1051300005476363D7008147B240224492443E85CD
:10514000410182803E85828015C1AA8709458DC1B3
:1051500041112E8541469385170006C697C0FE1F54
:10516000E78080FDB240014541018280094582808F
:10517000828089471DC595C5411106C603471500A4
:10518000AE8719462380E500930525001385170097
:1051900097C0FE1FE78040FAB24081473E8541013B
:1051A00082803E85828015C1AA8709458DC1411143
:1051B0002E8541469385170006C697C0FE1FE780DF
:1051C000A0F7B2400145410182800945828082807A
:1051D00089471DC995C9411106C603472500834665
:1051E0001500AE872207558F2390E50021469305D1
:1051F00035001385270097C0FE1FE780E0F3B2401B
:1052000081473E85410182803E85828015C1AA8703
:1052100009458DC141112E8541469385170006C66B
:1052200097C0FE1FE78040F1B240014541018280F6
:10523000094582808280894719C991C903471500B1
:10524000BD46E14763E5E6002380E50081473E85F2
:10525000828015C1AA8709458DC141112E8541461D
:105260009385170006C697C0FE1FE780E0ECB240AA
:1052700001454101828009458280828015C1AA874B
:1052800009458DC141112E8541469385170006C6FB
:1052900097C0FE1FE78040EAB2400145410182808D
:1052A0000945828082801DC1AA87094595C14111A7
:1052B0002E85130600049385170006C697C0FE1FAF
:1052C000E78080E7B2400145410182800945828044
:1052D000828015C1AA8709458DC141112E8541469D
:1052E0009385170006C697C0FE1FE780E0E4B24032
:1052F0000145410182800945828082801D71A2CCD6
:105300002A84084586CEA6CA2306010083440500E8
:1053100035479387F4FF93F7F70F636AF70C178706
:105320000100130727AE8A07BA979C43BA97828772
:105330000C08EFF0FFCFC9476312F5029947230627
:10534000F100035524006C00EFF05FB1F6406644B5
:10535000D644256182800C08EFF05FEB29C98347B2
:10536000C100E5F303552400EFF04FF6C5B70C0874
:10537000EFF03FEEE5B70C08EFF0FFEBC5B70C0818
:10538000EFF09FDCE1BF0C08EFF09FE4C1BF0C0819
:10539000EFF07FE1E1B70C08EFF0BFDDC1B70C081B
:1053A000EFF0DFED65BF834715002308F1000355DB
:1053B0002400EFF06FA0A14705C10347C500631AA1
:1053C000F702938781B998439D4719C7184309C7C6
:1053D0001008A6850297AA872306F10049B70C0892
:1053E000EFF07FECA5BF0C08EFF0BFEE85BF9D4747
:1053F000B9B79387C1B9C1BF011122CC06CE26CA65
:105400004AC84EC603470500930720092A8463173C
:10541000F7128347150039476391E70A8356450021
:105420000967610781476393E610938941B903A532
:105430000900CE84630C050E0C4403C90500631EED
:1054400009008347050085052146A9CB290597C09A
:10545000FE1FE78060CE9C40B9CF4945EF50EFFC7E
:105460002A840DC5930710FC2300F500A300250135
:105470008C4009054146890597C0FE1FE780C0CBD7
:105480009C40A28503C51700EF501F85884097D028
:10549000FE1FE780A0CA23AA01B831A8090597C05A
:1054A000FE1FE78060C9EF30603905494DF583A7DD
:1054B000090023802701854795A81307E003639D12
:1054C000E708034725009547631EF702035545008B
:1054D000EFF06FAF9147E310F5FE9387C1B99C439E
:1054E000F9DB03A38700E30803FC0356E40003553C
:1054F0004400930564006244F240D2444249B249F8
:1055000005610283A147631EF700834564000355CC
:1055100044006244F240D2444249B24905616FF00E
:105520002FFF930600038147E301D7FEF240624458
:10553000D2444249B2493E85056182809306000A01
:105540008147E315D7FEEFF07FDB08442DD597D0D8
:10555000FE1FE780A0BE85B78147C9BF011126CADB
:1055600006CE22CC89441DCD95CDAA842E84680018
:105570008D45EF60DFCA8347E1002685228693F7D9
:10558000F70393E707046C002307F100EF202034B2
:10559000AA8409E90D466C001305340097C0FE1F6C
:1055A000E78080B9F24062442685D244056182805A
:1055B0005D714EDE86C6A2C4A6C2CAC052DC56DAEF
:1055C0005AD85ED6894945CD5DCA138B4500420B3A
:1055D000135B0B01AE8A2A8A930530055A85B28483
:1055E00097D0FE1FE78020A92A84CD4949C9EF60E2
:1055F0005FF62A895686D285935A8900135A090183
:10560000937BF90F1305440093FAFA0F137AFA0FFC
:105610001359890197C0FE1FE780E0BDA301740103
:1056200023015401A300440123002401EF60BFF1D2
:10563000AA854146080897C0FE1FE780C0BB2147E6
:1056400034005A86A2850808EF20004FAA891DE180
:1056500021462C0023807401A3805401238144013E
:10566000A38124011385440097C0FE1FE780A0B8E2
:10567000EF601FEF228597D0FE1FE78020ACB64079
:1056800026444E8596440649F259625AD25A425BE4
:10569000B25B6161828001114AC82A892E8506CEDB
:1056A00022CC26CA2EC6EFE03FF171C5405971C425
:1056B000834754000947B24593F6B70F6387E60066
:1056C00011471305E00F6392E7088357040009456B
:1056D000639DB706930484004146CA85268597C01A
:1056E000FE1FE78060A54146CA851305840197C067
:1056F000FE1FE78060A40347340085469307F7FE4A
:1057000093F7F70F63E9F6041306C4033285C14526
:1057100032C6EF60DFB032469306C402A68522850A
:10572000EFF0DF838347240089CB22856244F24077
:10573000D244424905616F10400E03473400C94707
:10574000E305F7FEA301F4000145F2406244D244B0
:10575000424905618280930710050145E317F7FE72
:1057600083472400FDD322856244F240D24442495B
:1057700005616F1000110945C9BF4945F9B729CD29
:10578000011126CA06CE22CCAA840945A9C10D461C
:1057900028002E848D0597C0FE1FE780E09983477F
:1057A000A10070002C0093F7F70393E70704268508
:1057B0002305F100EF20A01119E90D46A28568002C
:1057C00097C0FE1FE78040A07D153335A000F24052
:1057D0006244D2440561828009458280011152C42D
:1057E0002A8A32854EC656C25AC006CE22CC26CA56
:1057F0004AC82E8BB28AB689EFE01FDC09ED8944D6
:10580000F240624426854249D244B249224A924A31
:10581000024B056182805C592A89C544F5F34D45E8
:10582000EF706FDB1374F50F5145EF70CFDAE3883B
:1058300009FC83C78901E3E487FC1375F50FE36076
:10584000F5FC930530051305400897D0FE1FE7804F
:105850008082232AA9022A84CD445DD11306400800
:10586000814597C0FE1FE780A090A301040023019B
:105870004401230264012310540123263407232406
:105880000402A30204008144E30C0AF62285EF001F
:10589000D072AA8435D54A85EFF0EFB095B739714B
:1058A00022DC06DE26DA4AD84ED652D456D25AD058
:1058B0005ECE62CC66CA0944630B0610630907100A
:1058C000AA8B3A89368BB28A2E8CEFE0FFCE2A8AD9
:1058D0005144630E050E93053005414597C0FE1FE8
:1058E000E7806079AA894D447DC1834419008347CC
:1058F0002900A204C207BE9483470900BE948347CF
:105900003900E207BE9483278A0263E697007D5739
:1059100009446399E70A63070C0083474A0005447A
:10592000898BCDC3930C4B00214681450A85C20C5F
:1059300097C0FE1FE780C08393DC0C019305300500
:10594000668597C0FE1FE78000732A8C4D443DC9D1
:105950005A86D685110597C0FE1FE780C08911467B
:10596000CA85628597C0FE1FE780E088414693059F
:105970008A014E8597C0FE1FE780E08721478A860F
:105980006686E2854E85EF20201B2A841DE5214690
:105990008A85280097C0FE1FE780E0852146930591
:1059A0004900280097C0FE1FE78000828547631EDC
:1059B000F502A6855E85EF702FF8628597C0FE1F01
:1059C000E780C0774E8597C0FE1FE780207722854D
:1059D000F2506254D2544259B259225A925A025B3E
:1059E000F24B624CD24C216182800544F9B7797147
:1059F0009397050122D406D626D24AD04ECEC1872F
:105A00002E8463D507041705FF1F03455571EF501A
:105A10002FA62AC605C1EFF03F9EB24509E917053A
:105A2000FF1F0345C56F9307F00F631EF5002E851A
:105A3000EF50EF9C2165218DB250225492540259AF
:105A4000F24945618280EF502FA9EDB793F7150019
:105A500091C7EFF06FA613451400F9BFA1E101450E
:105A6000E1BF850493F4F40FEFE01FCEE3F9A4FE49
:105A7000339599001319050113590901B3772401CE
:105A8000EDD34A85EFE09FF5C167FD176305F5008B
:105A9000DD45EFF02F993345240179BF85448549D1
:105AA000E1B723AA01B823AC01B823AE01B8970728
:105AB000FF1F93872765170700001307676198C3C7
:105AC000170700001307A731D8C317F7FFFF130705
:105AD000C70398C79707FF1F9387876317170000AF
:105AE0001307675798C3171700001307870ED8C30B
:105AF000171700001307C73B98C782809707FF1F3F
:105B000083C70762A18B1707FF1F1307A75F91E3E6
:105B1000014723ACE1B8014582809707FF1F83C787
:105B20002760918B1707FF1F1307875E91E30147DB
:105B300023AEE1B801458280011106CE2AC6EFF0FE
:105B40005FF6324599459707FF1FA38AA75CEFD000
:105B50008FBEF24017F5FFFF1305051305616FE0D7
:105B60005FBF1C5581C7A1473E858280011122CCB1
:105B700026CA2A84AE84130500049305300506CE98
:105B800097C0FE1FE780204F08D463050510130659
:105B90000004A68597B0FE1FE780005A785483471B
:105BA000270193F68700638E0610145483C62600DF
:105BB000A18A6388061083270408E9EF930530055E
:105BC0001305001097C0FE1FE780E04A2320A408B9
:105BD0008D4771C1A3020400785483C71400834623
:105BE000170081EF81EE83C72400918BDDEB8347A3
:105BF0002701918BDDE7854711A889C62147A302BC
:105C0000E40099C78347540093E70701A302F40017
:105C10006C5483C72501858B91CF1C54054783C7DE
:105C200027008D8B6398E7008347640093E7170094
:105C30002303F4008327040899C78347640093E78C
:105C400087002303F4008347540005476398E70C5B
:105C50009304840041468145268597B0FE1FE78066
:105C60002051414681451305840197B0FE1FE7800E
:105C700020501306C4033285C14532C6EF602FDAC7
:105C8000832704083246BDC72285EF00903F930763
:105C9000000525CDA147F2406244D2443E8505610E
:105CA000828083C704008346070015473387E702D5
:105CB000977701009387471ABA97B69783C707006B
:105CC000B1B783C6140091C68346170099C2E14755
:105CD00035BF83C62400D58F918B91DF83C7040025
:105CE0008346070015473387E702977701009387BC
:105CF000E714D9B722859306C402A685EFF00FA654
:105D00002285EF00903159F5C14703550400A301E6
:105D1000F4008145EF700FAD8147B5BF13F78701E0
:105D200049C3C18B930484004146A9CB89052685CC
:105D300097B0FE1FE780404041468145130584012E
:105D400097B0FE1FE780C042834764001306C40378
:105D5000328593E747002303F400C14532C6EF6064
:105D60000FCC8327040832468DC32285EF007031A3
:105D70009307200505F1A301F40079BF814526852D
:105D800097B0FE1FE780C03E45BF9306C402A685BC
:105D90002285EFF0AF9C2285EF003028CD4761DDF2
:105DA000D5BD094785456388E70093F7D70F1147AD
:105DB0006397E700894503550400EF70AFA283475E
:105DC000640093E747002303F4008327040881C796
:105DD000930710054DB7C54779BF834725006382F8
:105DE0000726797122D406D626D24AD083473500B9
:105DF000130750052A84639EE706034975001306BE
:105E0000C503C14593573900AA97328583C48700DB
:105E100032C6EF60CFC0938701C09C43A9C79C479F
:105E2000B9C30325040893767900B3D6D44032462B
:105E3000858A93050504180893E6060813050508E6
:105E400082971375F50F05E141460C081305C4024E
:105E500097B0FE1FE780402E2285EF00101C9307AD
:105E60006005A301F400B2502254925402594561D6
:105E70008280130710026395E7021C55032705086B
:105E800083D7470069EB13F7071071C7785503579D
:105E900047011377071061C393077002A301F40051
:105EA0008347340013077002639FE70C3C5885E377
:105EB00093053005714597C0FE1FE780C01B28D8A9
:105EC00019C57146814597B0FE1FE780602A2458A6
:105ED000B9C883C7A40191E72285EFF06F93238DA2
:105EE000A40028588145414697B0FE1FE78040280E
:105EF00028583D478345A5019387F5FF93F7F70F92
:105F00006364F700EF60AFB1EF40BFF53C58A145C7
:105F10002398A70013852701EF606FB02C58035515
:105F20000400EF00D0409307800203550400A30152
:105F3000F400EFE06FE8414611C58357E50013D642
:105F400017003E96060685451705FF1F0345351DBC
:105F5000EF50EF9A09BF13F7072011CB785403577E
:105F600047011377072001C79307900205BF93F7F6
:105F700007409DD77C5483D7470193F707408DD3C3
:105F80009307B00221BF13078002639BE7023C58CE
:105F900089CB83D507010355040013862701EF0041
:105FA000903E1C5483D7470013F707202DC3785425
:105FB000035747011377072039CB93079002B5B7F2
:105FC00013079002639CE700EF602FD7AA85035563
:105FD0000400EF00503A9307A00281BF1307A0020C
:105FE0006393E704EF60CFD4AA85854701456384B6
:105FF000F500814505452EC6EF604FD12A86B24592
:1060000003550400EF00B0331C5483D7470093F7C7
:1060100007408DC77C5483D7470193F7074099CF3A
:106020009307B00219B71307B0026399E700EF6056
:106030008FD1AA8503550400EF0070389307F00252
:106040000DB58280411122C4405926C206C67C5437
:10605000AA8483D7470113F7071019C718540357A9
:106060004700137707101DE313F7072019C71854CB
:10607000035747001377072011EB93F707408DCFA5
:106080001C5483D7470093F707409DC7930710021E
:10609000A301F4002285EFF05FD403473400930797
:1060A000F0026310F702224403D52400B240924468
:1060B000814541016FE01FB79307F002A301F4008F
:1060C000DDB7B2402244924441018280397122DC22
:1060D000405926DA4AD84ED606DEAA89AE843289DD
:1060E0006300043E03552500835704006384A70022
:1060F000A14429A08347240091EB9D44F2506254AF
:1061000026854259D254B259216182809387E5FF96
:1061100093F7F70F2D47E362F7FE17770100130798
:1061200067D58A07BA979C43BA978287B28522853A
:10613000EFF03FA3AA84D9B74146CA851305C4042A
:1061400097B0FE1FE78040FF22851127AA8411C166
:10615000A14483473400130740056397E700930782
:106160009005A301F40059BF130760056395E7008C
:106170009307A005FDB7D147EDB79309C4054E8538
:106180004146CA8597B0FE1FE78000FB032504083F
:106190004DC983473400130790056399E7002285B2
:1061A00089279307E005A301F40051A81307A00570
:1061B0006393E7088347740013D737002297834619
:1061C00087009D8BB3D6F640938701C09C43858A98
:1061D00093E606F893F6F60F81DF9C4791DB930573
:1061E000050818084E861305050482979374F50F69
:1061F000E39004F041460C081305C40497B0FE1F59
:10620000E78080FC834774004D47850793F7F70FBD
:10621000A303F4006377F7002285E1259307E005E7
:1062200089B785451705FF1F034575EFEF40FFD57B
:10623000930750053DB71307C005E382E7F6814495
:1062400075BD130984004E86CA8522851408EFE0C7
:10625000FFD041469305C404080897B0FE1FE780AD
:10626000A0F6E30D05E88A861306C403CE854A85A9
:10627000EF10300315E12285EFE09FD99707FF1F4C
:10628000938747E82A879C470355040081460146C7
:106290008A858297AA8411C1A14493072002D1B5AF
:1062A00083450600EFE01F9859BF0347340093076A
:1062B0002002E314F7E47C5889EB9305300571451F
:1062C00097C0FE1FE78020DB68D86858E30705E227
:1062D0004146CA8597B0FE1FE78000E664582285D4
:1062E000EFE01FD3238DA400930730026DBD034759
:1062F000340093073002E312F7E083570600685832
:106300002146930529002318F500490597B0FE1F83
:10631000E78080E27C5483D7470113F7270035CB11
:10632000185403574700098B2DC793074002A5BD9A
:106330000347340093074002E311F7DC3C5C81EB38
:1063400085455D4597C0FE1FE780E0D228DC285CCC
:10635000E30705EE834709004146CA85230BF50094
:1063600097B0FE1FE78040DD930750022DBD034725
:10637000340093075002E312F7D8285C19469305BE
:106380001900410597B0FE1FE78000DB7C5483D7DE
:106390004701918B9DCF1C5483D74700918B95CBA0
:1063A0009307600209B57C5C89EB93053005514584
:1063B00097C0FE1FE78020CC68DC685CE30A05D24A
:1063C0004146CA8597B0FE1FE78000D77C5C7D57A9
:1063D00098CB4E85EFF01FC79DB503250408130623
:1063E0000004CA851305050497B0FE1FE780C0D4DA
:1063F0002285EFE01FB38347340013070005639540
:10640000E7009307400545B313071005639CE700B9
:1064100085451705FF1F034595D0EF401FB793072C
:10642000500551B313072005E39BE7E0938701C0B4
:106430009C43E38F07CA9C47E38C07CA8325040863
:1064400093048400180893850508814626862E85C6
:106450008297035504001008A685EF609FC193073B
:10646000B00591B3034734009307E005E317F7C87D
:106470008325040841464A8597B0FE1FE780C0D4B3
:10648000AD44E30D05C6032504084146CA8597B00F
:10649000FE1FE78060CA2285EFE09FB79707FF1FC6
:1064A000938747C62A879C472C580355040081468A
:1064B00001468297AA8411C1A1449307100255B1E5
:1064C000AD47E39EF5D683460600835525001306A7
:1064D000650003450500EF60EFBC95B3894761C2D5
:1064E000DDCD2300A60083C70500A300F60083C707
:1064F00015002301F60083C72500A301F60083C71A
:106500003500A30206002302F60083D74500A183CD
:10651000858BA302F60003D745001377072009C730
:1065200093E72700A302F60083D7450093F70740BF
:1065300099C78347560093E74700A302F60083D725
:10654000450013974701635807008347560093E7B8
:106550008700A302F6002303060083C74500858B4E
:106560002303F60003D74500098B09C793E72700EB
:106570002303F60083D74500918B99C783476600B4
:1065800093E747002303F60003D745008147218B9B
:1065900019C703476600136787002303E6003E859B
:1065A00082802E86AA8505456FF05FF32E86AA8528
:1065B00009456FF0BFF289478DC505C5411106C673
:1065C000AE870D47AA852380E70013851700414653
:1065D00097B0FE1FE78040B6B24081473E8541013B
:1065E00082803E85828089478DC505C5411106C6DA
:1065F000AE871147AA852380E7001385170041461F
:1066000097B0FE1FE78040B3B24081473E8541010D
:1066100082803E85828089478DC505C5411106C6A9
:10662000AE871947AA852380E700138517004146E6
:1066300097B0FE1FE78040B0B24081473E854101E0
:1066400082803E85828089479DCD15CD411106C649
:106650001D472380E50003570500AE872146A38030
:10666000E5000357050021832381E50093052500FC
:106670001385370097B0FE1FE78000ACB24081471A
:106680003E85410182803E85828089478DC505C552
:10669000411106C6AE872147AA852380E7001385EE
:1066A0001700414697B0FE1FE78000A9B24081471E
:1066B0003E85410182803E858280894795C90DC90A
:1066C000411106C625472380E50003470500AE8734
:1066D0001946A380E500930515001385270097B0A0
:1066E000FE1FE78060A5B24081473E854101828060
:1066F0003E85828089478DC505C5411106C6AE8796
:106700002947AA852380E70013851700414697B0E3
:10671000FE1FE78060A2B24081473E854101828032
:106720003E858280894795C50DC5411106C6AE8755
:106730003147AA852380E70013851700130600045C
:1067400097B0FE1FE780409FB24081473E854101E0
:1067500082803E85828089478DC505C5411106C668
:10676000AE873547AA852380E70013851700414689
:1067700097B0FE1FE780409CB24081473E854101B3
:1067800082803E858280894791C909C995472380C7
:10679000F50083470500A380F50081473E85828090
:1067A000894791C909C9AD472380F5008347050092
:1067B000A380F50081473E85828015C55D718A857D
:1067C00086C6A2C42A84EFE0AFF0035504000A860F
:1067D00097060000938626DD9D45EFE06FE2B64008
:1067E0002644616182800545828015C55D718A8578
:1067F00086C6A2C42A84EFE0AFED035504000A86E2
:10680000970600009386C6DA9D45EFE06FDFB6403D
:10681000264461618280054582805D71A2C4930532
:10682000C5022A8441460A8586C697B0FE1FE780C6
:10683000A090035504000A86970600009386E6D7C9
:10684000C545EFE0EFDBB6402644616182805D71B3
:10685000A2C49305C5032A8441460A8586C697B01B
:10686000FE1FE780608D035504000A86970600002E
:106870009386A6D7C545EFE0AFD8B6402644616100
:106880008280938701C09C43B1CB9C435D71A2C4BD
:1068900086C62A841305E00F95CF032504089305C7
:1068A000050C1305050882978325040813060004C8
:1068B0000A859385050897B0FE1FE780E08703559A
:1068C000040097060000938626E60A8693051004C6
:1068D000EFE00FD3B6402644616182801305E00FDC
:1068E0008280317122DD2A840355050026DB06DF14
:1068F0004AD94ED752D556D35AD15ECF62CDEFD0BA
:10690000BFCB3C58AA8489EB93053005714597B0FD
:10691000FE1FE780407628D82858CD470DC971461C
:10692000814597B0FE1FE780A084032904072285D4
:10693000EFE00FEE230DA90083472400138901C067
:10694000638A07128327090085E39307E00FFA5053
:106950006A54DA544A59BA592A5A9A5A0A5BFA4B73
:106960006A4C3E852961828083AB0701E38F0BFC73
:10697000032B0408EF50DFBB2A8C0145EF501FB9F1
:1069800083C754003858130B0B029309C403130A2E
:10699000C405938A64003AC0B337F0002A8793088D
:1069A00001045688B33680015286CE855A85829B73
:1069B0001C5403C727002307E10203C71700A306DF
:1069C000E10283C707002306F10283270900B5DF30
:1069D00003AB4701E30B0BF683C75400B337F0005A
:1069E0003ECEEF50FFB4AA8B0145EF503FB20327D4
:1069F0000408F2472AC03AC2B338700156887810AA
:106A0000930684004E86D2858800029B7C5403C77F
:106A100027012305E10203C71700A304E10283C78E
:106A200007002304F1028327090003A94701EF505F
:106A30003FB02A8B0145EF507FAD83C854009C08BE
:106A40002A883EC2B3381001B3376001381093066C
:106A500084015286CE8556C08800029903550400F1
:106A600097060000938666CF9008C545EFE04FB9C2
:106A7000AA87F1BD83C6540083270900032B0408AD
:106A8000B336D00083AB070136CEEF507FAA2A8CF5
:106A90000145EF50BFA73C58F246130B0B02130AF7
:106AA000C4059309C403938A64002A8893080104E7
:106AB0004E86D2853EC05687B33780015A85829B69
:106AC0001C54130B010303C727002307E10203C76C
:106AD0001700A306E10283C707002306F1028327FC
:106AE000090083AB470183C75400B337F0003ECEA3
:106AF000EF501FA42A8C0145EF505FA1F2472AC036
:106B0000B338800156887810930684004E86D2856B
:106B10005AC28800829B8325040841465A8597A063
:106B2000FE1FE780606AAD47E31205EE0DB52E86C5
:106B300097060000938666AEC5456FE06FAC5D7149
:106B4000B287A2C42300B1002A84BE8513051100B8
:106B5000194686C697A0FE1FE780005E0A8622853A
:106B6000970600009386A6B5A145EFE06FA9B64051
:106B70002644616182802E8697060000938626B1A6
:106B8000C5456FE0EFA75D71B287A2C42310B100C5
:106B90002A84BE8513052100214686C697A0FE1FC4
:106BA000E78080590A862285970600009386E6A929
:106BB000AD45EFE0EFA4B6402644616182802E86A9
:106BC00097060000938646B3C5456FE06FA37971C1
:106BD00022D406D626D283473500130730052A84EF
:106BE0006383E708130750056395E7089307A0053B
:106BF000A301F50083477500C14513D737002A97D5
:106C0000834687009D8B1305C503B3D6F640858A5E
:106C100093E606F893F6F60F36C6EF504FE0B2460D
:106C2000938701C09C439DCB9C478DCB03250408D3
:106C300018081306C4039305050413050508829775
:106C40001375F50F01ED1305C40241460C0897A01A
:106C5000FE1FE780604E2285EFF03FBCB250225409
:106C600092544561828093079005A301F500814607
:106C700045BF130710026396E7027C5503270508FA
:106C800083D747016314070E13F717006300070E3D
:106C9000185503574700058B71CB93072002A301BA
:106CA000F4008347340013072002639BE70E3C582F
:106CB00089EB93053005714597B0FE1FE780A03B37
:106CC00028D82458BDCC2285EFE08FB4238DA400B2
:106CD00028588145414697A0FE1FE7806049285803
:106CE0003D478345A5019387F5FF93F7F70F636B46
:106CF000F70283C781BED5C341468145080897A0E6
:106D0000FE1FE780E046194697F5FE1F938505357F
:106D1000080897A0FE1FE780204230580C082E85F7
:106D2000EF402002EF40EF933C58A1452398A70085
:106D300013852701EF50AFCE2C5803550400EFF018
:106D40001FDF9307300203550400A301F400EFD0C6
:106D5000BF86414619C10356E5000606854517F56D
:106D6000FE1F0345D53BEF408FB9CDBD13F727007C
:106D700009CB185403574700098B01C793074002FA
:106D800039BF918BE38F07F01C5483D74700918B59
:106D9000E38907F09307600219B7EF504FC859B75E
:106DA00013073002639AE7023C5889CB83D5070169
:106DB0000355040013862701EFF0FFDC7C5483D7D2
:106DC000470113F7270021CF185403574700098BB9
:106DD00039C79307400285BF13074002639CE70051
:106DE000EF50AFF5AA8503550400EFF0DFD8930705
:106DF000500291BF130750026390E704EF504FF326
:106E00000DE9814505452EC6EF504FF02A86B24563
:106E100003550400EFF0BFD27C5483D74701918B18
:106E20009DC71C5483D74700918B95C3930760027D
:106E300019BF85450145C1BF130760026399E7008B
:106E4000EF506FF0AA8503550400EFF05FD77C5434
:106E50000327040883D7470119EF13F7071001CF61
:106E60001854035747001377071011C79307700290
:106E7000A301F400E5B313F7072011CB185403570F
:106E800047001377072001C793079002D5B793F700
:106E9000074091CB1C5483D7470093F7074081C725
:106EA0009307B002F1B79307F002D9B7397122DC2A
:106EB00026DA4ED652D406DE4AD8AE89328AAA8461
:106EC000EFD08FEF4059414681450A8597A0FE1FBC
:106ED000E780002A25C80359040063159906034773
:106EE000340093071002631FF7028327040899CF29
:106EF0002C58A9C94A85EF10B0150545F2506254C7
:106F0000D2544259B259225A216182808A8613068C
:106F1000C4059305C40313058400EF0090381DE1F8
:106F20008A85C9BF2C5899CD83D70501639C470139
:106F30002146C9054E8597A0FE1FE780E02819C1AC
:106F40002C584DBF2685EFD02FE72A8405455DD408
:106F50004C54B9C583D70501639447052146C9053B
:106F60004E8597A0FE1FE78020268547631AF5020D
:106F700083C7B18A91C74C5483C7B5016396A70CE8
:106F8000BD452685EF10D00797F7FE1F938707FAB8
:106F90009C5B0145A5D71D45894582970145B9BF31
:106FA0009387B1BD03C7070097F9FE1F938909F8BE
:106FB0003E89058B15CF0347540083C741BD631934
:106FC000F7021946938551BD1305640097A0FE1F73
:106FD000E780801F8547631DF50083A7090381C7EC
:106FE00091451D458297BD452685EF10700131B74B
:106FF00003C781BE83A7090331CB03470900098B6F
:1070000009CB81C795451D4582972685EF109004D1
:10701000EDB581C78D451D458297414681450808DC
:1070200097A0FE1FE780C014194697F5FE1F9385B1
:10703000E502080897A0FE1FE78000100C082E85C7
:107040000A86EF3010508A85268575B58545C5FFBF
:107050006DBF797122D440594AD04ECE52CC06D65B
:1070600026D2AA892E8A3289630C046A0355250028
:1070700083570400638CA700A144B2502254268594
:1070800002599254F249624A456182808344240045
:1070900099C09D44DDB79387F5FF93F7F70F31470C
:1070A000E369F7FE176701001307C7DF8A07BA977E
:1070B0009C43BA9782871C54E1F39305300513056E
:1070C000000497B0FE1FE78000FB08D455D50347A6
:1070D0000900914763F4E7008D4445B70347190061
:1070E0008547E3EBE7FE13060004CA8597A0FE1F61
:1070F000E78080040C547054A3020400D4415C4A1D
:10710000858AFD8E83574601F99BD58F231AF60099
:10711000D841544AF59B0583058B8582F98E8606F6
:10712000DD8E231AD600DC41584AED9A8983858B7F
:1071300009837D8F0A07558F231AE600D4415C4AE4
:107140005D9B8D82858A8D83F58F8E07D98F231A5B
:10715000F600D841544A93F7F7EF2183058BA182BB
:10716000F98EA206DD8E231AD600DC41584AA5838B
:10717000858B25837D8F9317970013F7F6DF5D8F3F
:10718000231AE600D4415C4AA982858AA983F58F37
:107190009396A7009377F7BFD58F231AF600D441B3
:1071A000584AAD82858A2D83758FFD769386F67F4A
:1071B0002E07F58FD98F231AF60083472601032562
:1071C0000408A18B6387071083C72500A18B638206
:1071D0000710E31305EA930530051305001097B077
:1071E000FE1FE78040E92320A408E30705EE7C5456
:1071F000A30204000347190083C6170089EA45C3A8
:107200008347540093E70701A302F40029A0A14794
:10721000A302F40075F72285EFF02FDD6C5483C7CD
:107220002501858B81CF1C5483C727008D8B99C77F
:107230008347640093E717002303F40083270408BF
:1072400099C78347640093E787002303F4008347CB
:10725000540005476393E70C4146814513058400BC
:1072600097A0FE1FE780C0F04146814513058401C9
:1072700097A0FE1FE780C0EFC1451305C403EF4090
:107280001FFA032704089307000511E3C1470355BC
:107290000400A301F4008145EF50DFD4F9BB03C71C
:1072A0002701118B19E703472900118B19E3854743
:1072B000A1BF83C707008346090015473387E7024C
:1072C00097670100938747B9BA97B69783C70700B6
:1072D00025BF19C597B0FE1FE78040E623200408AC
:1072E0007C5403C7170011C70347190019C3E147AE
:1072F00021BF03C72701118B09E703472900118B21
:107300005DD783C707001547834609003387E70227
:1073100097670100938787B245BF13F7870131CF85
:10732000C18B130584004146A9C3890597A0FE1FA0
:10733000E78080E0414681451305840197A0FE1F48
:10734000E78000E383476400C1451305C40393E766
:1073500047002303F400EF409FEC8327040881CF0C
:1073600093072005A301F40009BB814597A0FE1FE8
:10737000E78000E0C1B7CD47F5B709478945638687
:10738000E70011476398E700854503550400EF5077
:107390007FC521A01947E389E7FE8347640093E78F
:1073A00047002303F4008327040881C793071005CF
:1073B00055BFC54745BF4146CA851305C40497A0BC
:1073C000FE1FE78060D78347340013076005639C86
:1073D000E700854517F5FE1F034575D4EF30FFBA6A
:1073E0009307500541B745476383E7029306C402FC
:1073F0001306C403930584002285EFD03FB622858F
:10740000EFF0AFC1AA8411C1A144D147A1BFC947C0
:1074100091BF9309C4054E854146CA8597A0FE1FBA
:10742000E78080D10325040871C98347340013071E
:1074300090056398E7002285EFF06FC19307E005A0
:1074400015B71307A005639DE706938701C09C430A
:10745000E38107C403A88700E30D08C283477400D3
:10746000930505084E8613D7370022978346870079
:107470009D8B0A87B3D6F640858A93E606081305E6
:107480000504029841468A851305C40497A0FE1F8F
:10749000E78080D311E1D2842285EFF04FBB834790
:1074A0007400CD461307E005850793F7F70FA30394
:1074B000F40063E4F60013076005A301E40075BE61
:1074C0001307C005E39BE7BA938701C09C43E3829F
:1074D00007BC9C47E38F07BA93050508130984008E
:1074E0000A8781464A862E858297035504000A86BC
:1074F000CA85EF501FB89307B005ADB58A864E8692
:10750000930584002285EFD07FA541469305C404EE
:107510000A8597A0FE1FE78020CB8547D284E31E13
:10752000F5B42285EFF0AFB2AA84E31705B4930750
:1075300010020DBD0347340093077002E31BF7B43C
:107540007C5889EB93053005714597B0FE1FE780A5
:1075500080B268D86858E30E05B2CA85414697A044
:10756000FE1FE78060BD032944072285EFD05FAA94
:10757000230DA90093078002F5B303473400930756
:107580008002E318F7B08357060068582146930538
:1075900029002318F500490597A0FE1FE780C0B910
:1075A0007C5483D7470113F7072025CF185403577E
:1075B00047001377072035C79307900265B3034749
:1075C000340093079002E316F7AC3C5C89EB93051B
:1075D00030055D4597B0FE1FE780E0A928DC285CF8
:1075E000E30905AA4146CA8597A0FE1FE780C0B4FB
:1075F0009307A00285BB034734009307A002E31A58
:10760000F7A883470600285C194693051900230B49
:10761000F500410597A0FE1FE78000B27C5483D798
:10762000470193F70740B1C71C5483D7470093F72E
:107630000740A1C39307B00235B303473400930753
:10764000B002E318F7A47C5C89EB93053005514543
:1076500097B0FE1FE78020A268DC685CE30E05A0FF
:107660004146CA8597A0FE1FE78000AD7C5C7D5730
:1076700098CB03D529008145EFD0CFDAFDBA034777
:1076800034009307F004E3F9E79E03250408E305BB
:10769000059E13060004CA851305050497A0FE1F66
:1076A000E78080A92285EFF0CF9DAA842285EFD0C4
:1076B0005F878347340013070005639FE70003D605
:1076C000E900854517F5FE1F034575A50606EF3051
:1076D0001FA39307300579B1130710056395E700E1
:1076E0009307600541B113072005E398E7989307D6
:1076F000C0058DB9034734009307E005E31EF796F4
:10770000032504084146CA8597A0FE1FE780C0A252
:107710002285EFF00F9DAA8419BD83450600A9BFFD
:1077200085478144E39BF594032846008347360050
:1077300003472600834616008355250003460600AE
:107740000145EF50CF8C15BA8147C1463307F5008C
:10775000B388F5000347070083C808003308F60024
:107760008507334717012300E800E391D7FE8280A5
:107770000147BD471308F00F3306F50083460600A6
:10778000B388F500FD178606558F2380E800034770
:10779000060093F7F70F1D83E39007FF8280814770
:1077A000930800F8414893F6F70F3387F50063FC20
:1077B000C600B306F50083C606002300D700850780
:1077C000E39307FF82806395C60023001701C5BFBE
:1077D00023000700EDB701114AC856C22E89AA8AB4
:1077E00093053005414506CE22CC26CA4EC652C46A
:1077F000328A97B0FE1FE7800088AA84930530057F
:10780000414597B0FE1FE78000872A84CD49A5C473
:1078100031CD4146814597A0FE1FE78060952686C1
:10782000A2855685EF30E051AA8929E183870400BB
:1078300063D30706A2852685EFF09FF34A86975506
:107840000100938565692285EFF01FF08307090029
:1078500063D80704A2854A85EFF09FF152869755B9
:107860000100938565672285EFF01FEE268597B0AE
:10787000FE1FE780A08C11C4228597B0FE1FE78011
:10788000E08BF24062444E85D2444249B249224ADA
:10789000924A05618280CA852685EFF07FED7DB72B
:1078A000D2854A85EFF0DFECD1B781474146B30678
:1078B000F5003387F5000347070003C80600850776
:1078C000334707012380E600E393C7FE828001115E
:1078D00026CA4EC6AE84AA89930530051305000357
:1078E0004AC806CE22CC328997A0FE1FE780A07836
:1078F0002DC51306000381452A8497A0FE1FE7804B
:1079000020874146CE85228597A0FE1FE780A08E66
:10791000A6850D461305D40197A0FE1FE780A08D14
:1079200013060402930504012285EF308041AA84E6
:107930000D469305D4024A8597A0FE1FE780A08BD1
:10794000228597A0FE1FE780607FF2406244268573
:107950004249D244B24905618280CD44FDB75D7190
:107960004EDE62D4AE892A8C9305300513050003E0
:10797000A6C2CAC052DC56DA5AD85ED686C6A2C49F
:10798000B28B368BBA84BE8A4289468A97A0FE1F84
:10799000E780606E630505101306000381452A84A5
:1079A0009790FE1FE780C07C4146E285228597A024
:1079B000FE1FE7804084414681450A859790FE1F5F
:1079C000E780007B1D46DE850A8597A0FE1FE780C5
:1079D00080821D46DA851305710097A0FE1FE7809F
:1079E000808133392001B334900041468145080835
:1079F00023072101A30791009790FE1FE78040779E
:107A00001946D68548089790FE1FE780C07E194624
:107A1000D2851305A1019790FE1FE780C07D9304D6
:107A200004014146CE8526859790FE1FE780A07C05
:107A30008A852685EFF07FE7930904024E86A685A6
:107A40002285EF3000302A890DE94146CE85268512
:107A50009790FE1FE780406E0C082685EFF0FFE44C
:107A60004E86A6852285EF30C02D2A89464541469F
:107A7000CE859790FE1FE7800078228597A0FE1F95
:107A8000E780C06BB64026444A8596440649F259C1
:107A9000625AD25A425BB25B225C616182804D497C
:107AA000D5B7011126CA52C4AA842E8A1305000331
:107AB000930530054AC84EC606CE22CC3289B68917
:107AC00097A0FE1FE780205B35C52A84A685414626
:107AD0009790FE1FE7802072930404012146D2850F
:107AE00026859790FE1FE7800071CA852146130501
:107AF00084019790FE1FE780007013090402A68599
:107B00004A862285EF30E023AA844146CA854E8505
:107B10009790FE1FE780206E228597A0FE1FE780CA
:107B2000E061F240624426854249D244B249224A89
:107B300005618280CD44F5B739715AD05ECE2A8B6B
:107B4000AE8B41459305300506DE26DA52D456D277
:107B500062CC66CA6AC8368C328DBA8C22DC4AD8AE
:107B60004ED697A0FE1FE7800051AA8A93053005E4
:107B7000414597A0FE1FE78000502A8ACD44638EBE
:107B80000A0859C52A86D6855A85EFF0DFC4AA842B
:107B900041E193053005414597A0FE1FE780A04DC8
:107BA0002A8993053005414597A0FE1FE780A04C28
:107BB000AA89630A090E6306050E1304FD001184E9
:107BC0001376FD0049C07D144204418035EE131543
:107BD00044004E86D6855E95EFF01FB7414681453D
:107BE0004A859790FE1FE780A058014D93170D011D
:107BF000C18363F48708BDC04A8597A0FE1FE78054
:107C0000E053638709004E8597A0FE1FE78000536D
:107C1000568597A0FE1FE780605263070A005285D1
:107C200097A0FE1FE7808051F2506254268542598A
:107C3000D254B259225A925A025BF24B624CD24C45
:107C4000424D216182800144131544008A855E956E
:107C5000EFF0FFB44E86D2850A85BDBF93154D0067
:107C60000A86DE954A85EFF03FAE4A868A855A85B8
:107C7000EF30200DAA84050D95BFBDFC0A86CE8588
:107C80004A85EFF07FAC4A868A855A85EF30600BD3
:107C9000AA846686CA8562859790FE1FE780C049E0
:107CA000A1BFCD4491BFCD44A9BF397162CC2A8C0C
:107CB000594526DA4AD84ED652D456D25AD05ECE3C
:107CC00006DE22DCAE8B328BB68A3AC63E8AC28989
:107CD000468983440104EF205FF549C1916793878A
:107CE00017E92310F50085472301F5002A84324760
:107CF0002105630C0C0493071003A301F40019463B
:107D000081459790FE1FE780A04623036401A303EB
:107D10005401230A940023127401231744012318E9
:107D2000340123192401A2856254F250D2544259DD
:107D3000B259225A925A025BF24B624C17E5FE1F6F
:107D40000345C53D21616F203FF9A3010400194699
:107D5000BA859790FE1FE780203E45BFF2506254DF
:107D6000D2544259B259225A925A025BF24B624C97
:107D700021618280011122CC2A84314506CE2EC693
:107D800032C436C23AC0EF205FEA29C191679387B7
:107D900017E92310F5008D472301F500A3018500A5
:107DA000B2452246924602476244F2402312B50091
:107DB0002313C5002314D5002315E500AA8517E574
:107DC000FE1F0345A53505616F201FF1F240624497
:107DD0000561828001114AC82A89394526CA06CE22
:107DE00022CC2EC6B284EF205FE431C1B245916748
:107DF000938727E92310F5009147A301250123125A
:107E0000B5002A842301F500A6851905214697901F
:107E1000FE1FE7806032A2856244F240D2444249AC
:107E200017E5FE1F0345852F05616F20FFEAF2402D
:107E30006244D24442490561828001114AC82A89BC
:107E4000414526CA06CE22CC2EC6B284EF20FFDDE5
:107E500029C19167B245938727E92310F50095471B
:107E60002A84231225012301F50021461905979044
:107E7000FE1FE780602CA285231794006244F24025
:107E8000D244424917E5FE1F0345752905616F205D
:107E9000BFE4F2406244D24442490561828001114C
:107EA00022CC2A84394506CE2EC632C436C23AC008
:107EB000EF20BFD729C19167938717E92310F500F9
:107EC00099472301F500B245224692460247231204
:107ED00085006244F2402313B5002314C500231526
:107EE000D5002316E500AA8517E5FE1F03450523E7
:107EF00005616F207FDEF240624405618280797106
:107F000022D406D62A842EC632C436C23AC0EFC066
:107F1000AFEA1DC1B245224692460247231CB1007A
:107F2000231DC1002C081306F00F2285231ED1004B
:107F3000231FE100EFC0EFD7B25022544561828089
:107F4000011122CC2A84394506CE2EC632C436C24F
:107F50003AC0EF209FCD29C19167938717E923107D
:107F6000F5009D472301F500B2452246924602479F
:107F7000231285006244F2402313B5002314C50088
:107F80002315D5002316E500AA8517E5FE1F034536
:107F9000E51805616F205FD4F2406244056182807C
:107FA0005D712AC613052002CAC04EDE52DC56DAC5
:107FB0005AD85ED662D466D26AD086C6A2C4A6C299
:107FC0006ECE2E8CB28B368B3AC43E8DC28CC68A56
:107FD000035A01058359410503498105EF20FFC478
:107FE00069C591663243938616E9A9472A8423100E
:107FF000D5002301F500930DE4002105930444010D
:108000002247630D030693071003A301F4001946EA
:1080100081459790FE1FE780A015194681456E8522
:108020009790FE1FE780C0141946814526859790DA
:10803000FE1FE780E01323037401A3036401230000
:10804000240323128401231D5401231E4401231FF2
:108050003401A2852644B64096440649F259625A34
:10806000D25A425BB25B225C925C025DF24D17E534
:10807000FE1F0345A50A61616F201FC6BA85A301D3
:10808000040019469790FE1FE780000BEA856E8575
:1080900019469790FE1FE780200A1946E685268537
:1080A0009790FE1FE780400979B7B6402644964472
:1080B0000649F259625AD25A425BB25B225C925C28
:1080C000025DF24D61618280011122CC2A8421453A
:1080D00006CE2EC632C436C2EF203FB515CD22469D
:1080E00092469167938717E92310F500B147230162
:1080F000F500A3018500B2452303C500A303D50005
:108100006244F2402312B500AA8517E5FE1F03451D
:10811000E50005616F205FBCF2406244056182802A
:10812000411126C2AA84514506C622C4EF20FFAFE2
:1081300049C19167938717E92310F500B9472301D7
:10814000F50083C714002A8493856400A301F50019
:1081500083C7340003C724002105A207D98F231E3B
:10816000F5FE83C744001946230FF5FE83C754006C
:10817000A30FF5FE9790FE1FE78000FC83C7C400A5
:10818000A28517E5FE1F034565F92307F40083C7A1
:10819000E40003C7D400A207D98F2318F40083C7D3
:1081A000F4002309F4002244B240924441016F20BC
:1081B000BFB2B2402244924441018280411122C4A4
:1081C0002A84194506C6EF205FA60DC591679387DF
:1081D00017E92310F500C1472301F500231285009C
:1081E0002244B240AA8517E5FE1F034525F341014D
:1081F0006F209FAEB24022444101828041110D4563
:1082000006C6EF209FA20DC5930710F92300F500C5
:108210009307E003A300F500C5472301F500B24032
:10822000AA8517E5FE1F034565EF41016F20DFAA10
:10823000B24041018280011122CC2A84294506CE18
:108240002EC632C436C2EF205F9E15CDB24592468F
:108250009167938717E92310F500C9472302B500FA
:108260002301F500A30185002304D50022466244C2
:10827000F2402313C500AA8517E5FE1F034505EA52
:1082800005616F207FA5F240624405618280011183
:108290004AC82A892D4526CA06CE22CC2EC6B284CB
:1082A000EF20BF9829C5B245930710F92300F500C8
:1082B0009307E003A300F500CD47A30125012302A6
:1082C000B5002A842301F500A68515051946979067
:1082D000FE1FE78060E6A2856244F240D244424934
:1082E00017E5FE1F034585E305616F20FF9EF24001
:1082F0006244D244424905618280011122CC2A8421
:10830000214506CE2EC6EF205F9205C9B245916782
:10831000938717E92310F500D1472303B500230104
:10832000F500231285006244F240AA8517E5FE1F7E
:108330000345C5DE05616F203F9AF2406244056146
:108340008280011122CC2A84214506CE2EC632C459
:10835000EF20BF8D1DC52246930710592310F5004D
:1083600023018500B2452303C5006244F240231275
:10837000B500AA8517E5FE1F034545DA05616F20A4
:10838000BF95F240624405618280011122CC2A84AB
:10839000214506CE2EC632C4EF203F891DC9224694
:1083A0009167938727E92310F500A1472301F50082
:1083B000B24523038500A303C5006244F2402312A3
:1083C000B500AA8517E5FE1F034575D505616F2029
:1083D000BF90F240624405618280011122CC2A8460
:1083E000314506CE2EC632C436C23AC0EF20FF83D6
:1083F00015CD22468567938717C92310F500230101
:108400008500B2452303C500924602476244F2400C
:108410002312B5002314D5002315E500AA8517E51E
:10842000FE1F0345A5CF05616F201F8BF2406244FC
:1084300005618280011126CAAE844AC82A89138543
:10844000C40006CE22CC32C6EF202FFE1DCD85679C
:10845000B245938717E923019500231225012A8449
:108460002310F500310508C426869790FE1FE7808B
:10847000A0CCA2856244F240D244424917E5FE1FD7
:108480000345C5C905616F203F85F2406244D2446F
:10849000424905618280011122CC2A84194506CE09
:1084A0002EC6EF208FF805C98567938717F923102B
:1084B000F500854723018500A301F500B24562441C
:1084C000F2402312B500AA8517E5FE1F034505C536
:1084D00005616F207F80F240624405618280411116
:1084E00022C42A840D4506C6EF202FF405C5930744
:1084F00010F92300F500E947A300F50023018500EA
:108500002244B240AA8517E5FE1F034525C141015B
:108510006F208FFCB240224441018280011122CCA5
:108520002A84214506CE2EC6EF202FF00DC9916773
:10853000938727E92310F500930700032301F50033
:10854000B245230385006244F2402312B500AA8598
:1085500017E5FE1F0345B5BC05616F20EFF7F2403C
:108560006244056182800111214506CE2EC632C4C7
:10857000EF20AFEB15C58567938707392310F5000A
:10858000B245224685472301F500F2402312B5008B
:108590002313C500AA8503C541B805616F20CFF339
:1085A000F24005618280397122DC1304F5FF4AD85C
:1085B00052D456D25ECE420406DE26DA4ED65AD0C9
:1085C000894B2A8A3289B68A418063917515938BCB
:1085D000C1B783C7C1B75E8B89448DCF83C91600ED
:1085E00083C706009144A209B3E9F90097E7FE1F8B
:1085F00083D7C794F51763DFF9009307C6FF639B22
:10860000F90831452EC6EF204FE22A84B24519ED14
:108610009304F00FF250625426854259D254B25955
:10862000225A925A025BF24B21618280420913590D
:1086300009012302B50023132501930700F9150949
:10864000A1652310F5002311450185054A8597A0F2
:10865000FE1FE78040A208C405C983C70B009385AD
:10866000EAFF13562900FD17238EF1B69790FE1FDF
:10867000E78080AE1C44A28503C541B889071CC4AD
:10868000EF208FE5814479B7228597A0FE1FE78010
:10869000E0AABDBF9307D6FFE3CCF9F6B147330498
:1086A000F4029384C1B89C40A29703C7A70019C7DE
:1086B000884309C597A0FE1FE78040A8138549009D
:1086C000A16542058505418103AA040097A0FE1F0C
:1086D000E780609A9C40229A2320AA00A2978843B0
:1086E00005D905472385E70083470B004A86D685D1
:1086F000FD17238EF1B69790FE1FE780E0A39C4004
:108700003E942313240123123401ADBF8547E39126
:10871000F5F0B1473304F402138BC1B883270B0083
:10872000DA89A29703D76700884355C783D74700E4
:10873000B306C700910763C0D70A3A95D6859790CC
:10874000FE1FE780609F03270B0081442297835719
:108750006700CA97C207C1832313F7000357470076
:108760001107E399E7EA3145EF202FCCAA8515CD13
:10877000930700F92310F50083270B0023027501EE
:1087800023114501A29703D767009C432313E500FB
:108790001CC503C541B8EF202FD483270B003E949E
:1087A0002313040023050400B5B583270B00A2970B
:1087B000884311C997A0FE1FE780409883270B00CC
:1087C000A29723A0070083A709003E942313040067
:1087D0002305040045BD11C997A0FE1FE780009640
:1087E00083A70900A29723A0070083A70900854457
:1087F0003E94231304002305040029BD6F40B057A5
:108800006F40D0586F50801C6F40D05B411106C63E
:10881000EF401058B2400145410182806F40305D09
:108820006F40305F6F4030616F4010636F40106584
:108830006F40F0666F40F0686F40F06A6F40906C78
:108840008347160003460600A2075D8E6F40D06D79
:108850006F40106F6F40D0716F4090746F407077B1
:108860006F40507A6F40707C6F40907E6F50A000D8
:108870006F50C002411122C60344C10226C4834482
:10888000010303430101030E4101834E8101034FA4
:10889000C101834F0102834241028343810222D6F8
:1088A000324426D8A2441ED416D27ED07ACE76CCBC
:1088B00072CA1AC841016F50E0166F5080006F50A5
:1088C000A0026F50C0046F50E0066F5000096F5057
:1088D000200B6F50400D6F5020106F5040126F6092
:1088E000303C1307A5FF420785672A88418313851B
:1088F000A7C7636CE502138707C801456368B70221
:1089000063E605031307301F6362C702138766FF20
:1089100042074183938767C763EAE700050633068A
:10892000B6028E063325D600828001458280411131
:1089300026C206C622C4AA84EFE0500719C52A84BD
:108940002685EFD020432324A418B2402244924429
:1089500041018280834665010D47AA876384E60052
:10896000054582800327451103464700A305C5023C
:10897000034737006316D7020347B50075F3034773
:108980000501930600026307D700930630020145F4
:108990006317D700130760022388E7000145828030
:1089A000BD466310D7020347050193060004014545
:1089B0001377B70FE315D7FE130750042388E7009A
:1089C0008280B946631AD700834605011307000366
:1089D000E398E6F80547C9B7D1466317D700834641
:1089E000050113070005EDB7D9466318D702834682
:1089F000050113075005E395E6F60327050A1367FB
:108A000007202320E50A05472308E50003C71701CF
:108A1000136707F8A388E70051B7E946631BD7003F
:108A20008346050113075006E39CE6F21307A006F0
:108A3000A5B7FD46631BD700834605011307A007B2
:108A4000E390E6F2130710F881BF93063002E319B2
:108A5000D7F08346050113075008E393E6F0054776
:108A60002308E5000347A502136717002305E50265
:108A700071BF832705110947A30AE50095C3238128
:108A8000E70003474505A381E7008347A50293E775
:108A900087002305F502F1472308F5000145828090
:108AA0001D4582808547A30AF5008327051191CBD8
:108AB00015472381E7009307B0022308F50001451D
:108AC0008280054582808547A30AF500832705112A
:108AD00091CB19472381E7009307D0022308F500C3
:108AE00001458280054582808947A30AF5008327D6
:108AF000051181CF1D472381E70083270511034717
:108B0000D5020145A381E700828005458280854723
:108B1000A30AF5008327051191CB2D472381E70098
:108B2000930770032308F500014582800545828084
:108B30009947A30AF5008327051131472381E700F0
:108B400017D7FE1F1307876A83564701A381D700F3
:108B500097D6FE1F83C6E66A2382D70097D6FE1FEC
:108B600083D6266AA182A382D70083468701238306
:108B7000D70003479701A383E7008347E50213F774
:108B8000070409CF9307A0032308F5008347E502F4
:108B900093F7F7072307F50201458280858BFDD700
:108BA0008327050AA30505022307050293E70704A7
:108BB0002320F50AE1BF8947A30AF50083270511A1
:108BC00081CF35472381E700832705110347B5028D
:108BD0000145A381E7008280054582808D47A30A75
:108BE000F5008327051191CF45472381E70003470F
:108BF000C502A381E7000347B50201452382E700D0
:108C00008280054582808547A30AF50083270511E8
:108C100085C349472381E7009307A0042308F50093
:108C20008347A50293E747002305F50201458280AB
:108C3000054582808547A30AF5008327051191C762
:108C40004D472381E7000145828005458280032747
:108C500005118D47A30AF500D9472301F700834684
:108C60004514A301D70083475514918A2302F700C6
:108C70000357A51CB1C69306F034814763FDE60097
:108C8000930787E80357851415CB8587938757FD8E
:108C90008D87C207C1830357851C63F3E7003E87B6
:108CA0008347A5022307E50493E747002305F50260
:108CB000930750052308F500014582808D87F9B799
:108CC000858B99C7930707FB2147B3C7E702D1B745
:108CD0009307C7FB1147D5BF032705118D47A30A8B
:108CE000F500DD472301F70083474514A301F70092
:108CF000834655142302D7000347B514F98F93F622
:108D000047000357A51CB1C69306F034814763FDA5
:108D1000E600930787E80357851415CB858793876B
:108D200057FD8D87C207C1830357851C63F3E70096
:108D30003E87930780052308F5008347A502230794
:108D4000E50493E747002305F502014582808D87FE
:108D5000F9B7858B99C7930707FB2147B3C7E7028C
:108D6000D1B79307C7FB1147D5BF832605118D47A0
:108D7000A30AF500E5472381F600834775140346EF
:108D800065140547B317F7003317C700D98FA381C0
:108D9000F600834715142382F6008347A50293E764
:108DA00047002305F502930700062308F500014557
:108DB00082808947A30AF50083270511754723811F
:108DC000E70017D7FE1F1307674203473700A38149
:108DD000E700930750072308F50001458280894783
:108DE000A30AF5008327051179472381E70003478C
:108DF000F502A381E7008327050A2167D98F232085
:108E0000F50A85472308F5000145828097D7FE1FA4
:108E10009387C73DB84B9307800583464700B387C8
:108E2000F602145703270511BE96A547A30AF500BD
:108E3000930700022301F7000356A51C8357651C06
:108E4000B297D05A9387C71263F3C700B287A301C2
:108E5000F70013D68700C1832302C700A302F700DF
:108E60009C5E2303F70013D68700C183A303C700CA
:108E70002304F70083C7C601A304F70083C7D60104
:108E80002305F7009307C0072308F50001458280FA
:108E900083270511114613073002A30AC500238159
:108EA000E70003478515118B05CF0347A5152382DE
:108EB00007009306F7FF05473317D700A381E700A4
:108EC00003473514A382E7008347A50293E74700D1
:108ED0002305F502930750F82308F5000145828029
:108EE0008346751409476392E60217D7FE1F0347AE
:108EF000572409C72147A381E70019A0A381C70010
:108F0000034755162382E70065BF05473317D7008F
:108F1000DDB79547A30AF500832705111307400223
:108F20002381E700A3810700030735148306F515A5
:108F30006395E6008946A381D7008306E51563980B
:108F4000E60083C6370093E61600A381D7008306A8
:108F5000D5152382D7000346C515A382E7002383D6
:108F6000C70083478515858B81CB99C68327050A62
:108F70004167D98F2320F50A01458280411126C21D
:108F80008324051106C622C4B547A30AF500A9C06B
:108F900091472A842381F4009305851A214613857D
:108FA00034009780FE1FE78020191385B400114616
:108FB0009305041B9780FE1FE7800018930720028B
:108FC0002308F4000145B2402244924441018280CA
:108FD0000545D5BF83270511A1C7411122C406C687
:108FE0002547A30AE5002381E7002A84032505110C
:108FF0009305840F21460D059780FE1FE780C0135F
:109000008327040AA3050402014593E707022320EE
:10901000F40A85472308F400B240224441018280CB
:1090200005458280A547A30AF50083270511A9C33A
:10903000411122C406C639472381E7002A8403254B
:1090400005119305840F21460D059780FE1FE780CB
:10905000A00E8347A402014593E747002305F402CD
:10906000930700032308F400B240224441018280A8
:1090700005458280E147A30AF50083270511D9CF72
:10908000411122C406C63D472381E7000347450737
:109090002A8493058506A381E700034755073146D7
:1090A0002382E70003476507A382E70003576507AC
:1090B00021832383E7000347A505A383E700035724
:1090C000A50521832384E7000347C505A384E700A2
:1090D0000347D5052385E70003574506A385E70029
:1090E000034765062386E700035765061385E700F7
:1090F0002183A386E7009780FE1FE780E003834774
:10910000A402014593E747002305F40293070004F6
:109110002308F400B2402244410182800545828048
:10912000E147A30AF50083270511C9CB411122C4E9
:1091300006C641472381E700034745072A84930574
:109140008506A381E7000347550731462382E700E0
:1091500003476507A382E70003576507218323833D
:10916000E7000347A505A383E7000357A50521836F
:109170002384E7000347C505A384E7000347D5051B
:109180002385E70003574506A385E70003476506E7
:109190002386E700035765061385E7002183A3862E
:1091A000E7009780FE1FE78020F99307400423081B
:1091B000F400B2402244014541018280054582808D
:1091C000411106C6AD47A30AF50083270511130711
:1091D00090029305D5172381E700138537002946B0
:1091E0009780FE1FE78040F5B24001454101828033
:1091F00083254511411126C206C622C483C74500F6
:1092000003C735000568A207D98F1387A7FF420758
:1092100041839306A8C7F94463E2E60C03C76500DF
:1092200083C65500130808C82207558FF9446367A1
:10923000E80A6365F70A03C6850083C6750022063F
:10924000558E9306301F63EBC60883C6A50083C8FE
:109250009500A206B3E616016362D808130816004B
:109260003308F80293983600635A180783C8B5008C
:109270001398080113580801638408006360070706
:109280008358A5038144639D1701631BF70083582E
:10929000C5036397C8008354E503958C93B4140009
:1092A000231DC504231AF506231BE506231ED5043A
:1092B0002312050783C7D50003C7C5002A84A20768
:1092C000D98F2313F5063146B90513058506978016
:1092D000FE1FE78060E69147A30EF400B2402244EF
:1092E0002685924441018280411122C406C68547E9
:1092F000A30AF5002A848345351503270511034584
:109300004515854693176500CD8F2301F700ED477E
:10931000A301F7008347C4000346241593E707021F
:109320002306F400EF107074930770062308F4000E
:10933000B240224401454101828083274511130335
:10934000000E03C6470003C737002206598E1307D5
:1093500056FE420741836367E30683C6670003C77F
:1093600057001168A206D98E138786EB4207418306
:10937000130888146368E80403C7870083C877006C
:10938000220733671701930857FEC20893D80801D4
:10939000636A130383C8970083C7A700A207B3E7D4
:1093A0001701938887EBC20893D80801636C1801F2
:1093B000231EC51A231FD51A2310E51C2311F51CE3
:1093C0006FC0A008054582808346B5000547AA877F
:1093D00005456395E60C83C6670131470545639FE4
:1093E000E60A03A7471183463700A38AD7048346BA
:1093F000570003464700A206D18E239BD70483451E
:10940000770083466700A205D58D239CB7040346E9
:109410009700834687002206558E239DC704834606
:10942000B7000345A700A206C98E239ED7040345B3
:10943000C7000347D7002207498F03D5A703239FFF
:10944000E7040147631BB50083D5C7036397C500D5
:1094500003D7E703158F133717002391E70603C7D8
:109460000701930600046304D702930640046315C2
:10947000D70005472388E70003C717019546A38E49
:10948000D700136717F8A388E7000145828003C758
:10949000A702136717002385E702E1BF8280034715
:1094A00065018947631DF7008327451183C737008E
:1094B000230AF504F5472308F500014582801D4580
:1094C00082808347B5002A87D9EB83466501B5477B
:1094D00005456397F60883460701930700026391E9
:1094E000F60883274711014583C6570003C6470086
:1094F000A2064206B29603C66700B29603C63700BC
:109500006206B2962320D70C83C6970003C6870055
:10951000A2064206B29603C6A700B29603C677001B
:109520006206B296232ED70A83C6C70003C6D700A9
:10953000A2064206B29603C6B70083C7E700B296FA
:10954000E207B6972320F70E8347170193E78700BA
:10955000A308F700930730022308F700828005452F
:1095600082808347B5009DE3034765018547631DFE
:10957000F70083460501130730026397E60093075F
:10958000C0022308F50081473E8582808547EDBFF4
:10959000834665010547AA870545639CE60203C724
:1095A00007019306B002631AD7001307E00223886D
:1095B000E700A3850702014582809306D002054596
:1095C0006319D7001307E002A38507022388E70089
:1095D000DDB78280034765018947631EF704E947C9
:1095E000A305F50283274511394783C737006392E6
:1095F000E7020347050193070003631EF702832771
:10960000050A93E707022320F50A85472308F5009A
:10961000B9A03D476393E7028327851003470501FF
:10962000F59B2324F510930700046316F7009307B6
:1096300060042308F5000145828049476398E702EA
:10964000034705019307A004E317F7FE85472308A6
:10965000F5008347A50293E717002305F50283472A
:10966000150193E707F8A308F500F1B75147639296
:10967000E7020347050193070005E31EF7FA854754
:109680002308F5008327050A93E707102320F50A2E
:10969000F9B75947639DE700034705019307500554
:1096A000E31BF7F88327050A93E70720A9BF69475B
:1096B000639FE7000347050193075006E31DF7F694
:1096C0008327050A056713070780D98F2DBF7147C8
:1096D000E383E7F67547639CE700034705019307BB
:1096E0005007E31AF7F48327050A2167F9BF130728
:1096F0003002E392E7F40347050193075008A9B746
:109700000347B50085476311F70203476501631BF3
:10971000F700034705016317F70093076003230869
:10972000F50081473E8582808547EDBF8346650110
:109730000547AA8705456393E60603C70701930615
:1097400070036315D70203C7A70223860704937625
:10975000070499C61377F7FB136707012385E70210
:10976000130780032388E700014582809306500396
:1097700005456315D702130780032388E70003C755
:10978000A7022386070401459376070481CA13774D
:10979000F7FB136707012385E70282808280034776
:1097A00065019947631EF708032745118347370072
:1097B000A307F5048347570083464700A207D58FC8
:1097C0002318F50483477700834667001307A00337
:1097D000A207D58F834605012319F5048347E502C7
:1097E0006395E604858B99CB8327050AA3050502BB
:1097F0002307050293E707042320F50A8347A50200
:1098000093E717002305F50285472308F5008347F2
:10981000150193E707F8A308F5008347E50293F7DE
:10982000F7FB2307F50201458280E207E187E3D0D9
:1098300007FE8327450A93E707042322F50AC1BFE1
:10984000054582800347650189476304F7000545A4
:109850008280832745111307000483C73700A305BF
:10986000F5028347050193F6B70F6397E600930768
:1098700050042308F50025A0130750056393E70261
:109880008327050A93E707202320F50A8547230845
:10989000F5008347150193E707F8A308F500014594
:1098A0008280130750066395E7009307A006D1B79F
:1098B00013075008639CE70085472308F50083479A
:1098C000A50293E717002305F502E1B70347B500AA
:1098D0003DFF130700026386E7001307300263951C
:1098E000E7009307600271B71307A007E391E7F65B
:1098F000930710F8BDBF834665010547AA87054554
:109900006394E60403A787100545418B15CF03C771
:1099100007016318A7001307B0042388E700014577
:1099200082801306A004631AC70003C7A702238816
:10993000D700136717002385E70203A7870A136779
:10994000070423A4E70AE1BF828083466501054737
:10995000AA8705456393E60283C607011307A0049F
:109960000545639CE60003C7A7022388A7000145BD
:10997000136717002385E702828082800347650111
:109980008D47631FF718834715018D8B91EB834635
:1099900005012147938706FC93F7F70F6361F702F0
:1099A000D9472306F5029307A002A305F5028327F2
:1099B000850A93E727002324F50A0145828083471F
:1099C000B50003264511639007149307500563986B
:1099D000F600D9472306F50293073002F9B797D767
:1099E000FE1F9387A7808345460003C7A70383C74D
:1099F000B703834865146D8F2305E51403463600CD
:109A0000F18F0546A305F514331616016314C7003C
:109A100023050514034875148545B3950501639422
:109A2000B700A30505140347A5148347B5145DCFFC
:109A3000D9CB93752700B1C113F627001DCE93072C
:109A400020202315F5140347A5148547B397170164
:109A50006314F700230505140347B5148547B3972E
:109A600007016314F700A305051485476398F608FA
:109A7000930760052308F50089B71376470001CAEC
:109A800013F3470063050300930740405DBF058B58
:109A900019C713F7170001C7930710105DB70947DF
:109AA00081E5114711E205472305E51413F7270067
:109AB00009C78947A305F51479B7918B99C39147D5
:109AC000D5BF8547C5BFB3570741858B81C72305E0
:109AD000B51495BF9377270089C789472305F514E7
:109AE0009DB7118B91477DFB8547CDBFA9DF33D74C
:109AF0001741058B45DFA305C514B1B78327850A38
:109B000093E707104DBD85476397F60083474600EE
:109B1000A305F514B1BF8327850A93E7072061BD2C
:109B200005458280834665010D47AA8705456394F4
:109B3000E61483C60701130750050545639DE61229
:109B400003C7B7006319071283C6471403C7571426
:109B500003A6471133F5E6008345460019ED6396E9
:109B6000B60003453600630AE50023950714130782
:109B700070052388E70001458280ED8E2385D71488
:109B80000346360003C86714718F0546A385E714A2
:109B9000331606016394C6002385071403C57714A2
:109BA0008545B395A5006314B700A385071483C644
:109BB000A71403C7B714C5CA41C793F526009DC9AA
:109BC0001376270005CA130720202395E71483C6C0
:109BD000A7140547331707016394E600238507148C
:109BE00083C6B71405473317A700E392E6F8A385A9
:109BF0000714B5BF13F6460001CA93784700638582
:109C0000080013074040D1B7858A99C6937617009C
:109C100081C61307101055BF894681E5914611E2B0
:109C200085462385D7149376270089C60947A385DF
:109C3000E71471BF118B19C31147D5BF0547C5BFC5
:109C400033D7A640058B01C72385B71449B713F74F
:109C5000260009C709472385E71495BF918A114754
:109C6000FDFA0547CDBF25D7B3560741858AC5DE26
:109C7000A385C714A9BF82808346B5000547AA877C
:109C80000545639FE60683C6670115470545639949
:109C9000E60603C70701930650056306D70093063F
:109CA0008005631FD70403C7A70283A54711136765
:109CB00017002385E70203C645001147636EC700FE
:109CC00083C63500636AD7001307F6FF1385F6FFD6
:109CD000718F758D498F11C705472388E7000145AE
:109CE000828003C7650003C555002385C71422077A
:109CF000498F2396E714A385D7141307A005F1BF56
:109D000082808347B50095E3834665010D4785470B
:109D1000639BE600034705016317F70093071006EE
:109D20002308F50081473E8582808547EDBF0347C4
:109D3000650189476310F7068327451197C5FE1F04
:109D400083C5654F83C7370013F6F70113D7670044
:109D500097C7FE1F83C7174E63EAC7008346E51403
:109D6000A18A89C6B3D6E540858A9DE6E9472306E0
:109D7000F5028547B397E700ED8F8D8B794799C33F
:109D8000130700028327850AA305E50293E727004E
:109D90002324F50A05458280230AE51403470501BB
:109DA000A309C51485476318F700930760062308C5
:109DB000F500014582808327850A93E70740232425
:109DC000F50AC5BF034765018947631CF70283276E
:109DD00045110347050183C737002308F50285476E
:109DE0006318F700930760072308F5000145828098
:109DF0008327850A056713070780D98F2324F50A6F
:109E0000F5B705458280834665010947AA87054560
:109E1000639FE60283C60701130750070145639855
:109E2000E60203A74711A166034737002388E7022C
:109E300003A7070A558F23A0E70A05472388E700F1
:109E400003C71701136707F8A388E70082808280A1
:109E5000834665011547AA8705456399E60C83C6C5
:109E600007011307500805456392E60C03A7471145
:109E700083463700A38DD71483064700A382D716E5
:109E8000030657002380C716034767002382E7169F
:109E900003C7871593754700B5CD8946A38CD714A2
:109EA00083A6070AC1656D9BCD8E23A0D70A238C9C
:109EB000E71403C7A7169376170085C29306F00729
:109EC0006306D600136727002385E71603A7070A52
:109ED000B7060200558F23A0E70A17C7FE1F130716
:109EE000E730034737000145A387E70203C747036D
:109EF000A380E71605472388E70003C7A702136777
:109F000017002385E70203C71701136707F8A38823
:109F1000E7008280098B51DFC9DE03A7070AC1660B
:109F2000A38CA714558F23A0E70A61B782808346CC
:109F300065011547AA8705456390E60A83A6471180
:109F4000014503C636001377060F59E717C7FE1FF2
:109F50000347972D718F49C303C7660011482380BB
:109F6000E716838556000147A382B716130517002D
:109F70003357E640058B9378F50F15CF238D1715D2
:109F800003C74600A38DE71403C7871593764700E0
:109F90009DC68946A38CD71483A6070A41666D9B8C
:109FA000D18E23A0D70A238CE71403C747030145AA
:109FB000A380E71682802A87E31A05FBD1B7098BB5
:109FC0006DD7E5D50547A38CE71403A7070AC1663B
:109FD000558F23A0E70AD1BF8280834665011147D0
:109FE000AA8705456393E60A83C5B7000545639EC6
:109FF000A50883A6471103C836006366050303C797
:10A000004600130510091306B7FF1376F60F636CAD
:10A01000C50003C656009306B6FF93F6F60F6364B9
:10A02000D5006371E6027947A385E7021307800232
:10A030002386E70203A7870A01451367270023A4A5
:10A04000E70A828083A6C710014593F6060895CEDD
:10A0500083C647176317B80293E61600238AD716FC
:10A060009306000AA38AE7163307D70283D6A7030D
:10A070003347D70283D6070485063697239BE71616
:10A080008280D99A238AD7168280828083270511FD
:10A09000E9C72547A30AE50051472381E7000347A5
:10A0A000451B8355651B0356A51BA381E70003478A
:10A0B000551BA382B7002382E70013D785002383B3
:10A0C000E7000347851BA383E7000347951BA38491
:10A0D000C7002384E700135786002385E7008346E3
:10A0E000751409476386E602032705109316470196
:10A0F00063C006028566938686842E8763F3B60066
:10A10000368742074183A382E70021832383E70048
:10A110008346651409476386E602032705109316F4
:10A12000470163C00602856693868684328763F39F
:10A13000C600368742074183A384E7002183238535
:10A14000E7008347A50293E747002305F50293073D
:10A1500000052308F500014582800545828083279C
:10A160000511E9CB2547A30AE50055472381E70000
:10A170000347451B8355651B0356A51BA381E700B9
:10A180000347551BA382B7002382E70013D785003E
:10A190002383E7000347851BA383E7000347951B41
:10A1A000A384C7002384E700135786002385E700B4
:10A1B0008346751409476380E60285669386868424
:10A1C0002E8763F3B600368742074183A382E700F8
:10A1D00021832383E7008346651409476380E602F1
:10A1E000856693868684328763F3C6003687420786
:10A1F0004183A384E70021832385E7008347C507C4
:10A20000A305050299C78327050A93E707102320B2
:10A21000F50A8327450A13974701635807007D779E
:10A220001307F77FF98F2322F50A85472308F500E6
:10A23000014582800545828003476501AD4763186B
:10A24000F702411106C68347451783254511294664
:10A2500093E70701230AF5168D051305D5179770A7
:10A26000FE1FE78060EDB240014541018280054557
:10A2700082808347B500EDE7411122C406C603473B
:10A280006501E1472A8405456318F70C034704017B
:10A29000930700046312F70C8325441105659306A8
:10A2A000A5C703C7450083C7350022075D8F930705
:10A2B000A7FFC207C18363ECF60883C7650083C6A6
:10A2C0005500130505C8A207D58F6362F50863E042
:10A2D000E70803C6850083C675002206558E9306DF
:10A2E000301F63E6C60683C6A50003C89500A20614
:10A2F000B3E60601636DD504130516003305E502C8
:10A30000139836006345A80403C8B5001315080167
:10A3100041816304080063ECA702231DC4042312D7
:10A32000A406231AE406231BF406231ED40483C7C1
:10A33000D50003C7C5003146A207D98F2313F40601
:10A34000B905130584069770FE1FE780E0DE9307CA
:10A3500070042308F4000145B24022444101828088
:10A3600005458280411126C206C622C40347650105
:10A37000E14785446318F704832785102A848544C0
:10A38000898BA9C38347B50063919706EFE05FE629
:10A3900083470401A305A402639797009307100461
:10A3A0002308F40039A8130700046393E702930716
:10A3B00010042308F4008347A40293E71700230541
:10A3C000F4028144B24022442685924441018280B5
:10A3D0008327040A93E727002320F40A8347140104
:10A3E00093E707F8A308F400E9BF834715018D8BB5
:10A3F00099CF9307A002A305F402BD472306F402F8
:10A400008327840A93E727002324F40A5DBF834748
:10A41000050163979700EFE0BFDDA305A402BDBF70
:10A42000130700026390E702EFE09FDCA305A4029C
:10A43000814449F98327440A37070080D98F2322B2
:10A44000F40A49B713070004E39EE7F693073002C6
:10A450005DB7411126C206C622C48347B5008544B4
:10A46000A5E703476501A5478544631FF7048327D4
:10A47000850FA18BB1CB832545112A8421468D05FB
:10A48000130505109770FE1FE78000CB832704108B
:10A49000B73678089386060DDD8E8327441013E7C0
:10A4A00007018327840FF58F2324F4108327C40F1B
:10A4B000F98F2326F41083470401639D97009307C7
:10A4C00010032308F4008144B240224426859244BC
:10A4D000410182808327840A93E707012324F40A39
:10A4E000DDB7411126C206C622C403476501A54750
:10A4F0008544631AF7060347050193070003854463
:10A500006313F706832545112A8421468D0513051B
:10A5100005109770FE1FE78020C283270410B7360E
:10A5200078089386060DDD8E832744102308940057
:10A53000A305040213E707018327840F8144F58FE5
:10A540002324F4108327C40FF98F2326F4108327C4
:10A55000040A93E707022320F40A8347140193E7D0
:10A5600007F8A308F400B240224426859244410132
:10A5700082808347B50005476395E708411122C4EF
:10A5800006C68346650125472A8405456390E6068D
:10A59000034704016310F706832544112146130580
:10A5A00004108D059770FE1FE78000B98327041003
:10A5B000B73678089386060DDD8E8327441013E79F
:10A5C00007018327840FF58F2324F4108327C40FFA
:10A5D000F98F2326F410930710032308F400834710
:10A5E0001401014593E707F8A308F400B2402244A0
:10A5F000410182808327840A93E707012324F40A18
:10A60000F9BF054582800347B5008547631CF70401
:10A61000411122C406C626C203476501A1472A8408
:10A620000545631CF7028324441113058412154663
:10A63000938534009770FE1FE78000B083C79400B5
:10A6400003C784000145A207D98F2317F41283475B
:10A65000140193E727F8A308F400B240224492447F
:10A6600041018280054582800347B500854763101C
:10A67000F716834665015D47639CE614011126CAFF
:10A680008324451122CC21462A8493853400130566
:10A69000F51806CE9770FE1FE78000AA83C7C40096
:10A6A00003C7B400A207D98FA30BF418A183230C0E
:10A6B000F418EF000FFB2AC4EF00AFFA2AC62C00F3
:10A6C0001305841A21469770FE1FE780E0A683C712
:10A6D000F40003C7E4001305041BA2074207BA975E
:10A6E00003C704012C001146BA9703C7D4006207C0
:10A6F000BA972324F40C83C7340103C72401A207AB
:10A700004207BA9703C74401BA9703C71401620707
:10A71000BA972322F40C0347941A8347A41A4207DA
:10A72000A207BA970347B41ABA970347841A620775
:10A73000BA972320F40C0347D41A8347E41A42073C
:10A74000A207BA970347F41ABA970347C41A6207D5
:10A75000BA97232EF40AA247374703001307D73FBF
:10A76000B387E70237A72600130737ECBA973EC432
:10A770009770FE1FE780409C83C7640103C7740184
:10A78000A2074207BA9703C75401BA9703C78401C7
:10A790006207BA97232EF40C0347241B8347141B2C
:10A7A0004207A207BA970347041BBA970347341B13
:10A7B0006207BA972320F40E930710022308F400CF
:10A7C000F24062448147D2443E85056182808547DC
:10A7D0003E858280034765019147631BF712411153
:10A7E00026C28324451106C622C403C7340001CB08
:10A7F0009307F7FFF98F81E79377070F8DC79307CB
:10A800000002A305F502930730022306F502832711
:10A81000850A93E727002324F50AB2402244924494
:10A8200001454101828083C554009306E0078147BA
:10A8300011466397D500F947E9B7B687638CC60020
:10A8400093861700B357F740858B93F5F60FF5D72E
:10A85000230DB514838744002A84B5C3A30EF514D1
:10A86000030535143387A7001375F50F635AF000FD
:10A870008307F41563DAE700898FA30EF41429A087
:10A880008307E415E34AF7FE8347D4153E95620536
:10A890006185212F2301A4145D2583473414A3016E
:10A8A000A414B307F540A30EF41401278347A4159D
:10A8B000034734142301A414A297A382E716830745
:10A8C000440383062416014763D5F600958F13F7DA
:10A8D000F70F230EE41483C7540005472300F41632
:10A8E000834704016397E700930760F82308F400A7
:10A8F0002DB7130750086396E700FD57230EF41495
:10A90000E5B78327840A0967D98F2324F40A31B76E
:10A910000545828003476501A547631EF704411181
:10A9200022C406C683460501130700052A8485470D
:10A930006397E602EFE07FA005E98327040AA305F9
:10A94000040293E707102320F40A8347140193E7D6
:10A9500007F8A308F40085472308F4008147B240B4
:10A9600022443E85410182808347A40293E7170079
:10A970002305F402D9BF85473E85828003476501E0
:10A98000A5476309F700054582800545B24022448A
:10A990004101828083278510411122C406C693F7A6
:10A9A00007022A84FDD3EFE05F998547E30FF5FCAA
:10A9B000034704016318F700930710052308F40008
:10A9C0000145E9B78327840A93E707082324F40A9B
:10A9D000C5BF0545828005458280054582800545C5
:10A9E0008280054582800545828005458280054537
:10A9F00082808347C500A30A0500F19B93E71700F7
:10AA00002306F5000325051113351500828017B7BD
:10AA1000FE1F0347D7719547630BF70097B7FE1FDB
:10AA20009387877083C777000D47631FF70097B739
:10AA3000FE1F83C7F76F639E07109307601017B759
:10AA4000FE1F2317F76E8280411126C297B7FE1FA3
:10AA50009387C779938441BB22C4E05F9C404AC07E
:10AA600006C623A20706096798C7194597B7FE1FB0
:10AA7000238E076AEF005016938781BA944337C735
:10AA8000898E130767ED98C637575500130757553A
:10AA9000D8C2034724029306F00F3E896307D7000C
:10AAA000FD57A300E4022301F40203451402894781
:10AAB0006303F5000145984001469305F00F5C43A0
:10AAC00093E717005CC3930710FA2305F400994736
:10AAD00017B7FE1FA30DF76497B7FE1F2386076401
:10AAE00097B7FE1F238407649D2D9387C1BB9443B2
:10AAF000DC56F59BDCD683270900034794001376C8
:10AB0000F7079843137707F8518F98C317B7FE1FBD
:10AB1000A30E0760904017B7FE1FA3070760054705
:10AB200018C298431377F7E798C398431377F7E76A
:10AB30001367071098C39C4637073300B240D98F7C
:10AB400022449CC69307900D3CCA9244024941019D
:10AB500082808280411106C622C417B7FE1F0347B8
:10AB6000375D97B7FE1F9387275C01CF97B6FE1F0F
:10AB700083C6065C09476396E60017B7FE1FA30964
:10AB8000075A03C77700A1466387E60003C777002B
:10AB90009D46639DE60083C7770017B7FE1F230914
:10ABA000F758854717B7FE1FA304F758EF00607BDF
:10ABB00097B7FE1F93878763E05F68402315040003
:10ABC000230404009770FE1FE7804057914523102F
:10ABD0000404232204042324040417B5FE1F0345A0
:10ABE000D538EF004FF3A14517B5FE1F0345F537E4
:10ABF000EF006FF2034514039307F00F6307F500AE
:10AC0000EF000FF6FD57A308F40203450403930772
:10AC1000F00F6307F500EF00AFF4FD572308F402CF
:10AC2000B240224441018280011126CA97B4FE1F1E
:10AC30009384C45B22CC03A4040C4AC84EC652C4FD
:10AC400056C206CE2A898149130A2500854A29E879
:10AC50009305702531459770FE1FE780C0412A8417
:10AC600001453DC083471900194693052900A300FB
:10AC7000F400130524009760FE1FE780E04B83A7D4
:10AC8000040CA1EF97B7FE1F23A2876223240400C0
:10AC900083C7C40B850717B7FE1F2307F76025A0DE
:10ACA00003471400834719006305F700A289004495
:10ACB00079BF1946D285130524009760FE1FE780EF
:10ACC000A050E31555FF0545F2406244D244424985
:10ACD000B249224A924A05618280E38909FA23A493
:10ACE00089006DB797B7FE1F9387475003A5070CE0
:10ACF00011E997B7FE1F23AB075A97B7FE1F2385AD
:10AD0000075A8280411106C622C400459770FE1F73
:10AD1000E780C042228575F8B240224497B7FE1FF3
:10AD200023A6075897B7FE1F23800758410182804A
:10AD300097B7FE1F9387874B23A0070C238E070A24
:10AD40008280011122CC138441BB184006CE26CA52
:10AD50002EC632C43C4BAA84354593F7F7F73CCB5B
:10AD6000A52D184026853C4B93E707083CCB22468F
:10AD7000B2459770FE1FE780C086F2406244D2441D
:10AD8000014505618280138741BB1443BC4A93F798
:10AD9000F7F7BCCA01000100184316051365050842
:10ADA0003C4B93E707083CCB938741BA9C4303A7EE
:10ADB000450E88C398CB03A7850E0145D8CB03A7C2
:10ADC000C50B98CF03A7050CD8CF03A7450C98D384
:10ADD00003A7850CD8D303A7C50C98D703A7050DE7
:10ADE000D8D703A7450D98DB03A7850DD8DB03A7AC
:10ADF000C50D98C703A7050ED8C798431367070466
:10AE000098C38280138741BB1443BC4A93F7F7F77A
:10AE1000BCCA0100010018431605136505083C4B28
:10AE200093E707083CCB938741BA9C4303A7C50E21
:10AE300088C398CB03A7050F0145D8CB03A7C50B43
:10AE400098CF03A7050CD8CF03A7450C98D303A729
:10AE5000850CD8D303A7C50C98D703A7050DD8D761
:10AE600003A7450D98DB03A7850DD8DB03A7C50D08
:10AE700098C703A7050ED8C798431367070498C35C
:10AE8000930700F817B7FE1F2303F72A8280138663
:10AE900081BA1C42B7068000B7150180984393859C
:10AEA00085E7558F98C39843B7060010558F98C310
:10AEB0001307001DD8DB17B7FE1F0347670893165B
:10AEC0009701CD8ED4D7D457B70500821377F703F7
:10AED000FD15ED8E6607558FD8D7371700409307BD
:10AEE00070052300F704930780FA2300F70497B650
:10AEF000FE1F83C6E604B54763FBD70283572702CC
:10AF000093E707012311F7021842B7070900938757
:10AF100037081CD337E700E0D147A309F704977738
:10AF2000FE1F9387279793E717007CD7828083576C
:10AF30002702C207C183BD9BC207C183E1B7930744
:10AF4000C00363E2A706130780029547636BA7045B
:10AF5000714791476367A70459478D476363A70407
:10AF600049478947636FA70239478547636BA70243
:10AF7000314781476367A7022947FD576363A702EB
:10AF80002147F557636FA7001947ED57636BA7007B
:10AF90000D47E1576367A7000547C1576373A700D3
:10AFA000D1573E8582809947EDBFC5576340F5066E
:10AFB00055578947634AE504655791476346E50459
:10AFC00071579D476342E5047957A547634EE502F3
:10AFD000AD47634B0502B54705C90547BD47630546
:10AFE000E5020947CD476301E5020D47DD47630DE3
:10AFF000E5001147F5476309E50015479307D003BE
:10B000006314E500930790023E8582808547EDBF7B
:10B01000938701BB9C4399CB944BD04B9842518F63
:10B0200098C294439C479842D98F9CC2938781BA17
:10B03000138641BB05489C4317B7FE1F0347670FA4
:10B04000144263120505884375787D183375050130
:10B0500088C3C846F977FD17E98FDCC601000100F7
:10B0600014428967AD059CC6930700F817B6FE1F0A
:10B07000230EF60A939725009305E709BE958605EA
:10B08000ECD2C8C682807578137325009308F8FF48
:10B09000630B030803A8070089050D4333781801E3
:10B0A00089683368180123A0070151781307E70B5B
:10B0B0008E057D1863116504884333750501116899
:10B0C0003365050188C3C846F977FD17E98FDCC6EB
:10B0D000010001001C42930600F89385750D23A41E
:10B0E000170117B6FE1F2303D6048605BA958605F9
:10B0F000ECD3C8C7828088433375050188C3C8462E
:10B10000F977FD17E98FDCC6010001001C429306A8
:10B1100000F89385A50423A4170117B6FE1F230783
:10B12000D6008E05E1B78843056833751501336590
:10B13000050188C3C846F977FD17E98FDCC6010011
:10B1400001001C428966A90594C7930600F817B64A
:10B15000FE1F230DD6FC8E051307E70941BF938719
:10B1600001BB9C4389CFD44303A88700984233672F
:10B17000070198C2D447DC4B9842D98F9CC2938771
:10B1800081BA83C6C1BA137725009C43858A25CB33
:10B19000984375757D15698F0965498F98C3370781
:10B1A00009001307670898D3372730084517D8CB0D
:10B1B000371703001307976198CF0D671307E78DC3
:10B1C00098D73767000113070731D8D385C637A74B
:10B1D0003F001307F74D9E0598CB9385453697B7EB
:10B1E000FE1F23A9B7F411C6060697B7FE1F23A3B7
:10B1F000C7F48280372737001307F72DE9BF3707D9
:10B2000009001307370898D337271008130717903A
:10B21000D8CB371703001307476298CF0D67130782
:10B22000E78B98D73767000113070731D8D385C656
:10B2300037A73F001307E72C98CB75779306F7FFE6
:10B24000984305489505758F631C050198C38E05C5
:10B250009385C50369B7372737001307072DE9BF63
:10B260008566558F98C39205E5B711C93717004019
:10B27000835787012168B3E70701231CF7008E0578
:10B2800097B7FE1F2387B7EA938781BA22069C43AC
:10B29000498E4D8EB70510004D8EF0D3F8531367CD
:10B2A0004700F8D3984391C6B7060020558F98C33E
:10B2B0008280B70600E0FD16758FD5BF411106C626
:10B2C00017B7FE1F0347C7E6A1476311F70497B7F7
:10B2D000FE1F83C727E7858B17B6FE1F0346B6E818
:10B2E00097B6FE1F83C626E8BDC797B7FE1F938794
:10B2F00067E7C8432DC1834515000905EF00904558
:10B3000011C5854717B7FE1FA304F7E217B7FE1F45
:10B31000034707E29947631CF70097B7FE1F93871F
:10B32000E7ECFC5F83C7B70095CBEFF04FEE17B7A4
:10B33000FE1F0347E7DF9D476312F70297B7FE1F23
:10B340009387C7EA83A7070983C7770081CBB240F9
:10B3500041016FC00041814501454DB7B2404101F7
:10B360008280138741BB1C43B44BE19AB4CB944316
:10B3700093E6860094C39C438D83858B89C7010027
:10B38000010001000100938781BA94439C4293F726
:10B39000F7E793E707089CC29387C1BB9043B706C2
:10B3A000CEFFFD161C46F58F1CC61C431307000874
:10B3B000B8CB938701BB9C4399CBD4439047984229
:10B3C000518F98C2944BDC4B9842D98F9CC297B74F
:10B3D000FE1FA38E07D48280938741BB9C439C436E
:10B3E0008D8BF9CB411122C426C206C617B7FE1FAA
:10B3F0000347F7D38D47AA8417B4FE1F1304C4D2A2
:10B40000631BF70097B7FE1F9387C7D39C4B01467A
:10B4100081454545829719476392E40497B7FE1F1B
:10B4200083C717D199CB97B7FE1F83C767D06396A1
:10B43000970097B7FE1FA38D07CE8347740021475F
:10B440006318F7009307801017B7FE1F2312F7CE7B
:10B450002244B240924441016FF0BFF09D47639F88
:10B46000F40097B7FE1F83C7B7CCE1DB17B7FE1F09
:10B47000034707CC8D47E312F7FC65BF8346740092
:10B48000630BD700034774006387E70083477400AA
:10B490002147E31FF7FA97B7FE1F83C777C9CDFB94
:10B4A0008347740017B7FE1F2304F7C8854717B7F3
:10B4B000FE1FA30FF7C669BF8280011122CC2A8428
:10B4C00011452EC632C436C206CEEFF0FFF0938788
:10B4D00081BA9C43B7083300D857719B1367170094
:10B4E000D8D7138741BB08431307000A78D1984384
:10B4F0001377F7E798C398431377F7E713670710B5
:10B5000098C31387C1BB1843B245924603288700EE
:10B51000224633681801232407011308A00D2328AD
:10B520000505C9CD4C5713640404F5994CD713771E
:10B53000F4078043137404F8598C3747767180C33D
:10B540001307971298C7375755001307575517B465
:10B55000FE1F130464BDD8C35C48B6853CD997B7B9
:10B56000FE1F238407BC97B7FE1FA38007BC5C4166
:10B57000F99B5CC19147014517B7FE1FA309F7BAB4
:10B580009760FE1FE7802043938701BB984311C754
:10B59000544318479C42D98F9CC283473400858B03
:10B5A00091CB97B7FE1F83D7E7C4850717B7FE1F58
:10B5B0002312F7C4F2406244056182804C57F5992A
:10B5C0004CD71377F4078043137404F8598C37C7AA
:10B5D000898E80C3130767EDB5B7011126CA4AC823
:10B5E0004EC6C1643709006AB70900AC22CC52C408
:10B5F00006CE0544FD141309690E9389E90C130A5C
:10B60000000205E49305000F4145EF000FA0B7B716
:10B61000006A4205938767CE5D8DF2406244D24452
:10B620004249B249224A05618280A6850145EF0060
:10B630000FA09317850013F7071033E5270119C3EF
:10B6400033E5370181470147E145B356F5008507EA
:10B650003356F500858A058A6307D60005071377F8
:10B66000F70F63E4E504E39247FF81471306F00315
:10B67000ED463357F5001377F70305CB6307C70291
:10B680008507E398D7FE135785009377F50F137757
:10B69000F70FE394E7F8135705011377F70FE39ECD
:10B6A000E7F613578501E39AE7F605041374F40FE0
:10B6B00089BF17B7FE1F034797A7A5476307F70C76
:10B6C00097B7FE1F938747A683C777001147630E7E
:10B6D000F70A938741BA9843B7C70040938707306A
:10B6E0006315F70A4111354506C622C426C24AC071
:10B6F000EFF09FCE138981BA0922EF00B072EFF00C
:10B700000FF983270900F576FD1698439384C1BB92
:10B71000138441BB758F98C39843B70633001377E2
:10B72000F7E798C398431377F7E71367071098C3B1
:10B7300098401C47D58F1CC71C401307D00DB8CBB1
:10B74000EF108011EF105061EF10E004EF10600D6A
:10B75000032709001C4393F7F7E793E707081CC387
:10B7600094403707CEFF7D179C46B2409244F98F34
:10B770009CC61C40130700082244B8CB97B7FE1F95
:10B78000A387079A0249410182808280238601BAF9
:10B7900023A801BAB7C700401387073023A2E1BA34
:10B7A0001387072023AAE1BA9387071037D70040F1
:10B7B000411123AEE1BA23A4F1BA06C617B7FE1FA2
:10B7C000130787968547A303F70097A7FE1F938764
:10B7D000E7759C431CCF938707115CCBEFF07FED9F
:10B7E000B7E700E037071000B24023A0E7103707A3
:10B7F000200023A0E71041018280938741BB9C4336
:10B800001307C00893066007D8CBD4CFD8D313064C
:10B81000C003D0D7D8DBD0DFF8C317B7FE1F13079C
:10B82000A790184FF4C7F8DB41677D1798C73D67AD
:10B830003D07D8C737E700E0D5472309F7049767E6
:10B84000FE1F9387E76093E717003CD782809387BA
:10B85000C1BB984317B6FE1F1306C68E938781BAE5
:10B8600094438347160013F8F707D9C588425C4212
:10B87000137505F83365050188C213F5150001C974
:10B8800093F5050341456396A506938707834C57B7
:10B890004168130808A093E525004CD7B3D50703EA
:10B8A000B70810FEFD18B3F70703FD89139545018E
:10B8B0006C43B3F51501C98D6CC39305A00F370513
:10B8C000FCFFAA07B3D7B7026C43E98DBA07B98367
:10B8D000CD8F7CC383470600898B99CB9C4293F71D
:10B8E000F70713E707049C4293F707F8D98F9CC228
:10B8F0008280938787C161BF5C57F59B5CD79C4270
:10B9000093F707F8B3E707019CC2E9B7411106C6F0
:10B9100097B7FE1F238F0784EFF0BFA40145814531
:10B92000EFF01EB1B240014541018280938741BBD7
:10B930009843797117B5FE1F0345C58022D426D2DE
:10B9400006D64AD04ECE93761500BE8417A4FE1FAD
:10B950001304847D638F061283472400858B6386DE
:10B9600007101185014697A5FE1F83C5657F0D89C8
:10B9700097A7FE1F238B077AEFF06FFE97A5FE1F98
:10B9800083C5457C91851306F00F8D890545976029
:10B99000FE1FE7804002EFF07FF717A9FE1F130993
:10B9A000697A8327090101468145054582978347C6
:10B9B0003400CA89858BC1CF084C97A7FE1FA38688
:10B9C0000776814581461306F100A307010097A77A
:10B9D000FE1F238D07749760FE1FE780E0F3931529
:10B9E0008501E1858DE11C4C9306F00F03C707002C
:10B9F000630BD70097A7FE1F83C7D7766385D70051
:10BA00006303F70089458387090063C707001C4C5F
:10BA10000347F1002380E70083A70901104C93F549
:10BA2000F50F0945829797A7FE1F83C76774898B17
:10BA300081CB854517A5FE1F0345C573EFF0EED4F6
:10BA4000B250225492540259F249456182809C407E
:10BA5000FC53FDF797A7FE1F238A076C8327090174
:10BA60000146814549458297E1BF7C53E39407EE47
:10BA7000EFF0DFE9EFF0FEDF97A7FE1F2388076AEC
:10BA800097A7FE1F9387076C9C4B01468145454550
:10BA9000D9BF83473400858B85C7EFF03FE797A771
:10BAA000FE1FA384076897A7FE1F2381076897A737
:10BAB000FE1F938727699C4B01468145054565B765
:10BAC0007C53E1FBEFF09FE445BF1C49638D0718F1
:10BAD000411122C406C626C2834705002A8493F773
:10BAE000070489C75C410945638E071013060002ED
:10BAF000814517A5FE1F1305E5649750FE1FE780DB
:10BB0000206713060002A28517A5FE1F1305856393
:10BB10009750FE1FE780406297A7FE1F83C71764F8
:10BB200097A4FE1F9384046299E79307800217A7E6
:10BB3000FE1FA305F76297A7FE1F83C7476291E721
:10BB4000A14717A7FE1F230CF76097A7FE1F83C707
:10BB5000176191E7C54717A7FE1FA302F76097A7D4
:10BB6000FE1F83C7E75F91E7ED5717A7FE1F230965
:10BB7000F75E97A7FE1F83C7B75E91E7ED5717A73C
:10BB8000FE1FA30FF75C8347040093F7070491CFD0
:10BB9000DC4037B724001307F7E9636AF706930719
:10BBA000500217A7FE1FA30FF75897A7FE1F9387F2
:10BBB000675BC84309C59760FE1FE780205897A7B9
:10BBC000FE1F23A3075A83C70400858B85C317A5CF
:10BBD000FE1F0345F5589305900409059760FE1F65
:10BBE000E780604997A7FE1F23A0A75883C71400CA
:10BBF000014517A7FE1FA30EF7569C4417A7FE1F6B
:10BC0000232CF756B24022449244410182803707E8
:10BC100025009306F74863EDF6003767DBFF13074F
:10BC20000793BA971307007DB3D7E702FD1795BFB7
:10BC3000130707496395E700930760029DB737D75D
:10BC400025001307F777636DF7003767DBFF1307EE
:10BC50000793BA971307007DB3D7E702F91791B797
:10BC6000930770023DBF05458280797122D417A4E5
:10BC7000FE1F1304244D1C4406D626D24AD04ECEB5
:10BC800052CC56CA5AC85EC662C466C26382072CCA
:10BC9000138A81BA03270A009389C1BB368C1C43DF
:10BCA000138941BBAA8B93F7F7E793E707081CC3F7
:10BCB00083A609003707CEFF7D179C46AE84328BE2
:10BCC000F98F9CC6832709001307000897AAFE1F57
:10BCD000938A4A49B8CB97A7FE1F83C76749898BC8
:10BCE000BD4C639407203545EFF00FEF03270A00A2
:10BCF0005C57F19B93E717005CD783C7CA00898B19
:10BD000063840720814517A5FE1F0345B543EFF067
:10BD10001FB403270A00B70633001C4393F7F7E765
:10BD20001CC31C4393F7F7E793E707101CC383A7D3
:10BD300009009847558F98C7032709009306A00D5F
:10BD400034CB8346040093F606046388061C5040F7
:10BD5000B796DBFF938606813696E1669386066A80
:10BD600063FDC61A9306800C74D3D8431377F7EF9C
:10BD7000D8C3010001000100010001000100010021
:10BD8000010003A709005C4393E707105CC3832706
:10BD90000A0018448326090017AAFE1F130ACA388E
:10BDA00098C75844D8C38347040013F71700DC42F0
:10BDB000F99BD98FDCC283C7EA0093E7270017A756
:10BDC000FE1F2308F73A97A7FE1F238D673997A711
:10BDD000FE1FA389873963850B1403254A01268634
:10BDE000DE8523006501A300950009059750FE1F1D
:10BDF000E78080348327090003274A01814517051E
:10BE000000001305E5B2B8DB97A7FE1FA38F07302C
:10BE100097A7FE1F238C0730EFF08EE18D4717A701
:10BE2000FE1FA306F73083C7CA00898B8DCF032777
:10BE300009007C53FDFF9387C1AD9C43829703A704
:10BE40008A006364E50E198D034704000D81832782
:10BE50004A01218B7DC33707800062051307F72F46
:10BE6000598D88C3894497A5FE1F83C5A52D91854B
:10BE7000014526868D899760FE1FE780C0B303A722
:10BE8000090001455C578583858BB9C35C40C1655A
:10BE9000938505A0938787C1B3D6B702370810FEF4
:10BEA0007D18B3F7B702FD8A139646017443B3F6C3
:10BEB0000601D18E74C39306A00F3706FCFFAA07B4
:10BEC000B3D7D7027443F18EBA07B983D58F7CC339
:10BED000B250225492540259F249624AD24A424B19
:10BEE000B24B224C924C456182809760FE1FE780E6
:10BEF000200BE3FCACFE97A7FE1F83C747269607DF
:10BF0000C117E3E4A7FEC5B38347040093F7070412
:10BF1000E38A07DE89454840DDBB9306000AA9B5E0
:10BF200083274A0123A06701F1B597A7FE1F9387D6
:10BF3000E707DC43998F3E9501BF890493F4F40F22
:10BF4000A3809700A69723800700A380A70021BFA6
:10BF50000545BDBF97A7FE1F9387472983A7470ABB
:10BF600085C3054582800545B2502254925402593A
:10BF7000F249624AD24A424BB24B224C456182801E
:10BF800079714AD017A9FE1F1309C91B832789009D
:10BF900006D622D426D24ECE52CC56CA5AC85EC637
:10BFA00062C4F1D3138441BB1C4098430D8B05C37D
:10BFB000B84B619BB8CB98431367870098C39C43E9
:10BFC0008D83858B89C70100010001000100138C5E
:10BFD00081BA03270C00138AC1BB368B1C43B706FA
:10BFE0003300B28B93F7F7E71CC31C43AE89AA8AD0
:10BFF00093F7F7E793E707101CC303270A0097A4FA
:10C00000FE1F938424161C47D58F1CC71C401307A2
:10C01000900DB8CB97A7FE1F83C78715918B89EB2F
:10C0200097A5FE1F83C5051293F7050463980714AF
:10C03000814517A5FE1F0345F510EFF05F8117A599
:10C04000FE1F034525101185014697A5FE1F83C5D8
:10C0500025110D89EFF0AF9003270A005C4393F799
:10C06000F7EF5CC3010001000100010001000100C5
:10C070000100010003270A005C4393E707105CC33B
:10C0800083270C000327890098C70327C900D8C35A
:10C0900018408347090093F617005C43F99BD58F3E
:10C0A0005CC397A7FE1FA380770D97A7FE1F238C65
:10C0B000670B5C43858BA9CFDC4085E317A5FE1F8A
:10C0C0000345150A9305900409059760FE1FE78054
:10C0D00080FA97A7FE1F23A9A708DC40E38507E89D
:10C0E00017A7FE1F034727082380E700DC40638E65
:10C0F0000A08638C0908A3803701C8404E86D6859C
:10C1000009059750FE1FE78020031C40D840B8DB8C
:10C110003545EFF06FAC83C7E40093E7470017A7FE
:10C12000FE1F2308F7049307000417A7FE1F230D23
:10C13000F7FE97A7FE1F238B07FEA14717A7FE1F39
:10C14000A307F7FE97A7FE1F938747DE9C5791CB67
:10C1500013060064C14517A5FE1F0345A501EFE0C6
:10C160001EFA97A7FE1FA38307FC97A7FE1FA38DA8
:10C1700007FA1C400547014598C3FDB393F5050335
:10C1800093E51500032549004DBDA3800700B5BF09
:10C1900097A7FE1F238F07FC97A7FE1F938787FC97
:10C1A000C843411106C609C59760FE1FE78000F924
:10C1B00097A7FE1F23AA07FA17A7FE1F034757F7E3
:10C1C00097A7FE1F938747F601CF97A6FE1F83C64A
:10C1D00026F621476396E60017A7FE1FA30A07F479
:10C1E00003C7770099466387E60003C777009D463B
:10C1F000639DE60083C7770017A7FE1F230AF7F2A7
:10C20000854717A7FE1FA305F7F2EFF08F95C145ED
:10C2100017A5FE1F034505F6EFF0EE8F014581459A
:10C22000EFF00EA1B24001454101828039715AD030
:10C2300097A7FE1F238E07F217ABFE1F034B8BF051
:10C240004AD893671B002A89130671009945414516
:10C2500006DE22DC26DA4ED652D456D25ECE62CC30
:10C2600066CA17A7FE1F230FF7ECEFF09E87631235
:10C27000052A19469305F00F130571009750FE1F0C
:10C28000E78020F985476306F52889472300F100F8
:10C29000194697A5FE1F938505CB130511009750EE
:10C2A000FE1FE78060E917A5FE1F034565C9EFE0A3
:10C2B0001FC997AAFE1F938AEAEA83C7FA009384EC
:10C2C000C1ADA306A10017A7FE1FA30DF7E683A724
:10C2D0004A01F97B056C17A7FE1F2329F7E69C404E
:10C2E000A16C97A9FE1F938929E4829797A7FE1F47
:10C2F00023A6A7E8FD1B130CECEB938C0CD0034694
:10C3000001009546B9450A85EFF03F9683C729009D
:10C31000858BF5D717A5FE1F0345C5E2118501469C
:10C32000930500020D8997A7FE1F238007E0EFE029
:10C330001FE397A5FE1F83C5E5E091851306F00F67
:10C340008D8905459750FE1FE780E06683C7390059
:10C35000858B6386071E03A5890197A7FE1FA38609
:10C3600007DC81460146814597A7FE1F238F07DA28
:10C370009750FE1FE780405A2A8A6312051C03A4C7
:10C380008901954703472400631BF71A194697A5AF
:10C39000FE1F938545BB130594009750FE1FE78051
:10C3A000A0E28547631DF51883A749011947814518
:10C3B00098C317A5FE1F0345E5D811850D89EFE049
:10C3C0003FC597A5FE1F83C5E5D7918501468D8999
:10C3D0000D459750FE1FE780005E83C72900858BBF
:10C3E000638F071497A7FE1F238107D49C40829771
:10C3F00097A7FE1F23ACA7D6EFF09FD997A7FE1FE4
:10C40000A38207D497A7FE1FA38407D683473401CE
:10C4100001469305000217A7FE1FA301F7D4834727
:10C42000440117A7FE1F230CF7D28347540117A717
:10C43000FE1FA306F7D2034704018347F400220737
:10C440005D8F83471401C2075D8F83472401E20794
:10C45000D98F17A7FE1F232BF7CE034774018347FD
:10C46000640122075D8F83478401C2075D8F834784
:10C470009401E207D98F17A7FE1F232FF7CC17A728
:10C48000FE1FA30907CE0147B3D6E700858A89C6F8
:10C49000050A137AFA0F05460507E317B7FE09C622
:10C4A00097A7FE1FA38847CD8347A40113068002E8
:10C4B000914517A7FE1F2303F7CA97A7FE1F2383E3
:10C4C00067C9894717A5FE1F0345C5CA17A7FE1FE1
:10C4D0002300F7CAEFE0BEC203470100854781444D
:10C4E000631BF7001306340099454145EFF03E8E7B
:10C4F0000545EFF03E88F250625426854259D254E9
:10C50000B259225A925A025BF24B624CD24C2161D0
:10C5100082808547194697A5FE1F9385C5A21305FE
:10C5200011002300F1009750FE1FE780E0C019467C
:10C53000970501009385C5C8130571008DB3EFE021
:10C540005FE2630F09007D191379F90F631A09007F
:10C55000EFF01FC4854497A7FE1F238567BF61BF07
:10C5600003460100938741BB89469843631AD6046A
:10C57000544733F6760150C701000100984309661D
:10C5800010C7130600F897A5FE1F2381C5BA13062E
:10C59000E06E70D354C798437C53FDFF9C40829754
:10C5A00003A78A016360E504198DE3FAACD4EFF0C8
:10C5B0004EAC9C40829797A7FE1F23A1A7BC81B3D6
:10C5C000544733F6760150C70100010098430966CD
:10C5D00010C7130600F897A5FE1F2389C5B42322B0
:10C5E00087074DBF97A7FE1F9387479CDC43998F12
:10C5F0003E9565BF9387C1BB94430567130717102A
:10C60000D8C6514701007D1775FF984323260700C0
:10C61000514701007D1775FF984385679387171071
:10C620005CC78280411106C6EFF0DFFC9387C1BB77
:10C630009C43130700483703009098D7B8477D13F1
:10C64000370E0020337767003367C701B8C7B84794
:10C65000B70600F9FD16758F37060004518FB8C76D
:10C66000B8473706F9FF7D16419B13679700B8C797
:10C67000B847B7080080B70E0002718FB8C7B84737
:10C68000370600FF7D1633671701B8C7F8474575B1
:10C690007D1E619B13673700F8C7F8471377F7F8DB
:10C6A00013670703F8C7EC4793F5F58F93E505305B
:10C6B000ECC7F847718FF8C7F84711663367D701A1
:10C6C000F8C703A807051307F5FF7D753378E80061
:10C6D0003368C80023A8070503A847057D1513780C
:10C6E00008FF1368C80023AA0705F04B1366060865
:10C6F000F0CBF04B698EF0CBC85F798D2167598DF7
:10C70000C8DFCC5F37070040F58DB3E5D501CCDF3E
:10C71000D05FB70570003376C601598ED0DFD05791
:10C7200009674D8ED0D7D057F18ED4D7D4577576B0
:10C730007D16F18ED98ED4D7D4573706FDFF7D16DE
:10C7400037070200F18ED98ED4D7945BC19A94DB5F
:10C75000945B93F6F6F094DB945B93F6F68F94DBA0
:10C76000985BB70600504D8F98DB985B3377670076
:10C77000558F98DB985FB70608FFFD16758FB706D3
:10C780008800558F98DF985FB368170123AC1703B3
:10C79000B240410182801387C1BB1C4341767D16A4
:10C7A000B44BF18EB4CB944737062000D18E94C79A
:10C7B000D44793E60601D4C7D447BD9AD4C7010035
:10C7C00001000100010014430566DC4693E7070100
:10C7D000DCC6DC42D18FDCC2938741BB9043930718
:10C7E00000057CD27C5291C783A7C609A183858BA3
:10C7F000F5DB01000100010001001C43416603A7B5
:10C80000C709B44BD18EB4CB9376F701B84B019BDB
:10C81000558FB8CB9847B706E0FFFD16758F98C7C0
:10C8200082809387C1BB9C4341777D17B44F41669B
:10C83000F98EB4CF9447D18E94C7D44793F6F6EFD0
:10C84000D4C7D443758FD8C3D44793E60610D4C752
:10C85000D843518FD8C38280397122DC1384C1BB85
:10C860001C4006DE26DA4AD84ED652D456D25AD0CA
:10C870005ECE62CC66CA6AC86EC6D843FD76FD1627
:10C880001377F7EFD8C39857758F98D7D857B7064F
:10C8900002003D9BD8D79847558F98C7D843136758
:10C8A0000701D8C3138781BB1443375734121307CA
:10C8B0008767E38FE648D84381749384F40F799BAC
:10C8C000D8C3985FB166938606F0658F558F98DF61
:10C8D000D84313671700D8C39750FE1FE7808076B0
:10C8E0001C4003A707091377F7032380E1BC03A7C4
:10C8F000470929831377F707A381E1BCD843B966B9
:10C9000093860670799BD8C3985F658F558F98DFA3
:10C91000D84313671700D8C39750FE1FE780807273
:10C920001C4003A707091377F7032381E1BC03A782
:10C93000470929831377F707A382E1BCD843B5667B
:10C9400093860630799BD8C3985F658F558F98DFA3
:10C95000D84313671700D8C39750FE1FE780806E37
:10C9600018408327070993F7F703A380F1BC8327B7
:10C970004709A98393F7F7072382F1BC1C4003CC36
:10C9800011BC83C601BC03A7070AB386864113F610
:10C99000F600419B518F23A0E70A130760023387FB
:10C9A000E6021306700283A5070A7D7E130EFE0FB2
:10C9B00093F5F5F01305400245737D13130430021F
:10C9C0003347C702B708F1FFFD1813082002930E82
:10C9D00010027D4FF94FF542F1436D4DD14B454B60
:10C9E000BD443949314AAD4AB5493D8B12074D8F97
:10C9F0009305500223A0E70A3387B60283A5070AEE
:10CA0000B3F5C5013347C7023D8B22074D8F23A0E5
:10CA1000E70A3387A60283A5070A370500F17D15CB
:10CA2000B3F565003347C7023D8B32074D8F23A016
:10CA3000E70A3387860283A5070A6144B3F5150127
:10CA40003347C7023D8B42074D8F23A0E70A338748
:10CA5000060383A5070A370810FF7D18B3F5050103
:10CA60003347C7023D8B52074D8F23A0E70A338718
:10CA7000D60383A5070AB70E0010FD1EE98D3347C4
:10CA8000C7023D8B62074D8F23A0E70A139756001C
:10CA90003347C7029315C70103A7070A3377D701A6
:10CAA0004D8F23A0E70A3387E6035D4F3347C70264
:10CAB0009375F70003A7470A419B4D8F23A2E70A0E
:10CAC0003387F60383A5470AD94F93F5F5F033472B
:10CAD000C7023D8B12074D8F23A2E70A3387560208
:10CAE00083A5470AD542B3F5C5013347C7023D8B3D
:10CAF00022074D8F23A2E70A3387760283A5470AD0
:10CB0000CD43B3F565003347C7023D8B32074D8FE8
:10CB100023A2E70A3387A60383A5470A494DB3F545
:10CB200015013347C7023D8B42074D8F23A2E70A09
:10CB300069473387E60283A5470AB3F50501334702
:10CB4000C7023D8B52074D8FE54523A2E70A338785
:10CB5000B60283A5470AE98D3347C7023D8B6207BA
:10CB60004D8F23A2E70A338786020D443347C7025D
:10CB70009315C70103A7470A3377D7014D8F23A227
:10CB8000E70A3387E603254F3347C7029375F7005B
:10CB900003A7870A419B4D8F23A4E70A3387F60337
:10CBA00083A5870A9D4F93F5F5F03347C7023D8B68
:10CBB00012074D8F23A4E70A3387560283A5870AFD
:10CBC0009942B3F5C5013347C7023D8B22074D8F0C
:10CBD00023A4E70A3387760383A5870AB3F56500A4
:10CBE0003347C7023D8B32074D8F23A4E70A3387B3
:10CBF000760283A5870A9543B3F515013347C7022B
:10CC00003D8B42074D8F23A4E70A3387A60383A5F4
:10CC1000870A294DB3F505013347C7023D8B5207FB
:10CC20004D8F23A4E70A3387660383A5870AE98D1E
:10CC30003347C7023D8B62074D8F93954600B3C5BE
:10CC4000C50223A4E70A03A7870A3377D701F205B1
:10CC50004D8FB385960223A4E70A03A7C70A419B19
:10CC6000B3C5C502BD894D8F23A6E70A33872603C6
:10CC700083A5C70A93F5F5F03347C7023D8B12072A
:10CC80004D8FB3C5860223A6E70A03A7C70A3377E9
:10CC9000C701BD89A2054D8F23A6E70A3387460346
:10CCA00083A5C70AB3F565003347C7023D8B32073A
:10CCB0004D8F23A6E70A3387560383A5C70AB3F52A
:10CCC00015013347C7023D8B42074D8F23A6E70A64
:10CCD0003387A60383A5C70AB3F505013347C70207
:10CCE0003D8B52074D8F23A6E70A3387E60383A5C2
:10CCF000C70AE98D3347C7023D8B62074D8F939575
:10CD00003600B3C5C50223A6E70A03A7C70A3377CF
:10CD1000D701F2054D8FB385F60323A6E70A03A7D3
:10CD2000070B419BB3C5C502BD894D8F23A8E70AF8
:10CD30003387560283A5070B93F5F5F03347C702F7
:10CD40003D8B12074D8F23A8E70A3387760283A510
:10CD5000070BB3F5C5013347C7023D8B22074D8F43
:10CD600023A8E70A139726003347C70283A5070BBA
:10CD7000B3F565003D8B32074D8FB3C5360323A84D
:10CD8000E70A03A7070B33771701BD89C2054D8F4B
:10CD900023A8E70A139716003347C70283A5070B9A
:10CDA000B3F505013D8B52074D8FB3C5C60223A8CD
:10CDB000E70A03A7070B698FBD89E2054D8F23A8FA
:10CDC000E70A03A7070B930580023377D70123A84F
:10CDD000E70A03C721BC3307EC40B34DB70283AC6D
:10CDE000470B93FC0CFFB34B770393FDFD00B3ECB3
:10CDF000BC0123AA970B83AC470BCD4D93FCFCF0F1
:10CE000093FBFB00920BB3EB7C0123AA770BB30BD4
:10CE1000870283AC470BB3FCCC01B3CBBB0293FBC3
:10CE2000FB00A20BB3EB7C01B34CA70323AA770B47
:10CE300083AB470BB3FB6B0093FCFC00B20CB3EB72
:10CE40009B0123AA770BA14BB34B770383AC470B12
:10CE5000B3FC1C0193FBFB00C20BB3EB7C0123AAC8
:10CE6000770BB30B570283AC470BB3FC0C01B3CB6E
:10CE7000BB0293FBFB00D20BB3EB7C0123AA770B25
:10CE8000B30BF70383AC470BB3FCAC00B3CBBB02D3
:10CE900093FBFB00E20BB3EB7C01B34C770223AABC
:10CEA000770B83AB470BB3FBDB01F20CB3EB9B01BE
:10CEB000B30CE70323AA770B83AB870B93FB0BFF22
:10CEC000B3CCBC02B30A570393FCFC00B3EB9B0149
:10CED00023AC770B914B83AC870B93FCFCF0B34BEB
:10CEE0007703330A470393FBFB00920BB3EB7C0100
:10CEF00023AC770B83AB870BD54CB3FBCB01B3CA09
:10CF0000BA02B309370393FAFA00A20AB3EA5B0143
:10CF100023AC570B83AA870BD94BB3FA6A00334A69
:10CF2000BA0233092703137AFA00320A33EA4A01B4
:10CF300023AC470B03AA870BE14A337A1A01B3C922
:10CF4000B902B304970293F9F900C209B3693A012F
:10CF500023AC370B83A9870B654AB3F90901334921
:10CF6000B902B3C4B4021379F900520933E92901B3
:10CF700023AC270B03A9870BE9493379A900330BAD
:10CF80006703BD88E204B36499001319470023AC1A
:10CF9000970A83A4870BB3F4D4013349B902334B06
:10CFA000BB027209B3E4240123AC970A83A4C70B24
:10CFB000C198137BFB0033EB6401C944B3049702AF
:10CFC00023AE670B03A9C70B5D4B1379F9F0B3C40C
:10CFD000B402BD889204B364990023AE970AB304E7
:10CFE000B70303A9C70BF54D3379C901B3C4B40224
:10CFF000BD88A204B364990023AE970A8944B34460
:10D00000970203A9C70B33796900BD88B204B364E2
:10D01000990023AE970AB304970303A9C70BF94CF1
:10D0200033791901B3C4B402BD88C204B364990052
:10D0300023AE970AB304770303A9C70BFD4B3379DB
:10D040000901B3C4B402BD88D204B364990023AE0D
:10D05000970AB304670303A9C70B130B10023379B4
:10D06000A900B3C4B402BD88E204B364990023AE3E
:10D07000970AB304570303A9C70B930A2002337915
:10D08000D901B3C4B402F204B364990023AE970A81
:10D09000B304470303A9070C130A3002137909FFED
:10D0A000B3C4B402BD88B364990023A0970CB30441
:10D0B000370303A9070C930940021379F9F0B3C4AD
:10D0C000B402BD889204B36499006D4923A0970C03
:10D0D000B304270303A9070C3379C901B3C4B4020D
:10D0E000BD88A204B364990023A0970CF144B30453
:10D0F000970203A9070C33796900B3C4B402BD8851
:10D10000B204B364990023A0970CB304B70303A936
:10D11000070C33791901B3C4B402BD88C204B364E7
:10D12000990023A0970CB304970303A9070C337944
:10D130000901B3C4B402BD88D204B364990023A02A
:10D14000970CB304770303A9070C3379A900B3C480
:10D15000B402BD88E204B364990023A0970C931431
:10D160005700B3C4B4021399C40183A4070C330657
:10D17000C702B3F4D401B3E4240123A0970C03A99C
:10D18000470C137909FFB3046703B3C4B402BD8825
:10D19000B364990023A2970CB304570303A9470C67
:10D1A0001379F9F0B3C4B402BD889204B364990052
:10D1B00023A2970CB304470303A9470C3379C90191
:10D1C000B3C4B402BD88A204B364990023A2970C2F
:10D1D000B304370303A9470C33796900B3C4B4021D
:10D1E000BD88B204B36499001309500223A2970CBE
:10D1F000B304270303A9470C33791901B3C4B4025C
:10D20000BD88C204B364990023A2970C9304600202
:10D21000B304970203A9470C33790901B3C4B402DC
:10D220003346B602BD88D204B364990023A2970C9A
:10D2300083A4470CE98C3D8A6206458E23A2C70C65
:10D2400003A6470C9314C7013376D601458E23A25B
:10D25000C70C130690023306C70283A4870CC1983B
:10D260003346B6023D8A458E23A4C70C1306A0029E
:10D270003306C702B345B60203A6870C1376F6F051
:10D28000BD899205D18D23A4B70C83C541BC03C6CB
:10D2900051BC3386C540B304A60303A9870C337978
:10D2A000C901B3C4E40293E48400BD88A204B3645A
:10D2B000990023A4970CB304E60303A9870C3379E0
:10D2C0006900B3C4E40293E48400BD88B204B3648B
:10D2D000990023A4970C93143600B3C4E40203A965
:10D2E000870C3379190193E48400BD88C204B364C8
:10D2F000990023A4970CB304F60303A9870C337990
:10D300000901B3C4E40293E48400BD88D204B36489
:10D31000990023A4970CB304560203A9870C337910
:10D32000A900B3C4E40293E48400BD88E204B364BA
:10D33000990023A4970CB304760203A9870C3379D0
:10D34000D901B3C4E40293E48400F204B364990005
:10D3500023A4970C93142600B3C4E40203A9C70CBA
:10D36000137909FF93E48400BD88B364990023A670
:10D37000970CB304860203A9C70C1379F9F0B3C460
:10D38000E40293E48400BD889204B364990023A668
:10D39000970C93141600B3C4E40203A9C70C3379A5
:10D3A000C9013347E60293E48400BD88A204B36454
:10D3B000990023A6970C03A6C70C33766600136763
:10D3C00087003D8B3207518F23A6E70C03A7C70CBC
:10D3D0003377170123A6E70C03C731BC0D8F334603
:10D3E000D70293F5F507E2053D8A9314460103A69B
:10D3F000C70C3304870233760601458E23A6C70C7B
:10D400001316170083A4C70CE98C3346D6023D8A55
:10D410006206458E23A6C70C03A6C70C3344D4026C
:10D42000B37ED60113162700B3037702720433E4E8
:10D430008E0023A6870C3346D602B3025702937E92
:10D44000F60003A6070D419A3366D60123A8C70C40
:10D4500003A6070DB3C3D3021376F6F0B3C2D2020C
:10D4600093F3F3009203B363760023A8770C03A62B
:10D47000070D337EC601B30FF70393F2F200A20249
:10D48000B3625E0023A8570C03A6070D3373660032
:10D4900013163700B3CFDF02330FE70393FFFF000C
:10D4A000B20FB36FF30123A8F70D03A3070DB378F1
:10D4B00013013346D602330DA7033D8A420633E6F5
:10D4C000C80023A8C70C03A6070D33780601334F05
:10D4D000DF02B346DD02137FFF00520F336FE80116
:10D4E00023A8E70D03A7070D798DBD8AE206C98E33
:10D4F00023A8D70CD84385663D9BD8C3D843799BD6
:10D50000D8C39857558F98D7D857B7060081FD16BE
:10D5100013670701D8D71377FC0303AC8703137C89
:10D520000CFC336CEC0023AC8703985F758FD98DAE
:10D530008CDF6254F250D2544259B259225A925A54
:10D54000025BF24B624CD24C424DB24D2161828063
:10D5500023AC01BA6FF08FC21387C1BB1443DC4206
:10D5600093F7F7EFDCC20100010018435C4393E737
:10D5700007105CC38280411106C6F92D93056040F7
:10D58000EF10D07EB2400145410182806F00807271
:10D5900019C591C509C68357060001459DE30111D0
:10D5A0000565C9471306F100130555C3854506CE29
:10D5B000A307F100EF10507BF2400345F100056135
:10D5C0008280828001119797FE1F2387A7C6056579
:10D5D0001306F100130595C4854506CEA307010087
:10D5E000EF109078F2400345F1000561828001114F
:10D5F0001305910006CEDD252304A100056530004A
:10D6000025059D45EF105076F240034581000561E8
:10D61000828001111305D10006CEDD252306A1006D
:10D620000965700009059145EF101074F24003453B
:10D63000C10005618280011106CEF525A307A10076
:10D6400009651306F10015058545EF10F071F240EC
:10D650000345F10005618280011106CEEF00A0773D
:10D66000A307A10009651306F10029058545EF1000
:10D67000B06FF2400345F10005618280011106CED2
:10D68000EF001005A307A10009651306F100390595
:10D690008545EF10706DF2400145056182800111F2
:10D6A00006CEEF00503EA307A10009651306F10066
:10D6B00041058545EF10506BF2400345F1000561CF
:10D6C0008280011106CEEF00301CA307A10009657E
:10D6D0001306F10045058545EF101069F24003453A
:10D6E000F10005618280411106C622C4EF0090223C
:10D6F0008965CD052A84EF1070672285B2402244E7
:10D700004101828001111305510006CEEF00F03C6B
:10D710002302A100096550006105A545EF10D06402
:10D72000F240014505618280411106C6EF00503E7E
:10D730008965E505EF109063B240014541018280A3
:10D74000011106CE22CC2A84EF00B0512306A1009D
:10D750000965A30681007000218069058D452307B6
:10D760008100EF107060F2406244014505618280E3
:10D77000011106CE22CC2A84EF0070612306A1009D
:10D780000965A3068100700021806D058D45230782
:10D790008100EF10705DF2406244014505618280B6
:10D7A000011106CE22CC2A84EF0000752306A100C9
:10D7B0000965A306810070002180130505028D45CF
:10D7C00023078100EF10505AF24062440145056181
:10D7D0008280011106CE22CC2A84EF00F0062306B7
:10D7E000A1000965A30681007000218013051502C0
:10D7F0008D4523078100EF103057F2406244014508
:10D8000005618280011106CEEF00705DA307A100C3
:10D8100009651306F100130575028545EF10D05414
:10D82000F2400345F10005618280011106CEEF0050
:10D830005066A307A10009651306F10013059502C0
:10D840008545EF107052F2400345F100056182807A
:10D85000011106CEEF00B068A307A1000965130609
:10D86000F1001305D5028545EF101050F240034535
:10D87000F10005618280011106CEEF00506CA30714
:10D88000A10009651306F1001305E5028545EF10B7
:10D89000B04DF2400345F10005618280011106CED2
:10D8A000EF00D06EA307A10009651306F100130570
:10D8B00015038545EF10504BF2400345F10005611B
:10D8C0008280011106CEEF104024A307A100096554
:10D8D0001306F100130575038545EF10F048F2407B
:10D8E0000345F10005618280011106CEEF10C038BA
:10D8F000A307A10009651306F100130585038545FB
:10D90000EF109046F2400345F1000561828001115D
:10D9100006CEEF106050A307A10009651306F100C1
:10D92000130595038545EF103044F2400345F1009F
:10D9300005618280011106CEEF108068A307A10067
:10D9400009651306F1001305E5038545EF10D04185
:10D95000F2400345F10005618280011106CEEF100F
:10D960006075A307A10009651306F1001305F5030F
:10D970008545EF10703FF2400345F100056182805C
:10D98000011106CEEF105009A307A1000965130687
:10D99000F100130505048545EF10103DF2400345E5
:10D9A000F10005618280011106CEEF103018A30747
:10D9B000A10009651306F100130525048545EF1044
:10D9C000B03AF2400345F100056182809797FE1F4F
:10D9D000239EA78401458280011106CEEF10D01F3F
:10D9E000A307A10009651306F10013051505854578
:10D9F000EF109037F2400345F1000561828001117C
:10DA000006CEEF10B026A307A10009651306F100AA
:10DA1000130525058545EF103035F2400345F1002B
:10DA2000056182805D711303D1031AD2034301079C
:10DA300086C61AD00343C1061ACE034381061ACC08
:10DA4000034341061ACA034301061AC80343C1052A
:10DA50001AC6034381051AC4030341051AC20343CE
:10DA600001051AC0EF001057230EA10209657018B6
:10DA7000130565038945EF10302FB6400345C103F8
:10DA8000616182809787FE1F83D7E77699E79307C6
:10DA9000F01F1787FE1F2310F7769787FE1F83D787
:10DAA0008775A146014513F707108607C20733574C
:10DAB000D740C183598D13D6574013D79740318F24
:10DAC000058BFD161375F50FD98FF1FE1787FE1F15
:10DAD0002313F77282809787FE1F83D7E77181EB4C
:10DAE000E17793C7F7FF1787FE1F2317F770978714
:10DAF000FE1F83D76770B94601451168194633F791
:10DB000007018607C2073357D740C183598D13D702
:10DB1000E74093D5F700058B2D8FFD161375F50F94
:10DB2000D98FE39EC6FC1787FE1F2317F76C8280F0
:10DB3000011126CA4AC84EC656C29787FE1F938750
:10DB4000A75E06CE22CC52C45AC0AE893289B68AAC
:10DB5000C44B35C9AD472A8463EEA7021304F5FF11
:10DB60001374F40F631D0906268A338B9900631220
:10DB70004B071379F9009386FAFF2285238024014D
:10DB8000A380340193F6F60F4E868545EFD0FF92C1
:10DB9000014505A0B147630BF5029307600263E5F9
:10DBA000A7001304E5FF6DBF930770024945E30B1F
:10DBB000F4FAF2406244D2444249B249224A924ABB
:10DBC000024B056182801304500269BF1304600296
:10DBD00051BFEFF03FEB2301AA00050A49BF85477B
:10DBE000631CF9004E869305000F138524009730BF
:10DBF000FE1FE780E057B5BF89476316F9004E86E0
:10DC00009305A00ADDB78D47631DF900268A338B83
:10DC10009900E3004BF7EFF01FEC2301AA00050A7F
:10DC2000CDBF91476316F9004E869305F00F75BF7F
:10DC300095476315F9004E86814545BF99476315A1
:10DC4000F9004E86BD4555B79D474945E313F9F6A2
:10DC50004E869305500551BF011106CE931745011D
:10DC600063D40702EF70E05D894719C98346050058
:10DC70001147B1476396E60095472300F500C94771
:10DC8000F2403E85056182802EC6EF902052C94742
:10DC900065D90347A500418B65D7B2458347B500D9
:10DCA000230AB50491E7E9472308F5008147C9BF76
:10DCB000ED47DDBF011106CE22CC2EC6EF90004FFE
:10DCC00001CDB2452A84EF80000DA305A4020145D1
:10DCD000F2406244056182804945DDBF1787FE1F1F
:10DCE0001307C750814799468345870E3306F500D1
:10DCF00085072300B6000507E398D7FE014582801B
:10DD00009787FE1F9387872203D707012300E5002B
:10DD100003D707012183A300E50083C7F700230190
:10DD2000F5000145828019E1494582809787FE1FF1
:10DD30009387C74BF84B411122C406C62A8409C7F2
:10DD40000347C700314525E3F85F09C70347B7001C
:10DD5000314531EB83A7070989C783C77700314570
:10DD6000B9E385471946A2851785FE1F1305E556B9
:10DD70001787FE1F230DF7469730FE1FE780C03B35
:10DD8000834754001307000C93F7070C6391E702D5
:10DD90001946A2851785FE1F130585549730FE1F6F
:10DDA000E78080390145B24022444101828081EB05
:10DDB0001946A2851785FE1F1305E552C5B713073F
:10DDC00000044945E391E7FE1946A2851785FE1F29
:10DDD0001305C551E1B7411126C29784FE1F9384F4
:10DDE000E44022C4E04806C611C47C4813974700AB
:10DDF000634C070CFC5099E74945B24022449244D9
:10DE00004101828009ED1305000FEF60807B6DD525
:10DE10008347C500F5D3EF60101F0145F9BF0547E3
:10DE2000E31CE5FC15EC014582972A8445C1856712
:10DE3000938707802310F502930700702317F500DE
:10DE40008D47230CF500A30A050219469785FE1F8E
:10DE500093854548130565039730FE1FE780C02D65
:10DE60000347C4008547E309F7F88347E400B98B0B
:10DE700095C30347E40085476318F70289472310D9
:10DE8000F402224403A38406B24092441305000F17
:10DE900041010283EF70D0119787FE1F83C7770A75
:10DEA0008D8BE318F5FC89BF8357040211676375F6
:10DEB000F7002310E402F1B7930600023E87E3FA6D
:10DEC000D7FE13070002F5B7314505BF1D4535B72D
:10DED0009787FE1F9387873183A70709314581CF35
:10DEE00083C7770089CB411106C6EF90B01FB240BF
:10DEF0000145410182808280011126CA4AC84EC66E
:10DF000052C456C25AC02E89368BBA89BE8A06CEF2
:10DF100022CCB284428AEF9060291307A9FF4207FE
:10DF2000856741839386A7C763EEE610938707C88A
:10DF30002A84494563E8970A63E6240B1307301FD8
:10DF40006362670B63E0370B93071B00B38797028D
:10DF500013973900860763D7E70849C4834714013C
:10DF600013F747003DC7ED9BA308F4008347B400B7
:10DF7000231A2407231B9406D5EF03578406C16791
:10DF8000FD17630BF706631999068357A403231B38
:10DF9000E404231CF4049787FE1F83D727308D46A3
:10DFA000114763E5F600850713F7F70FA30AE404AA
:10DFB0002285EF70100283570404A907231FF4047D
:10DFC0008327440A93E717002322F40AC547A30EC8
:10DFD000F400231C5407231D4407231D6405231E3E
:10DFE00034050145F2406244D2444249B249224AD2
:10DFF000924A024B056182808357440691CFB3D485
:10E00000F4024A87B3879702C207C1836373F9009A
:10E010003E87231CE40441B7B305990085814A85F6
:10E02000EFD0FE80231CA404930584052685EF40D1
:10E03000606E95B78327840A93E707022324F40AC6
:10E04000C14771B7494579BF01112EC606CEEF9081
:10E05000E015B24509E54945F240056182808347F4
:10E060001501A305B50213F7470075D7ED9BA3086B
:10E07000F500BD472306F5028327850A93E72700AD
:10E080002324F50A0145C9BF1787FE1F130707168A
:10E090007C4B81CB83C6C70089C683C6D700C947DE
:10E0A000A1E27C5F89CB83C6B70091C683C6070116
:10E0B000C947858A95E68327070981CB03C777007F
:10E0C00009C703C7D700C94701EF1787FE1F0347DA
:10E0D000A71D9787FE1F83C7371D636AF7009D47FB
:10E0E0003E8582809D47F2403E8505618280011118
:10E0F000A304A10019461305A10006CE9730FE1F08
:10E10000E78080032800EFC03FB28547E31CF5FCA1
:10E110008147D1BF797126D24AD04ECE06D622D4BD
:10E120002E89B28936C63AC43EC242C0EF9000087A
:10E13000C94455C99305A9FFC20505662A84C18152
:10E140001305A6C7C9446360B50A130606C8636C05
:10E15000360963EA2909B2469305301F63E5D508FD
:10E1600022476362E60813861600330626039315DA
:10E170003700635AB60603461401B144058A25E602
:10E180000326440A1376162039EE92470248231ECE
:10E19000E4040347B400231CF406231A2407231BBA
:10E1A0003407231D0407231DD4048347D40181446D
:10E1B00059EF95EB83270410898B95CF3146930552
:10E1C000F00F130584069730FE1FE78060FA83275F
:10E1D000440A2314040693E707202322F40AC947BC
:10E1E000A30EF4008144B250225426850259925461
:10E1F000F2494561828063093905B385290185812A
:10E200004A85EFD0CEE2231CA404930584054E85F5
:10E21000EF4040509787FE1F83D747088D46114730
:10E2200063E5F600850713F7F70FA30AE4042285D8
:10E23000EF70205A83570404A907231FF40483278F
:10E24000440A93E7170051BF231C2405E1B7C1FF1F
:10E2500083278410898B95C731469305F00F1305EA
:10E2600084069730FE1FE780A0F08327440A23141A
:10E27000040693E707202322F40ACD47A30EF400F7
:10E280009DB7E9448DB79787FE1F938727F6F84B14
:10E2900001CB8346C70089C60347D70049450DEF28
:10E2A000F85F09CB8346B70091C60347070149458C
:10E2B000058B1DE383A7070981CB03C7770009C737
:10E2C00083C7D700494589EB411106C6EFC09FA11E
:10E2D000B2400145410182808280411122C426C2A0
:10E2E0004AC006C62A890144A1449305F00F05459A
:10E2F000EFD0AED1B30789002380A7000504E31651
:10E3000094FEB24022449244024901454101828078
:10E31000011122CC4AC806CE26CA2EC632893684BE
:10E32000EF80D068630D05128347B500AA84B2451B
:10E330000945DDEB21461385F4189730FE1FE78071
:10E34000A0DFA38B241913598900238C2419834738
:10E35000E4000346D4008345F4008346C400A207CA
:10E36000420603C5C404B297AE97E20603A7440A67
:10E37000B69749C123A6F40A8347A40083469400B4
:10E3800013670702A207C206B6978346B400B69782
:10E3900083468400E206B69723A8F40A8347640004
:10E3A00083465400A207C206B69783467400B69708
:10E3B00083464400E206B69723AAF40A8347240062
:10E3C00083461400A207C206B69783463400B69768
:10E3D00083460400E206B69723ACF40A8547A38679
:10E3E000F40423A2E40A0145F2406244D2444249C3
:10E3F0000561828023A6F40C8347A4008346940021
:10E4000013678700A207C206B6978346B400B69783
:10E4100083468400E206B69723A8F40C8347640081
:10E4200083465400A207C206B69783467400B69787
:10E4300083464400E206B69723AAF40C83472400DF
:10E4400083461400A207C206B69783463400B697E7
:10E4500083460400E206B69723ACF40C59B709458D
:10E4600061B7011106CE2EC6EF805054630F051020
:10E470008346B5000547AA87B24505456391E60A7C
:10E4800083C60701130740020145639AE60803C7E4
:10E49000E50083C6D5002207C206369783C6F5007D
:10E4A000369783C6C500E206369783C6D704BDCA31
:10E4B00023A6E70A03C7A50083C695002207C20664
:10E4C000369783C6B500369783C68500E206369731
:10E4D00023A8E70A03C7650083C655002207C206C2
:10E4E000369783C67500369783C64500E206369791
:10E4F00023AAE70A03C7250083C615002207C20620
:10E50000369783C63500369783C60500E2063697F0
:10E5100023ACE70A1307A0022388E7000145F24075
:10E520000561828023A6E70C03C7A50083C695007A
:10E530002207C206369783C6B500369783C6850084
:10E54000E206369723A8E70C03C7650083C655008B
:10E550002207C206369783C67500369783C64500E4
:10E56000E206369723AAE70C03C7250083C61500E9
:10E570002207C206369783C63500369783C6050044
:10E58000E206369723ACE70C71B7054549BF411148
:10E5900006C6EF80B04131C18346B5000547AA8762
:10E5A00009456399E60283C6070113074002639396
:10E5B000E6020D472386E7021947A385E702130702
:10E5C00050022388E70003C7A7020145136717001D
:10E5D0002385E702B240410182800945E5BFAA8751
:10E5E0001788FE1F034898C01785FE1F130505C036
:10E5F0002A8763080802684911C50348C5003145E8
:10E6000063180808685F11C50348B50031456311F8
:10E6100008080325070911C503487500314563192A
:10E6200008069788FE1F83C8A8C81788FE1F0348DE
:10E6300038C81D4563FE08050327870D4945137734
:10E64000070439C75D71A6C22800B284194686C680
:10E65000A2C4A303F10036849730FE1FE780C0AD4B
:10E66000A6851305E10241469730FE1FE780C0AC46
:10E67000A2851305E10141469730FE1FE780C0AB3C
:10E680004800EFA0004DB640264496446161828068
:10E6900082809786FE1F83C676B58DCA1787FE1FB8
:10E6A0001307C7B4BA87784B09C70347C700494562
:10E6B00015E7F85F09C70347B700494505E383A796
:10E6C000070989C783C77700494589EB411106C609
:10E6D000EFA0E05DB24001454101828082809787D2
:10E6E000FE1F9387A7B09786FE1F83C636B03E876E
:10E6F00085C6FC4B89C783C6C700C94785EE7C5FCA
:10E7000089C783C6B700C94795E68327070989C724
:10E7100083C67700C94799EE9787FE1FA388A7ACE9
:10E720008327070E11C993E707601787FE1F232F62
:10E73000F7B881473E85828093F7F79FFDB71307AF
:10E7400000643305E50241119787FE1F938707AAEE
:10E7500022C403A4870C26C24AC006C6BE8413097D
:10E76000F00F1787FE1F232DA7AA01E8B24022440D
:10E77000924402490145410182800345040063053A
:10E780002501CC58EFC0FE85405CC5B79787FE1FBA
:10E79000A38AA7A8937715001787FE1F130707A55D
:10E7A00081EF8347C703ED8F6384B70049458280BB
:10E7B0009786FE1F2389F6A693772500014591EBE6
:10E7C0008347D703F18FE393C7FE9787FE1FA38C80
:10E7D000C7A482805D71A6C29784FE1F938404A1A2
:10E7E00003A34405CAC04EDE62D466D26AD086C690
:10E7F000A2C452DC56DA5AD85ED66ECE030C41055E
:10E800008349810503490106834CC106034D010775
:10E8100063090302032343051314530063530402E3
:10E820003143B640264496440649F259625AD25AB8
:10E83000425BB25B225C925C025DF24D1A856161C3
:10E8400082800D4E4943E36EFEFC93FD0501638D0E
:10E850000D08054EE397C9FD3AC6468B42C43EC239
:10E86000B68BB28A2E842AC0EF50B0552A8A32471E
:10E8700019E9FC50054582972A8A1D435DD18247DC
:10E8800032472304F500930500026391BB028D45D6
:10E890006310B90A0355CA019305900F130350047E
:10E8A000E3E1A5F80355EA01E3EDA5F69375F40F4E
:10E8B0002300BA0663810D1C3D8815456312A40828
:10E8C000130510F82307AA004543E3EC5BF57D45EB
:10E8D0004543E37855F51165E36575F533865B01CE
:10E8E00005822310CA02B5A093FE35004943E38A8E
:10E8F000CEF393FE8500E3960EF26392C90303C341
:10E90000C40313734300E30D03F0E30739F5094330
:10E91000E31469F403C3C4031373230039A0E31899
:10E92000C9FF03C3C40313734300E31703F2CDBD50
:10E930008545E31DB9F60355CA019305D02EB9BF2D
:10E9400035456310A41285462307DA008946231053
:10E95000DA02A307EA00631507160547230CEA004D
:10E9600093F5050281E59247A30AFA02194681450B
:10E970005A859730FE1FE780C08963140516A247A9
:10E980000547230EEA02A30EFA021946DA8513059B
:10E99000EA039720FE1FE780207A03470105A306BC
:10E9A000EA001307F0076311EC141777FE1F130733
:10E9B000E75703474701D6572380E70003055A016D
:10E9C000EFC0AFDE2304AA06EFC06FD7D657A30A65
:10E9D000AA000D472380A7006391E912638D0C0004
:10E9E00093F61C0099C603C7C403218B19E3E3897E
:10E9F0003CE32305DA0609472302EA060347C1057B
:10EA0000A302EA0603470A06418B1DEB1307F9FF31
:10EA10001377F70F89464943E3E5E6E08D46631334
:10EA2000D90E630D0D0013761D0019C683C6C403ED
:10EA3000A18A99E2E3062DDFA305CA06A301EA062F
:10EA400003474106B70600080143A300EA0603474F
:10EA50008106A303EA0603274A05558F232AEA0401
:10EA6000C9B309456314A4001945A9BDE30C04E426
:10EA700023070A0091BD1D452307AA0013F81500BE
:10EA800013F54500630B0800114811C10548A30F99
:10EA90000A050545230FAA0405BD13F825006309DF
:10EAA0000800094811C11548A30F0A050945DDB73B
:10EAB0000D4811C11948A30F0A05230F0A0429B5EF
:10EAC000230C0A0081460D453356D740058A11C6EE
:10EAD00003468A010506230CCA008506E396A6FEB6
:10EAE00041B5230E0A0255BD194763458701A30AA4
:10EAF0008A01E9B5A30AEA00D1B523050A06230273
:10EB00000A06EDBDA3050A0615BF9777FE1F93877A
:10EB1000E76DF04B01114EC606CE22CC26CA4AC87C
:10EB200052C4BE8911C67C4A13965700634E060034
:10EB30003A8AB6842E89EF50D0282A8419ED83A70B
:10EB400049051305200491C33145F2406244D24483
:10EB50004249B249224A056182800347E500854760
:10EB600001453D8BE303F7FE03470406418B41CB90
:10EB70008D476304F9004945C9BFFD47E3ED97FEA2
:10EB8000231E04008D476316F90CC5CC8357C401BE
:10EB90001777FE1F0357276D1D45B3869700E34681
:10EBA000D7FA0347C40015C78356040213070002AF
:10EBB0006391E602034734068D466319D70A1307AB
:10EBC000900F13055004E362F7F88357E401E36EF6
:10EBD000F7F68D471D45E31AF9F69305800C0545B8
:10EBE000EFC0BEC28357C406120523244403850721
:10EBF000BD8BC98F2316F406231E940089A81377B2
:10EC0000D90FE30FF7F611476315E9047848931617
:10EC10007700E3C206F60347C400E31EF7F4835708
:10EC2000C401B1DBA9F89305800C0545EFC0FEBD1A
:10EC30008357C40612058507BD8BC98F2316F406BA
:10EC400039A07C48370700FF7D17F98F7CC8014544
:10EC5000EDBD9307D9FF93F7F70F0547E378F7F278
:10EC600099D88347C400E393E7F2F9BD8546E312E0
:10EC7000D7F61307D02EB1B79777FE1F93870757A4
:10EC8000F04B01114EC606CE22CC26CA4AC852C449
:10EC9000BE8911C67C4A13965700634E06003A8A15
:10ECA000B6842E89EF50F0112A8419ED83A7490507
:10ECB0001305200491C33145F2406244D2444249D5
:10ECC000B249224A056182800347E5008547014534
:10ECD0003D8BE303F7FE03470406418B55CF8D4779
:10ECE0006304F9004945C9BFFD47E3ED97FE231FC3
:10ECF00004008D47631CF90EF5C08357E4011777B4
:10ED0000FE1F035747561D45B3869700E346D7FAC3
:10ED10000347C40015C7835604021307000263911A
:10ED2000E602034734068D466310D70E8356C401AE
:10ED30001307900F13055004E360D7F8E36EF7F65E
:10ED40008D471D45E31AF9F65C548DC78347640669
:10ED5000898B8DC3085819CD8347A50081CFEF90CB
:10ED600070590C58194613056403B1059720FE1F0E
:10ED7000E780803C9305800C0545EFC01EA98357B2
:10ED8000C4061205232644038507BD8BC98F2316AD
:10ED9000F406231F940089A81377D90FE309F7F429
:10EDA00011476315E904784893166700E3CC06F22F
:10EDB0000347C400E318F7F28357E40185D79DF0B9
:10EDC0009305800C0545EFC05EA48357C406120569
:10EDD0008507BD8BC98F2316F40639A07C483707F9
:10EDE00000FE7D17F98F7CC80145F9B59307D9FF5F
:10EDF00093F7F70F0547E372F7F0E38504EE8347D7
:10EE0000C400E39CE7EE45BD8546E31BD7F283567D
:10EE1000C4011307D02E39BF5D71A6C29774FE1FBF
:10EE20009384C43C03A8440586C6A2C4CAC04EDE6F
:10EE300052DC56DA5AD85ED662D466D26AD06ECE2A
:10EE4000630808028327480513945700635204029D
:10EE50003145B640264496440649F259625AD25A80
:10EE6000425BB25B225C925C025DF24D616182802A
:10EE70003AC632C493771500B68989C763910510E5
:10EE80004945C1BF91E9A04C19E00145D9B7228598
:10EE9000EF5070170040CDBFE30908FE4285EF50E8
:10EEA0009016E5B77849B70700037D8F55F3034700
:10EEB000F505630487016315970103D7EA0149DB70
:10EEC00003C75A036301270903C7EA00631927012F
:10EED000131714004E9703570700E3E3EDFAB854F5
:10EEE0007D141374F40F45CB93161A00B69903D70B
:10EEF0000900B2479305800C2397EA063E9A034720
:10EF00000A00054523980A06A384EA06EFC0FE8F8F
:10EF100003D7CA061205264405073D8B498F239661
:10EF2000EA0603A3840603C50B00B64096440649CF
:10EF3000F259625AD25A425BB25B225C925C025D29
:10EF4000F24D61610283138B8A05194681455A850A
:10EF50009720FE1FE780E02B631925011946EA85FB
:10EF60005A859720FE1FE780201D194681455A8546
:10EF70009720FE1FE780E029E31825F511B7FD155E
:10EF800013F4F50F094C954C0549177DFE1F130D21
:10EF9000CD34930D00089307F00FE303F4EEA2477E
:10EFA000228AB38B870003C50B00EF508061AA8AC9
:10EFB000E31A05EEFC4813052004E39B07E851BD66
:10EFC0009777FE1F93878722FC4B95C3FC4B1397C3
:10EFD0005700635E0700B1473E858280B147F2402B
:10EFE0006244D2444249B2493E85056182800111A2
:10EFF00022CC26CA4AC84EC606CEB6893289AE840D
:10F00000EF50205C2A849307200471D9C947E36834
:10F0100099FC1547E37597FC0347050613773703FB
:10F020005DFF8347E505DDFB7C49918BC5FBEF2048
:10F03000D06379479D47E374A7FA834734060947AD
:10F040006391E706835744081307D02E6373F702D2
:10F050001307C00293075004E37327F97947930716
:10F060005004E37E27F7414793075004636B270161
:10F07000BDB71307301FE363F7FE1307900FE36478
:10F08000F7FE7C4883460406CA9493E727008584EC
:10F09000B3E9D9007CC823139408230034078147BF
:10F0A0003DBFE5F3035744089307D02EE3FBE7FC8D
:10F0B00019475DBF9777FE1F93874713FC4B81CBA2
:10F0C000FC4B1397570063540700314582800111B0
:10F0D00022CC26CA4AC84EC606CEB6893289AE842C
:10F0E000EF50204E2A8413052004630904107C4845
:10F0F000898BB9CB8347340609476395E70C83575F
:10F1000044081307D02E6379F70203576408930766
:10F11000C0021305500463F3E70E03576408F94770
:10F120001305500463FCE70C03576408C14713053B
:10F13000500463EBE700D9A01307301FE36FF7FC1F
:10F140001307900FE362F7FE93F7D40F0547639E12
:10F15000E70A0325840A19C59730FE1FE78000FEE1
:10F160002324040A23120408630909067C48918BAE
:10F17000B5EF8D476393F408930550104A85973097
:10F18000FE1FE78040EF2324A40A25C97C4893F79B
:10F19000074091CF9305800C0545EFC00EE78357DC
:10F1A000A40812058507BD8BC98F2315F408032514
:10F1B000840A4A86CE859720FE1FE780E0F7231257
:10F1C00024091DA0D1F3035744089307D02EE3FD73
:10F1D000E7F603576408994799BF8D474945639FF0
:10F1E000F4007C48F99B7CC8014509A89387D4FFAB
:10F1F00093F7F70F0547E37EF7F63145F240624497
:10F20000D2444249B24905618280E31109F691472F
:10F210004945E38DF4F4DDB79777FE1F938707FD2B
:10F22000F84B411126C24AC006C622C4AA843E89B0
:10F2300009CF7C4B13975700635907003145B24003
:10F24000224492440249410182802E85EF5060376A
:10F250002A841305200465D413F714007C4845CF95
:10F2600013F7170061FF034704061377370379F795
:10F270008988D9CC0327C90D454593E70740418BC1
:10F280005DDFC1657CC8FD150145EFC04EDA231472
:10F29000A408EFC08FB4B70500012326A408FD150C
:10F2A0000145EFC00EDB9304040A15462328A40889
:10F2B0009775FE1F9385E50326859720FE1FE7803F
:10F2C000A0E7A685130500FB9720FE1FE780207EA0
:10F2D0002685EF80203E7C480347C400A300A40895
:10F2E000DD9B93E747007CC88547631FF7009305C4
:10F2F000800C0545EFC06ED18357C4061205850703
:10F30000BD8BC98F2316F406EF80106A014505BF37
:10F3100093F7F7BFBDB70345D407CD9B7CC89307D0
:10F32000F00FE303F5FEEFC0AE83F9BF1777FE1FC2
:10F330001307C7EB7C5F411106C622C426C24AC030
:10F3400099C703A8C70113141801634004080327D1
:10F35000070825CF3684B2842E8909ED81EB494513
:10F36000B24022449244024941018280EFB08FFEB4
:10F370000145FDB78546E314D5FEB9E30297AA8798
:10F3800031C91147A3060504231BE500231CE50032
:10F3900083C6B7000547E384E6FC95C8239C970223
:10F3A000239D870201C41E04E3DB84FA238927011D
:10F3B0002244B2409244024903A3870641010283DA
:10F3C000D84F93161701E3D506FC314551BF23AC46
:10F3D0000702E9BF0D4569B7011106CE2EC632C43A
:10F3E00036C23AC0EF50E01D3DCD83284505AA87BF
:10F3F000314513F8082063150806B2451778FE1F3B
:10F40000034858E34545636DB80403C8C70A22465C
:10F410003358C84013781800630408041775FE1F9A
:10F420001305C5DC0328850D45451317C80063592E
:10F43000070202471778FE1F0348C8DF6362E8022D
:10F4400092462387C70AA386B70AA387D70A11E281
:10F45000014793E808102388E70A23AA1705014506
:10F46000F2400561828013052004DDBF011106CE44
:10F470002EC6EF5000151307200401CD7C493147FB
:10F4800093F6270099C6B24589C993E707207CC93E
:10F490000147F2403A850561828093F7F7DFC5BFE7
:10F4A000011126CA4AC84EC606CE22CC2E89B28980
:10F4B000B684EF70B04F4DC1639D0900854723832B
:10F4C000F1BC0145F2406244D2444249B24905616F
:10F4D000828003C761BC85472A846315F7002383B4
:10F4E00001BC09494165130545F5EF70104E39C55A
:10F4F0008347A5002315F5008327841185EF232C6E
:10F50000A410232EA410930710F8F9142316350124
:10F510002304250144C123200500A304F5008347EB
:10F52000940285450145B395F500C205C181EFB050
:10F53000DEA541BF8327C41188C3E1B79777FE1FBB
:10F540009387C79E9C5B1D45B5DF956505459385F3
:10F55000555582971D45BDB70945ADB76F807FDE14
:10F560006F80BFE26F807FE76F80DFEC6F80BFF25C
:10F570006F807FFF6F80BFF66F805FFA82806F9031
:10F580008F82034301001AC06F802FF26F808FFEBD
:10F590006F805F846F807F8A6F807F906F803F96DF
:10F5A0006F801F9A03530100035E4100834E810068
:10F5B0001AC072C276C46F80BF9E6F80FFB06F802A
:10F5C0003FB66F80BFBF6F807FC36F80DFC66F8025
:10F5D0001FCC6F809FD282808280130705038357E0
:10F5E0000500110593C7F7FF231EF5FE8347E5FFCE
:10F5F00093C7F7FF230FF5FEE313E5FE82809947DB
:10F600003305F50201110A86C14506CE1305050230
:10F610001375E50FEFC0EECC11E50345C100F240D4
:10F62000056182800145E5BF411122C426C24AC05E
:10F6300006C6814401441389C1BC83C711BD6369F7
:10F64000F400B2402244268502499244410182805E
:10F65000832709001315440019469305F00F3E95C2
:10F660009720FE1FE780E0BA01E5850493F4F40FCC
:10F6700005041374F40FD1B79387C1BF884305C144
:10F68000411106C6EFB0AED723AE01BE938711BDC0
:10F6900083C70700B240A384F1BC410182809387F5
:10F6A00011BD83C70700A384F1BC82805971A6D223
:10F6B00086D6A2D4CAD083C791BCAA84639EA70071
:10F6C000854503C521BDEFB0FE8E894503C521BD2B
:10F6D000EFB05E8EEFF05FFA1949338924035000D2
:10F6E000C1451379F90F130409021374F40F22852D
:10F6F000EFC02EBF09C901442285B6502654965446
:10F7000006596561828019469305F00F48009720DD
:10F71000FE1FE78000B065F1480041469305F00FF9
:10F720009720FE1FE780C0A4480871469305F00F9C
:10F730009720FE1FE780C0A3081813060003930557
:10F74000F00F9720FE1FE780A0A25000C145228540
:10F75000EFC0EEE72A84130519025008F14513752E
:10F76000F50FEFC0CEE6498C130529025008F1458C
:10F770001375E50FEFC0AEE51374F40F498C130554
:10F7800039025008C1451375F50FEFC04EE41374EC
:10F79000F40F498C130549025008C1451375E50F54
:10F7A000EFC0EEE21374F40F498C130559025008B0
:10F7B00091451375F50FEFC08EE11374F40F498C6A
:10F7C000138504071018930500031375F50FEFC098
:10F7D0000EE01374F40F498C03C5418A1374F40FBF
:10F7E000EFC04ED911BF411122C406C601450144E4
:10F7F00083C711BD6373F40009C5B24022444101BF
:10F80000828022850504EFF07FEA1374F40FCDB7F0
:10F81000411122C426C206C64AC00144EF904F815E
:10F820009384C1BC83C711BD6368F400B240224415
:10F8300092440249410182808840131944001946CC
:10F840009305F00F4A959720FE1FE780809C19E5ED
:10F850008C40CA9503C5F500EF80DFFD05041374E5
:10F86000F40FC9B7397122DC26DA4ED606DE4AD843
:10F870000144EF803FFF9384C1BC994983C711BD08
:10F880006369F400F2506254D2544259B259216172
:10F89000828088401319440019469305F00F4A9559
:10F8A0009720FE1FE780E09605E9330534030A86BA
:10F8B000C145130535021375F50FEFC08EA2100870
:10F8C000C1450945EFC0EEA18C4014080A86CA95CF
:10F8D00003C5F500EF80DFF805041374F40F79BF5A
:10F8E000011106CEEFF05FD40547A9476373A70067
:10F8F00089471306F10085451545A307F100EF0080
:10F900002FDEF24005618280011122CC26CA4EC64C
:10F9100006CE4AC801449384C1BC994983C711BD2E
:10F920006366F402EFF05FD083C781BC99C3EFF048
:10F930003FEE83C771BC99C3EFF0DFF26244F2403F
:10F94000D2444249B24905616FF09FF9330534034F
:10F95000904013194400C1454A96130505021375DA
:10F96000E50FEFC00E9805C9884019469305F00FC2
:10F970004A959710FE1FE780A07F8840194693059F
:10F98000F00F4A9519059710FE1FE780607E9C4096
:10F990003E992316090005041374F40F41B703556B
:10F9A000250083C521BD6F00DFF6397122DC1944C3
:10F9B0003384850226DA4AD806DEA147AA84328932
:10F9C0001374F40F639AF6041304240271468145FC
:10F9D00048081374F40F3AC69710FE1FE780407969
:10F9E0005008F1452285EFC0CE8F0DE18347E1023B
:10F9F000A5463247E51793F7F70F63E9F600BA8695
:10FA00005008937519002685EFD04EB2F25062541B
:10FA1000D2544259216182801304140245BF797186
:10FA200022D426D24AD0AE842A8932848145130654
:10FA300000020A8506D69710FE1FE7806073938741
:10FA4000918A83C7070023102101230EF1008357F9
:10FA500081015DC41387A1BE03470700F99B41469E
:10FA60002302E1001387C1BE034707009765FE1F0D
:10FA70009385857213056100A302E10003C7B1BE3F
:10FA800093761700D58FF59B93762700D58FED9B46
:10FA900093764700D58F9316470093F6061093F799
:10FAA000F7EFD58F9316470093F6062093F7F7DF0D
:10FAB000D58F12071377074093F7F7BFD98F231C11
:10FAC000F1009710FE1FE780206783C791BE13F7F0
:10FAD000170001CB99C40357810113672700231C2A
:10FAE000E10003476101A2850A85D98F230BF1004C
:10FAF000EFD0EE95B2502254925402594561828063
:10FB00001387E1BD03470700F99B41462302E1004B
:10FB1000138701BE034707009765FE1F9385C566DF
:10FB200013056100A302E10003C7F1BD937617003E
:10FB3000D58FF59B93762700D58FED9B9376470065
:10FB4000D58F9316470093F6061093F7F7EFD58FEE
:10FB50009316470093F6062093F7F7DFD58F120729
:10FB60001377074093F7F7BFD98F231CF100971045
:10FB7000FE1FE780605C83C7D1BD91BF411122C4E5
:10FB800026C24AC006C6AA8401441389C1BC83C7E1
:10FB900011BD636AF4003E842285B240224492443F
:10FBA0000249410182808327090013154400194648
:10FBB000A6853E959710FE1FE780006171FD050444
:10FBC0001374F40FE9B75D71A2C41384C1BF1C4064
:10FBD000CAC04EDE86C6A6C252DC2A89AE89A1EB17
:10FBE00019E10545D9A0F5DDEFF05FF9A384A1BCCB
:10FBF00083C711BD636DF5028144138AC1BC0DA09A
:10FC000083270A001395440019469305F00F3E958B
:10FC10009710FE1FE780E05F09E9850493F4F40F75
:10FC200083C711BDE3EEF4FCBE84A38491BC138AA8
:10FC300091BC03C591BC83C711BDD284E373F5FAAF
:10FC40001C40A5EF99473305F5024A86C1451305C7
:10FC500005021375E50FEFC08E9713060003930599
:10FC6000F00F0A859710FE1FE780805003450A00B9
:10FC70000A8693050003130505071375F50FEFC0FA
:10FC80000E951387C1BC084383C791BC92073E956C
:10FC90004146CA859710FE1FE780004A23AE31BF58
:10FCA00003C5418AEFC00E8D0145B64026449644F7
:10FCB0000649F259625A616182809047814719CEA4
:10FCC00099473305F502F145130515021375F50F34
:10FCD000EFC0EE8F1C4023A4070085471840104B4F
:10FCE0000DC203C504009947F1453305F50213051C
:10FCF00025021375E50FEFC08E8D1C4023A8070069
:10FD000085471840504B0DC203C504009947C145B3
:10FD10003305F502130535021375F50FEFC02E8B71
:10FD20001C4023AA07008547184050471DCE03C535
:10FD300004001949C1453305250313054502137510
:10FD4000E50FEFC0CE8803C504001C409145330584
:10FD50002503D0474106130555021375F50FEFC073
:10FD60000E871C4023A6070025BF9DFB83C781BCCF
:10FD700099C3EFF0FFA983C771BC99C3EFF09FAEA1
:10FD8000EFF01FB6B9BD011122CC06CE26CA83C73B
:10FD900011BD09446378F50295C599473305F5020D
:10FDA000AE840A86C145130505021375E50FEFB051
:10FDB0005ED32A8401E919468A8526859710FE1F9D
:10FDC000E78080372285F2406244D2440561828018
:10FDD000011122CC06CE2A842EC632C4EF40CFFDBC
:10FDE00005C90347C500A1472246B245631FF70076
:10FDF000938741C09C4389CF03A34700630A030054
:10FE000022856244F24005610283938781C0DDB799
:10FE1000F240624405618280011122CC194433040E
:10FE2000850226CA0A86AE84C14506CE13040402A2
:10FE30001374F40F2285EFB0DECA01C98144F24089
:10FE400062442685D2440561828019469305F00FED
:10FE50000A859710FE1FE780C03B6DF10357C10074
:10FE60009377D70F89C49377F70F93E72700C207DB
:10FE7000C1838544E305F7FC0A86C1452285231624
:10FE8000F100EFB0DEF403C5418AEFB0BEEE45BF2E
:10FE90005D71A2C42A8419453305A402A6C2CAC052
:10FEA000B2842E890A86C14586C6130505021375DC
:10FEB000E50FEFB01EC301C90145B6402644964484
:10FEC00006496161828019469305F00F0A859710F3
:10FED000FE1FE78000346DF1130404071374F40F60
:10FEE0001008930500032285EFB0BEBF19C1054578
:10FEF000E9B70808EFF06FEE631409041306000376
:10FF0000814508089710FE1FE780A0306DF11306A9
:10FF10000003814508089710FE1FE780602585478C
:10FF20000808238AF1BEEFF04FEB10089305000399
:10FF30002285EFB0DEE903C5418AEFB0BEE345BFDD
:10FF40001C089000BE8683D5060036876381250392
:10FF50009106E39AC6FE0145ADD083D607003E87E1
:10FF600089C69107E31BF6FE81BF239027018347D3
:10FF70002700E38E97F623019700D5F023100700A2
:10FF800079BF1765FE1F034545FB0111FD5793051A
:10FF9000200412052389F1BC06CE22CC26CA4AC809
:10FFA0004EC6A38801BC23A601BC9720FE1FE78094
:10FFB000800C23A6A1BC15C59769FE1F938909F77C
:10FFC00083C7E90001449384C1BCA388F1BC83C703
:10FFD00011BD6361F40C83A78900638C070E238431
:10FFE00001BE938711BD83C7070005444146814583
:10FFF0001765FE1F1305451AA384F1BC2385818A6A
:020000022000DC
:1000000023AE01BE238501BE238601BE9710FE1FCD
:10001000E780001693047007414681451765FE1F6F
:1000200013058516A38591BEA383818AA38401BE8F
:1000300023A801BEA38E01BC238F01BC238001BE77
:100040009710FE1FE780C012A38F91BC23A201BEB0
:10005000238E01BC9547A382F18AC147A384F18A0C
:10006000238A01BE89472383F18AF2402382818A51
:10007000A385818A2384818A624423A401C023A2A8
:1000800001C0238401BC238801BCD2444249B24947
:100090000561828088401319440019469305F00FCA
:1000A0004A959710FE1FE780A00C884019469305DB
:1000B000F00F4A9519059710FE1FE780600B9C40D2
:1000C00005041374F40FCA972396070023870700CB
:1000D000FDBD930700F82384F1BE21B71971A2DC9E
:1000E000A6DACAD886DECED613040002814413896C
:1000F000C1BC83C711BD63E3F40203C5418AEFB0FD
:100100007EC7938711BD83C70700F6506654A3844A
:10011000F1BCD6544659B6590961828003250900BD
:100120009399440019469305F00F4E959710FE1FC2
:10013000E78000040325090019469305F00F4E954A
:1001400019059710FE1FE780A0028327090041468A
:100150009305F00FCE9723960700238707004800EA
:100160009710FE1FE780C00071469305F00F480806
:100170009710FE1FE780C0FF130600039305F00FE2
:1001800008189710FE1FE780A0FE5000C145228589
:10019000EFB0FEC3130514005008F1451375F50FB9
:1001A000EFB0FEC2130524005008F1451375F50F9A
:1001B000EFB0FEC1130534005008C1451375F50FAB
:1001C000EFB0FEC0130544005008C1451375F50F8C
:1001D000EFB0FEBF13055400500891451375F50F9D
:1001E000EFB0FEBE138504071018930500031375C6
:1001F000F50F85041904EFB09EBD93F4F40F13744A
:10020000F40FC5BD930705C04111C20722C406C63D
:10021000C183130720022E846361F70E17D70000F5
:10022000130747D88A07BA979C43BA978287938760
:10023000A18A83C707002300F4002DA083C791BEC5
:1002400089870DA89387A1BEEDB79387C1BED5B7A7
:1002500041469765FE1F938525F422859710FE1F62
:10026000E78080ED8147B24022443E854101828093
:1002700083C791BE858BC1B79387B1BE5DBF93879E
:1002800001BF9C431CC0F9BF9387718A5DB783C7C8
:10029000D1BD7DB79387E1BD69BF938701BE51BFD3
:1002A00041469765FE1F938525EE45BF83C7D1BDA7
:1002B000D1B79387F1BDB5BF938741BED9B79387B7
:1002C000C1BD85BF9387518AADB79387918A95B792
:1002D000938781BCB9BF938771BCA1BFEFF0CFB446
:1002E0002300A40041B783C7818AB1B783C791BEF9
:1002F0008D8749B783C7D1BDE5BF13072004894760
:10030000E363A7F6EFC03EAD2310A400A1BF011127
:1003100006CE22CC26CA4AC84EC6EFC07EF735EDBF
:1003200003C701BD85472A84630CF7029384C1BCCF
:10033000854983C711BD6371F404984013194400C3
:100340004A978347E700639937012285EFF00FB69C
:100350009C40CA972387070005041374F40FD1BF8C
:10036000EFF06FC8238801BC9387C1BC9C4303C7CF
:1003700011BDB907631CE400EFB05ED26244F240E5
:10038000D2444249B24905616FF00FD80504238079
:1003900007001374F40FC107F1BFF2406244D24466
:1003A0004249B24905618280797126D24AD006D687
:1003B00022D44ECE89472E89B2846308F506636F36
:1003C000F5008D476301F50C03C411BD2285B250C1
:1003D000225492540259F249456182802E85EFF0F1
:1003E000EFF983C711BD2A84E372F5FEE5D0194603
:1003F000CA8526859710FE1FE78000D4C1BF83A75A
:1004000009001315440019463E95CA851905971031
:10041000FE1FE78060DB31ED05041374F40F83C722
:1004200011BDE36EF4FC3E8455B701449389C1BC11
:10043000FDB705041374F40F83C711BDE375F4FE13
:10044000330534030A86C145130535021375F50FCC
:10045000EFB02EE979FD41469305F00F0A8597101C
:10046000FE1FE78000DB71F5CA850A85EFC09E9EFE
:1004700069F183C711BDE37BF4F4A9D8A685228571
:10048000EFF07F90A1B7014499497DB7797126D2E9
:1004900006D622D4AA8402CC231E0100EF40CF91BD
:1004A00005CD03C7718A89476308F7029305650084
:1004B0002A84034555003008EFF01FEF83C711BDB4
:1004C0006371F5022AC6EFF08F93B2452A8605477D
:1004D000A1462685EFF06FCDB2502254925445616B
:1004E000828083C7718A91E795452685EFC0BED784
:1004F000E5B70547E392E7FE8345540001462685AC
:10050000EFF0EFD1D1BF4111C1674AC006C622C486
:1005100026C2FD172E896309F506EF40EF892A846C
:10052000D14421CD93056500034555000146D544CE
:10053000EFF09FE783C711BD6376F500CA85EFF042
:10054000BF8D8144630B09022285EFF04FC535A0B2
:10055000CA852285EFF05F8C11C1814405041374B4
:10056000F40F83C711BDE365F4FE6308090017F5B6
:10057000FFFF13050543EF400FACB2402244268530
:1005800002499244410182800144D544D9BF0111FE
:10059000C1674AC84EC606CE22CC26CAFD172E8990
:1005A000B289630EF504EF402F81D14429C1930530
:1005B0006500034555000146D544EFF0FFDE83C7D3
:1005C00011BD6376F5024E86CA85EFF07F8C8144BB
:1005D00039A84E86CA852285EFF09F8B11C18144D0
:1005E00005041374F40F83C711BDE364F4FEF240F5
:1005F000624426854249D244B24905618280014461
:10060000D544D5B7411122C4138421BD83450400CC
:1006100023A4A1C0614506C6EFC0BED003450400B7
:100620002244B24041016F107FE6411106C622C448
:1006300026C29DE9AA85AA8437450F001305052423
:100640003375A602EFC02EFB2A8409C99307E00F79
:100650006306F50085452685EFC0FEC02285B240C1
:100660002244924441018280EFC0FEBF0144FDB7A5
:100670001387A18A8347070083C591BE93E707F8D4
:100680002300F7006FC0FEB25971A6D2B2845000A9
:10069000A2D4D2CC86D6CAD0CECE2A84368A02C282
:1006A00023140100EFF05FD083C711BD6377F50E0F
:1006B0002A89EFE0DFF49147AA896319FA0C03C78E
:1006C000A18A791713371700914619443304890218
:1006D0004E86CA852685EFF04FAD514681456800AC
:1006E0009710FE1FE780C0A870001374F40F130565
:1006F0004402C1451375E50FEFB0AEBE05E94146B2
:100700009305F00F68009710FE1FE78080B019ED89
:1007100013055402700891451375F50FEFB06EBCC8
:10072000700093F519002685EFC05EAD130509072B
:100730001010930500031375F50FEFB08EBA15E195
:100740000810EFE09FE9001013090105835504002C
:1007500091C5034624002685EF00DF8B1104E317C3
:1007600089FE93F929006387090083C521BD268589
:10077000EF002F9A91476314FA0403C7A18A8947AF
:10078000631FF7022685EFF0BFEE15A803C7718A35
:10079000791713371700D2860DBFA147E31CFAFC67
:1007A00003C7718A8947631CF7000146A285268525
:1007B000EFF0EFA6014681452685EFF06FE1B650D8
:1007C000265496540659F649664A01456561828069
:1007D000011106CE2AC6EFF0CFFA3245F240238946
:1007E000A1BC05616FF04F921D7186CEA2CCA6CA46
:1007F000CAC8CEC6D2C4EF80EF8683C7B18A89CB80
:1008000001441389C1BC194A83C711BD636AF4004E
:10081000F6406644D6444649B649264A2561828058
:10082000032509009319440019469305F00F4E95CE
:100830009710FE1FE780E09D31E9B3044403501098
:10084000F14593F4F40F138514021375F50FEFB00F
:100850004EA90DED0347F1039307F00F6318F7025C
:10086000138534025000C1451375F50FEFB06EA724
:100870005008C1450945EFB0CEA6832509005408AC
:100880005000CE9503C5F500EF709FFD050413746D
:10089000F40F9DBF930705C05D71C207A6C2CAC011
:1008A00086C6A2C44EDE52DCC183130720022A8909
:1008B000B284636EF74E17C70000130767778A0785
:1008C000BA979C43BA97828785476384F500614451
:1008D00009A8834706000947E36BF7FE2385F18AE1
:1008E00001442285B640264496440649F259625A8C
:1008F000616182808547E39CF5FC03470600E3E8DD
:10090000E5FC83C791BE11C793E74700A384F1BEFE
:10091000C1BFED9BE5BF8547E39BF5FA8347060022
:100920001147E366F7FA2385F1BE5DBF8547E39083
:10093000F5FA83470600E3ECF5F82386F1BE4DB7E0
:10094000C147E396F5F84146A6851765FE1F1305D6
:10095000A5849700FE1FE780207E59B78547E3985E
:10096000F5F603470600E3E4E5F683C791BE01C749
:1009700093E7170061BFF99B51BF8547E399F5F4F1
:1009800083470600A385F1BEA1BF9147E391F5F42B
:100990001842B7470F009387F723E3EAE7F223A84B
:1009A000E1BE3DBF8547E394F5F283470600094762
:1009B000E36FF7F0A383F18A25B78547E399F5F054
:1009C00003470600E3E5E5F083C7D1BD11C793E710
:1009D0004700A38EF1BC29B7ED9BE5BF8547E3989F
:1009E000F5EE834706001147E363F7EE238FF1BC72
:1009F000C5BD8547E39DF5EC83470600E3E9F5ECCB
:100A00002380F1BEF1BDC147E393F5EC4146A685D5
:100A10001755FE1F130545772DBF8547E399F5EA66
:100A200003470600E3E5E5EA83C7D1BD01C793E7C5
:100A3000170045B7F99B71BF8547E39AF5E88347EF
:100A40000600A38FF1BC69BD9147E392F5E8184217
:100A5000B7470F009387F723E3EBE7E623A2E1BE56
:100A600041B5E39605E6EFC0BE8201E9EFE0BFD7EE
:100A7000EFB0CEE2EFE05FE9A5B585472388F1BC92
:100A800085B59D47E395F5E4938514001946680004
:100A90009700FE1FE780406A03C5040050086C0001
:100AA000EFF09F9083C711BDAA840944E37BF5E270
:100AB0004808EF303FB909E52685EFE03FBF4DBF5D
:100AC0009387C1BC9C4392045944BE9485472387B5
:100AD000F40001BD9D476391F50A19469385140002
:100AE00068009700FE1FE780206503C504000146EB
:100AF0006C00EFF07F8B83C711BD6377F5049944D9
:100B0000B30495025008F1459384140293F4F40F52
:100B10002685EFA01EFD2A8415E51307A041854711
:100B20006304E9009307F00F5008F1452685A307F9
:100B3000F102EFB0CEA903C5418AEFB0AEA3EFF04A
:100B4000BFCA45B30944E5BF83C781BE0944E38AF0
:100B500007D81307A04183C7B1BD631BE90093E722
:100B60001700A38DF1BC1D46A685138541BDD5B3E5
:100B7000F99BA38DF1BCADB38547E39AF5D4130778
:100B8000A04183C7B1BD6315E50093E72700D5B742
:100B9000F59BC5B7A385018AEFF01FC591B38547C3
:100BA000A385F18A014419499309F00F7D5A83C73F
:100BB00011BDE373F4FEB30424035008F14593849C
:100BC000140293F4F40F2685EFA0BEF105E18347EC
:100BD000F102638D37015008F1452685A3074103D3
:100BE000EFB0EE9E03C5418AEFB0CE9805041374B2
:100BF000F40F75BF8547E39CF5CC83470600E3E817
:100C0000F5CC238EF1BCE9B98547E392F5CC834757
:100C100006002547E36DF7CAA382F18AD1B1854763
:100C2000E397F5CA03470600A546930797FF93F796
:100C3000F70FE3EEF6C8A384E18A5DB18547E39838
:100C4000F5C88347060003C781BC01442384F1BC77
:100C5000E31907C8E397B7C8EFE01FCB59B1854741
:100C6000E397F5C68347060003C771BCA383F1BCB5
:100C700009E76394B700EFE03FC903C571BCEF70AB
:100C8000BFBEB9B98547E394F5C4834706000D4755
:100C9000E36FF7C22383F18AA1B18547E399F5C2D7
:100CA000834706002382F18A25B90545EFB08E8C73
:100CB00005B98547E39DF5C0834706002384F18A83
:100CC00005B193074002E394F5C003C51400014643
:100CD00093852400EFF04FED83C711BDE379F5BE96
:100CE00019443304850203C70400A1471374F40FA9
:100CF000631FF702130424021374F40F5008F14524
:100D00002285EFA01EDEE31405BC9385840048080D
:100D10006D469700FE1FE78020425008F14522856E
:100D2000EFB0EE8A03C5418AEFB0CE844DB613040E
:100D30001402D9B71757FE1F0357472093074004E3
:100D40006D44E3F0E7BA8547E393F5B883470600BF
:100D5000E3EFF5B681CF938701C09C435544E3820E
:100D600007B883C791BE93E787004DB683C791BE8E
:100D700093F7770F61BE1757FE1F0357271C930782
:100D800040046D44E3FFE7B48547E392F5B483473D
:100D90000600E3EEF5B2F9DB938701C09C435544AE
:100DA000E38107B483C7D1BD93E787001DB19307E3
:100DB00020040944E3E727B3E39585B283D5040013
:100DC0004A85EFC00ED62A8429BE797106D622D470
:100DD00026D24AD0834725005147E91793F7F70FEA
:100DE000636BF70217C700001307472D8A07BA97EE
:100DF0009C432A84BA9782878354A5000346C50082
:100E00008346D500268532C636C4EF30EFFAAA876E
:100E1000A246324619E1854425A203C7C700A1476F
:100E200013053400631AF702938741C09C43A685DB
:100E300089C79C4399C38297F9BF938741BE884372
:100E4000EFB07EFB69D99307E00FE306F5FC85451B
:100E50002685EFC04EC1C1B7938781C09C43A6854C
:100E600099C39C43E9FB938701BFD1BF8355A5007C
:100E70002E852EC4EF304FF4AA8751DD03C7C7007B
:100E8000A147130534001306C4009306C401A2450C
:100E9000631AF700938741C09C43B5DF9C47A5DFE9
:100EA000829795BF938781C0C5BF83471500D5EF53
:100EB00083476500858BD5CB9387C1BF9C43014990
:100EC000D5E78145414608089700FE1FE780402A84
:100ED0004C48B5CD83C765011946C105A30FF10084
:100EE00008089700FE1FE78020258347640003570A
:100EF000C1018987858BD98F231EF100EFE0CFF2E6
:100F000083C711BD6390A70283C7818A99C3EFF09D
:100F1000EF9C9757FE1F938767019C5B81C78545B0
:100F200021458297EFE04FF0A2850808EFE0BFC9A6
:100F3000AA84554905ED894503C521BDEFA0EE847E
:100F4000B25022542685025992544561828003553D
:100F500044008544EF304FE665D583475500194678
:100F600093056500A30FF100A5BF014903461400D6
:100F7000035544008545EFE0BFE5E30E09E84A86E6
:100F80008D4503554400EFE0BFE471B503471500FC
:100F90009947631AF70203554500EF30EFE1AA8441
:100FA0001DC183C7618A09476389E7020D476380D2
:100FB000E70205476399E700834555000355440060
:100FC0000146EFE0DFA50346140089455DBF0146F9
:100FD000814513050041EFF0FF8B8355440003C5A5
:100FE00004001546EFC00EABF9BF9305450003455D
:100FF00035000146EFF04FBB83C711BDE37DF5E03F
:1010000099473305F5021306C400914513055502AF
:101010001375F50FEFA0BEDB03C5418AEFA09ED587
:10102000DDBB83C7C1BD0355450081C783C5518A58
:101030000DB583C7A18A99E3954521BDEF30CFD780
:10104000AA84E30A05DC8347A400858B85CB03458E
:101050005500854763F4A7028357C40093F7072020
:1010600091EF100893856400EFF00FB483C711BDB2
:101070006396A7008D4503554400E1BB83C554002A
:101080000355440013068400EFE07F990146814533
:10109000CDBD03554500EFF06FBFB5BB035545000F
:1010A000EFF0EFA683C7A18A93F7F7072385F18AAC
:1010B0009DB379719397050122D406D626D24AD0E2
:1010C0004ECEC1872E8463DE070803C521BDEF9095
:1010D0003EBAAA8431C5834705001307100B638B02
:1010E000E7041307000D6387E7021307000B6396FD
:1010F000E70203474500F9476317F700035525004A
:101100008145EFF04FC083C5440013858400EFF0A4
:101110000EBE21A0EFF07FCB01C52685EF903EAE3D
:10112000A164A18CB2502254268502599254F249EE
:101130004561828083474500EDF303568500835562
:10114000650003552500238A01BEEFF04FC483C715
:1011500041BFE1D703C5418A238A01BEEFA09EC1EA
:101160006DBF93F7250085C381450145EFE0BFA51D
:101170009344240083C721BD854511E189453E85FF
:10118000EF90BEE045B793F715006384070C138911
:10119000C1BF83270900938481BF83D947009C4046
:1011A00099EFC1651387C1C0894617C600001306B1
:1011B000E632FD150545EF00EF8D23ACA1BE8C4056
:1011C000134414009DE9832709000146854503D592
:1011D000470093140401C180EFE09FBF83270900FB
:1011E00001468D4503D54700EFE09FBE03C5418A08
:1011F000EFA05EB8EFE04FC835B79308F00F09488D
:1012000081471307E100740003D6C1C04E85EF008B
:10121000AFDE11ED0346D1008347C10022065D8E8B
:1012200019C69C404E8583D5A700EFF04FB6884085
:10123000C165814603D6C1C0FD15EF00CFCF931421
:10124000040123ACA1BEC1803DDD854503C521BDA0
:1012500005BF93F745008144E38607EC93C445003E
:10126000D1B503472500F14763E4E72A17C600001C
:10127000130606EA93162700B2969C42411122C437
:1012800006C626C2B2972A84828783471500C5E71F
:1012900041469755FE1F938525F21755FE1F1305EE
:1012A000A5F09700FE1FE78020F23DE51756FE1FD0
:1012B000130686EFC1450945EFA07EB11756FE1F04
:1012C000130686F1C1450D45EFA07EB003C5418AE6
:1012D000EFA05EAA930534001385C1C2194697009A
:1012E000FE1FE78060E58547854503C5B1C223AC95
:1012F000F1C2EF909EC9938781C38843938701C150
:101300009C43ADC703A3070063020306A2852244E2
:10131000B24092444101028341469755FE1F938596
:10132000A5EA1755FE1F130525EB9700FE1FE78062
:10133000A0E92DDD45B7994723ACF1C26DBF034746
:1013400015008347350039E309476396E702938721
:1013500081C39C438145014593F7F7F093E707026A
:1013600023ACF1C2EFD0FEFBA300A400B2402244A4
:101370009244410182800547814501456395E7001C
:10138000EFD01EEAD5B7EFD09ED9F9BF0947E38F5A
:10139000E7FC938781C3884341991365650023ACBB
:1013A000A1C2A9BF83471500938481C3BDE38D47C4
:1013B0006315F70483C7A1C2139787016187635B35
:1013C000070093F7F707894503C5B1C22385F1C22A
:1013D000EF90BEBB9C40914613F7F7006318D7000F
:1013E000C19B93E7570023ACF1C285A08946E30F68
:1013F000D7F6C19B93E72700FDB79840A38F01C0A4
:101400009546937707FF3D8B6319D70493E7470011
:10141000D9BF9C40C19B93E76700F1B7138781C395
:101420001C4383461500BA84C19B95E293E74700AD
:1014300023ACF1C20356A5009305450003453500D2
:101440009146EFF06FA4A38F01C0884045BD1307FC
:101450001003E392E6FCA38F01C093E7370061B766
:10146000EFF0BF96938781C39C43154793F6F7002F
:10147000C19B13E53700E394E6F213E5270005B7B7
:10148000938681C39C4203461500B68493F7F7F018
:1014900031E2CD46631BD70293E7070123ACF1C2CB
:1014A00083C721C2139787016187635B070093F7A6
:1014B000F707914503C5B1C22381F1C2EF90FEAC9D
:1014C0009C40370500015D8D15BD93E7070223ACF5
:1014D000F1C2FDB793E70703DDBF938681C39C424A
:1014E0007D761306F60FF18F0346150019EE6D4653
:1014F000631AC70093E7071023ACF1C29C4237057B
:101500000002D1B793E70720C5BF93E70730EDB7D7
:10151000828003470500930610096307D7009307ED
:10152000000D6305F70482808346150039476391F7
:10153000E60483564500056713075740639AE602A1
:1015400018459307F007830537006383F5029387F7
:1015500001C19C4391CF03A34700630B0300834762
:10156000270003451700A2075D8D02836FF07FCF30
:10157000828001119397050126CA06CE22CCC1872D
:10158000AE8463D5070C03C5B1C2EF906EEE2A841A
:1015900009C983C731C289EFEFF0BFF72285EF9009
:1015A0000EE62165258DF2406244D24405618280B9
:1015B000834705001307000D639EE704834725005A
:1015C00081E7EFF01FF509A81547639DE700034782
:1015D000C500A147E392E7FCA28503C541C1EF9096
:1015E000AEEFC1B72147E38EE7FC99466395D7007C
:1015F00083477500C5B71D47E390E7FA03554500DB
:10160000EF209FFB41DD0347C500A1472285E3157D
:10161000F7F8D9B71307200AE380E7F81307100992
:10162000E391E7FA03471500B947E31CF7F80357BE
:101630004500856793875740E315F7F818458347BA
:10164000270003451700A2075D8D5DBF9397150125
:1016500063DE0700138641C391451145EFA02EF7C5
:1016600003C5418AEFA00EF111652DBF93F7150058
:10167000D9CB83C7F1C1B9CFEF304FA19757FE1F28
:1016800083C7378C8D8B636AF5048D472302F10085
:10169000938761C183C707004C0003C5B1C223060D
:1016A000F100938711C283C70700A306F100EFD0B2
:1016B0006EF20DC1938781C388434199136565001C
:1016C00023ACA1C2938701C19C4389C79C4399C3A2
:1016D0008145829713C51400F9B5938701C283C76A
:1016E00007001946938581C12302F1009387E1C168
:1016F00083C7070013056100A302F1009700FE1FD6
:10170000E78080A371B793F7250085CF83C7A1C277
:10171000858B8DC703C5B1C2EFD0FE9A05C19387F3
:1017200081C388431375F5F023ACA1C2938701C12F
:101730009C4389C79C4399C38145829713C5240064
:101740009DB593F745000145E38F07E483C721C2A8
:101750009DC703C5B1C2EFD03E9A15C1938781C31F
:101760008843FD779387F70F7D8D23ACA1C29387C4
:1017700001C19C4389C79C4399C38145829713C586
:10178000440015B5797122D426D206D6AA842EC675
:10179000328436C43AC23EC0EF201FE239C5035836
:1017A000E500B24582471247A246636DB800636BFD
:1017B0000401035605016317D60003562501614550
:1017C0006300E602231CB1003E862C082685231DFB
:1017D0008100231ED100231FE100EF209FCD014592
:1017E000B25022549254456182805145D5BF0111B7
:1017F00006CE9757FE1FA385A79291C52E8532C6A8
:10180000EFE05FE03246938781C39C4385EB19C2CA
:1018100023A8C1C0F24003C651C183C521C303C57B
:10182000B1C2938741C31757FE1F1307E79A975614
:10183000FE1F9386669705616FE0AEFEF240454558
:10184000056182809747FE1F83C7B76F8D8B81EB41
:10185000614582806145B24022444101828041114C
:1018600022C406C603C4B1C29307F00FE314F4FE0A
:1018700017050000130525D0EF90DECDA385A1C28A
:10188000E30A85FC23A801C023AC01C29147238948
:10189000F1C2EFB08EDB414681451755FE1F13059F
:1018A000A5909700FE1FE780A08C41468145175503
:1018B000FE1F130565929700FE1FE780608B23AA29
:1018C00001C2238001C2238F01C09D471756FE1F0E
:1018D0001306868DC1450945238BF1C0A38001C243
:1018E000EFA02EA01756FE1F1306068FC1450D450B
:1018F000EFA02E9F41469755FE1F9385E58A175509
:10190000FE1F1305658B9700FE1FE780E0824146AE
:101910009755FE1F9385458C1755FE1F1305C58AE5
:101920009700FE1FE7804081138641C39145114512
:10193000EFA02E9B014505B7FD57A385F1C21747C0
:10194000FE1F1307A77DA302F7002303F7002389D7
:1019500001C20547A38FE1C023AA01C219472393FF
:10196000E1C20567130707C82392E1C2238AF1C0C9
:101970009D47A38A01C0A38101C2A384F1C223842D
:10198000F1C219468145138581C117F3FD1F670018
:10199000237E930705D04111C20722C406C6C18326
:1019A0005D472E84636BF70C17B700001307877D24
:1019B0008A07BA979C43BA97828783C721C32300BB
:1019C000F40035A041469745FE1F9385E57D2285AD
:1019D00097F0FD1FE780407619A841469745FE1F06
:1019E0009385857FEDB7938741C39C439CC1814715
:1019F000B24022443E854101828019469385C1C28E
:101A0000F9B783C7F1C165BF2E85EFD0FE9DC5B77D
:101A10002E85EFD0DE9FE1BF83C701C24DB783C7DC
:101A2000E1C171BF1946938581C155B783C761C1B3
:101A300079B783C711C261B7938781C39C4341B70C
:101A400083C751C1ADBF83D761C22310F40045B72E
:101A500083D741C2DDBF83C791C295B783C781C217
:101A6000B9BF2E85EFD0FE9D59B783C7A1C293F7AA
:101A7000F707B1B783C721C299B713072004894775
:101A8000E368A7F6EFB02EB52310A4008DB7930737
:101A9000F5CFC207AE86C183D9452A8763E6F5280C
:101AA00017B80000130808748A07C2979C434111B5
:101AB00006C6C297B285368582874147E147639E55
:101AC000E60241461745FE1F1305056E97F0FD1F00
:101AD000E780806615A04147E1476390E6024146F2
:101AE0001745FE1F1305456FD5B71147E1476396AC
:101AF000E6001C4223AAF1C28147B2403E85410163
:101B000082800547E147E39AE6FE0347060083C764
:101B1000F1C1A38FE1C095C3814765F3138781C3EA
:101B2000184389463D8B6305D7009546E317D7FCDC
:101B300003C5B1C2EFD04EC1C1B781475DDF138786
:101B400081C318436306A7003D8B7517E367E5FA69
:101B5000854503C5B1C2EF904EC379BF9307C01C42
:101B600063E0D71C630E061AB24041016FD02EDB32
:101B70009307C01C63E6D71A6304061AB2404101FA
:101B80006FD00EEA0547E147E399E6F60347060002
:101B9000A946E3E4E6F62380E1C2B9BF0547E14781
:101BA000E39DE6F4034706008D46E3E8E6F4238F61
:101BB000E1C099B71947E147E391E6F41946138567
:101BC00081C129B70547E147E399E6F203470600DB
:101BD0009D46E3E4E6F2238BE1C039BF0547E147C8
:101BE000E39DE6F0034706008D46E3E8E6F0A380B8
:101BF000E1C219B70547E147E391E6F083470600E4
:101C0000A38AF1C0D5BD0947E147E398E6EE035644
:101C1000060005671307A7C79306A6FFC206C18281
:101C2000E36DD7EC2393C1C2C1BD0947E147E396F9
:101C3000E6EC0356060005671307A7C79306A6FF41
:101C4000C206C182E36BD7EA2392C1C275B5834550
:101C5000060003C681C2A384B1C20145EF605FC123
:101C600061BD0346060083C591C22384C1C2F5B796
:101C70009307C01C63E6D70A45C6B24041016FD046
:101C80004EEA0547E147E39AE6E68347060003C7C5
:101C9000A1C2058B2385F1C293F6170011C7E39DFE
:101CA00006E4EFD0AEC489BDE38806E4138781C3A0
:101CB00018438945398BE31E07E893E707F8238526
:101CC000F1C21DBD0547E147E399E6E283470600FF
:101CD00003C721C22381F1C211C7E39F07E0EFD000
:101CE0004EC319BDE38A07E0138781C318431377F6
:101CF000070F19C39145B1BD93E707F82381F1C2DE
:101D0000E5BB9307200463EFE70089458947E39625
:101D1000B6DEB240835506003A8541016FB06EE0F1
:101D2000E147E1BB8947D1BB9307200463E9A700E2
:101D3000894589476396B60083550600C5B789472C
:101D40003E858280011106CE2AC6EF20FF8609C992
:101D5000B245F240034505004D4605616FB08ED394
:101D6000F240494505618280411106C6EF80402B53
:101D70001715FFFF13050538EF90CEFDEF102FA3C9
:101D800017B5FEFF13056565EF90CEFCEFB02EE0B2
:101D900017E5FEFF1305457AEF90CEFBEFE0EEF678
:101DA0001745FFFF1305E5C4EF90CEFAEF30DFD8FB
:101DB00017F5FFFF13052530EF90CEF9EFE05FA197
:101DC0001715FFFF1305C589EF90CEF8EF00DF85EB
:101DD000B24041016FF01FA7938741C41387C1C36D
:101DE0009C43184301456313F700828083D6670044
:101DF00081E683D6470036959C43F5B79747FE1F8B
:101E00009387C7128C431747FE1F03576712411170
:101E10001386052223A2C1C4938785FFBA9705655F
:101E200023AEF1C206C61D05935637006374E50064
:101E3000930600203307D60023A0E1C423A0E522A7
:101E4000E1162312D600231306001CC3998FE11755
:101E50002312F70023130700EFF01FF8B240974753
:101E6000FE1F2396A71041018280938741C41387E8
:101E7000C1C39C43144301456393F600828003D79A
:101E8000670011E703D747006373E5003A859C4379
:101E9000E5B7938741C49386C1C39C4390422A8788
:101EA000B305B5406314F6003A8529A893868700E8
:101EB0009C43E369D7FEE377F7FE2E85E3E4D5FE86
:101EC000E3F2F5FE828083C705002300F50083D787
:101ED0002500A300F50083D72500A1832301F50089
:101EE00083C74500A301F5001145828023A601C4E4
:101EF00023A401C4828029C1411126C206C622C47E
:101F0000AA8401458DC52E842285414697B50000DF
:101F10009385053397F0FD1FE780002283C70400F7
:101F200005452306F40083C71400A306F400B2405D
:101F3000224492444101828001458280011122CCD9
:101F400026CA06CE0947AA8432846383E504414643
:101F50008147639BC500638FE6006397B6001DA8A9
:101F600041478147638FE600F2406244D2443E8598
:101F7000056182808A852285EFF0FFF741468A85D8
:101F800021A88A85EFF03FF741468A85228531A056
:101F9000E398B6FC2E86A285268597F0FD1FE78084
:101FA000A022AA87D1B723A6A1C48280011122CC86
:101FB0000354650006CE26CA4AC84EC641C08329CE
:101FC0008500AE842A8803C9090081471317890157
:101FD000618763550702B147054563FA87045114C9
:101FE000420403552800418033878900A2864E862B
:101FF0008545EF30DF8AB337A00085077D14135580
:102000006900420405891379F90341802380F400B3
:10201000A380A4002381240123928400014719C0D6
:102020001387190098C409476383E7000145F2400C
:102030006244D2444249B249056182800545C5BF28
:10204000C167F917630AF502D94763F7B7020111AF
:1020500022CC2EC606CE2A84EF005FE2B24563682A
:10206000B50022856244F24005616F204FFAF240CC
:10207000624405450561828005458280C167F91784
:102080006314F5006F009FDF411106C6EF202FE7B4
:1020900011E15D45B2404101828039714ED656D280
:1020A0005AD006DE22DC26DA4AD852D4AA8A2E8BEF
:1020B000B28949EF36C6EFF07FFC9145EF009FEC07
:1020C000AA844D492DC9B246054A238034010544EE
:1020D000630A0B00B68513851400029B05051314D3
:1020E00005014180E20993D9894163D30902C145C1
:1020F0005685EF20CFEE654905E933868400A28539
:102100002685EF30EFCA2A8905E131044204418077
:1021100091472C085685231CF10026CE231D8100F3
:10212000EF107FF72A8901C963070A002685970007
:10213000FE1FE780A000F25062544A85D2544259F3
:10214000B259225A925A025B21618280BA84014AB2
:10215000ADBF011122CC26CA4AC84EC606CE2A8976
:102160003284B689EFF07FF3AA8405E19387C1C476
:102170009C4381CF05476317E40003C409000504AD
:102180001374F40FA2854A858297F2406244268533
:102190004249D244B24905618280AE860147054674
:1021A00097050000938565D26FF0BFFA83D70500CD
:1021B0002300F50083D70500A183A300F50009459E
:1021C000828083C7250005472300F50003D505005D
:1021D0006397E7000A050505420541818280C947EA
:1021E0003305F502CDBF03D505000A05420541813F
:1021F000828083D725002300F50003D5050083D70F
:1022000025003305F502050542054181828003D58D
:102210000500828003D50500828003D505008280F9
:1022200083D725002300F50003D5050083D72500BB
:102230003305F502050542054181828083D70500FB
:102240002300F50083D70500A183A300F50083D701
:1022500025002301F50083D72500A183A301F50004
:1022600003D54500110542054181828083D70500D1
:102270002300F50083D70500A183A300F50003D553
:102280002500090542054181828089471145639BEC
:10229000F60083471600834606000145A207D58F46
:1022A0002310F700828003D70500D947AE8663FA72
:1022B000E70001470D4697050000938565EF6FF035
:1022C0005FE90945828011456393A60283471600A2
:1022D000834606000145A207D58F2310F7008347E8
:1022E000360083462600A207D58F2311F70082808F
:1022F00083C725000547FD1793F7F70F6361F704C0
:1023000083D705008DCF011122CC2A84C84106CE87
:1023100015C12EC68945EFF0DFB72A8722856244B2
:10232000B246F2401546970500009385C5E9056160
:102330006FF03FE2F2406244094505618280094541
:1023400082809547114563F9D706411122C426C200
:102350004AC006C683471600BA8403470600A20790
:102360003284D98F2390F400834736000347260038
:1023700093054400A207D98F2391F4008947238253
:10238000F400094613855400368997F0FD1FE78055
:10239000A0DA9307A9FF2394F4009947631BF9007F
:1023A00023A60400B240224492440249014541015F
:1023B00082801904C0C4FDB7828083D705008DCF09
:1023C000011122CC2A84C84106CE15C12EC68545EE
:1023D000EFF03FAC2A8722856244B246F2401D46A8
:1023E00097050000938565E005616FF09FD6F24088
:1023F0006244094505618280094582809947639559
:10240000F6048947411106C62302F70083471600E8
:1024100083460600B285A207D58F2310F7008347B5
:1024200036008346260003464700A207D58F1305D2
:1024300057002311F700910597F0FD1FE780C0CFEB
:10244000B240014541018280D14711456394F600B5
:10245000C1474DBF828083D705008DCF011122CCAB
:102460002A84C84106CE15C12EC68945EFF07FA249
:102470002A8722856244B246F2402546970500002D
:10248000938565D705616FF0DFCCF2406244094562
:10249000056182800945828089471145639BF6006A
:1024A00083471600834606000145A207D58F2310F7
:1024B000F7008280011122CC2A84C84106CEAE8664
:1024C000014719C52EC68545EFF0BF9CB2462A8745
:1024D00022856244F2402D4697050000938565D31E
:1024E00005616FF01FC711456393A602834716006D
:1024F000834606000145A207D58F2310F7008347C6
:10250000360083462600A207D58F2311F70082806C
:10251000011122CC2A84C84106CEAE8611C52EC632
:102520008545EFF01F97B2462A8722856244F24024
:10253000354697050000938525CE05616FF07FC174
:1025400093F71600114589EB89476387F60085826A
:102550002312D70010C301458280011122CC2A84A6
:10256000C84106CE15C12EC68545EFF09F922A8739
:1025700022856244B246F2403D46970500009385AD
:1025800005CA05616FF0FFBCF24062440945056170
:10259000828083D705008DCF011122CC2A84C841C7
:1025A00006CE15C12EC68945EFF0BF8E2A8722853B
:1025B0006244B246F240454697050000938585C6C1
:1025C00005616FF01FB9F2406244094505618280E0
:1025D00009458280854763FCD7022304A700A30432
:1025E000B7008347160083450600A207CD8F23104E
:1025F000F7009387E6FF2311F70089476386F6000B
:10260000090650C30145828023220700E5BF11451A
:102610008280014781464D4681456FF09FB38D47CB
:10262000114563FBD7028347160083450600A207C6
:10263000CD8F2310F7008347360083452600A2077D
:10264000CD8F2311F7009387C6FF2312F70063860F
:10265000A600110610C70145828023240700E5BFAC
:10266000011122CC2A84884506CEAE8611C52EC61D
:102670009545EFF01F82B2462A8722856244F240D8
:102680005D46970500009385A5BB05616FF07FACA3
:10269000854711456397F6008347060001452300EF
:1026A000F700828001478146654681456FF07FAA29
:1026B000011122CC2A84C84106CEAE86014719C535
:1026C0002EC68D45EFF0EFFCB2462A872285624484
:1026D000F2406D4697050000938585B905616FF05E
:1026E000DF9B011122CC2A84C84106CEAE86014769
:1026F00019C52EC68D45EFF0CFF9B2462A8722853F
:102700006244F240754697050000938565B6056101
:102710006FF0BF98814717B80000130868B313061D
:10272000F00F3307F8008346070013970601418333
:102730006364E5006393C600828083D60500636509
:10274000D7002390E5008280850793F7F70FD1BF6C
:1027500041119397050122C406C626C2C1872E8463
:1027600063D50702EF80CED0AA8409CD8347050048
:10277000054793C707086364F700EF60E00A268502
:10278000EF80EEC72165218D29A893F7150099CF19
:102790009747FE1F938787A5FC5791C382971345E0
:1027A0001400B240224492444101828093F72500F4
:1027B00099CB9747FE1F938767A3BC5B91C3829712
:1027C00013452400F9BF93F7850081CF9747FE1F7B
:1027D0009387C7A1FC5FBC5B91C3829713458400BC
:1027E000C9B793F7450081CF9747FE1F938707A08E
:1027F000FC5FFC5791C38297134544005DB793F784
:10280000050291CF9747FE1F9387479E83A707092D
:1028100083A7070991C382971345040259B793F719
:10282000050191CF9747FE1F9387479C83A7070910
:1028300083A7C70891C38297134504019DB7939757
:1028400025010145E3DF07F49746FE1F83C6769A0C
:102850001746FE1F0346E6999745FE1F83C5559907
:102860001745FE1F0345C598EFB08FAC096521BF22
:10287000411122C41744FE1F13044497130680120B
:10288000814526C2AA84228506C623AA01C497F0E0
:10289000FD1FE780E08D0145EF2050120145EF203C
:1028A000F0199737FE1FA382976CB707D707B507B4
:1028B0001747FE1F2326F794B7A70D0D93873721DF
:1028C0001747FE1F2320F794B7A7D7079387372111
:1028D0001747FE1F232AF792E97793873721174777
:1028E000FE1F2315F7927D4781472320E40E03271F
:1028F000040D2322F40EB7872D049387F79F5D8F75
:102900008327440D9746FE1F23AAE69A9746FE1F8B
:1029100023AAE69A93E7E7391747FE1F2326F79A7B
:102920009746FE1F23AEF6989737FE1F83C7E760D2
:102930001747FE1FA30AF7961747FE1FA30AF7962D
:10294000F977FD171747FE1F2315F79A1747FE1F44
:102950002312F79AFD471747FE1F230EF798974754
:10296000FE1FA381078C85679387F7F01747FE1F2B
:10297000231BF78A1747FE1F2318F78AEF809EE470
:102980009747FE1FA385A7869307C01C1747FE1F06
:10299000231BF78C85471747FE1FA308F788973737
:1029A000FE1F83D7E758A9831747FE1FA302F78CA2
:1029B0008D471747FE1F231CF7869747FE1F23A945
:1029C0000786B7170706938707441747FE1F232379
:1029D000F7869737FE1F9387675583D7070113073D
:1029E000B00F6374F7009307B00F139607011747F2
:1029F000FE1F2312F7821747FE1F2310F78283471B
:102A0000C40341829306E600918BC5C39317660009
:102A10009387073DC207C1831737FE1F231EF77E2A
:102A20000347D403118B49C7131766001307073DEB
:102A3000420741839735FE1F2392E57EED4532879D
:102A40006373B6006D471736FE1F2312E67C13062C
:102A500080143E8763F4C700130780148E069737EF
:102A6000FE1F2397E77A9737FE1F2395E77A97375C
:102A7000FE1F2390D77A9307C01C1737FE1F23171A
:102A8000F77AB7071600938707901737FE1F232999
:102A9000F778EF80BFCFEF40901AEF806FA9224404
:102AA000B240924441016F60C025939736009DB7B4
:102AB00013973600B5BF411106C622C426C2173788
:102AC000FE1F034787769737FE1F83C71776636914
:102AD000F70001442285B2402244924441018280A1
:102AE000AA84930510241305800B97F0FD1FE7803F
:102AF00080582A8479DD1306800B814597E0FD1FFD
:102B0000E780006781E4C1572304F4009737FE1F74
:102B10009387C76DB84F3DE71737FE1F2322877293
:102B20001737FE1F232087721737FE1F232E87704B
:102B30002320040005479736FE1F2388E66E0547CD
:102B4000A304E400130700F9A305E4001737FE1FF0
:102B50001307875D544B184F1735FE1F0345453E3D
:102B600074C438C87D57230BE40083C7A704A30EA1
:102B7000E4062304A4062306F40AEF804FBCA30A4C
:102B8000A40089BFF84F00C31737FE1F232E876AA2
:102B90002320040003C7E703050771BF8347E5014E
:102BA000411122C406C69907A308F5007C451147C8
:102BB0002308E5002380E7007C45034715012A84AC
:102BC000A380E70083475503858B91E703474503BF
:102BD00089476319F70078448347070093E70704A0
:102BE0002300F7006844930564031946090597E03C
:102BF000FD1FE780605468440356E4014C542105EE
:102C000097E0FD1FE7804053930730F9A305F400D8
:102C1000B24022444101828041114AC01739FE1F4F
:102C20001309C95C8327490B06C622C426C299E34F
:102C3000054505AAAA84EF80CFF28327490B829726
:102C4000EF40C0562A846DD5DC50AC482324F508EB
:102C500003C7B4009307A009631BF710854723003F
:102C6000F51483C734062303F514A303F51483C7AF
:102C7000F50003C705010148A2074207BA9703C739
:102C8000E5001546F905BA9703C735FF1305841308
:102C90006207BA97232CF40883C755FF03C765FF63
:102CA000A2074207BA9703C745FFBA97232EF40835
:102CB00083C775FFA30BF40283C795FF03C785FF86
:102CC000A207D98F231CF40283C7B5FF03C7A5FF52
:102CD000A207D98F231DF40283C7D5FF03C7C5FF01
:102CE000A207D98F231EF40283C7F5FF03C7E5FFB0
:102CF000232E0413A207D98F231FF4028147232C0C
:102D0000F41297E0FD1FE7802043B848834737025D
:102D1000FD8BA30AF40203473702ED1793F7F70F71
:102D200015832308E4022D476368F7028357A40341
:102D300005679306A7C7E917C207C18363EEF600CC
:102D40008356C4039307301F63E8D7008357E40317
:102D5000130707C8637EF70203558400EF40206520
:102D60000145B240224492440249410182808327B6
:102D7000890D13971701E35C07EEFC4403C70700B6
:102D800083C70500F98F9583858B2300F514C5B59E
:102D90008327890B228582978327090E0355840098
:102DA000294693F7072091E3054693050008EF5065
:102DB00050418327890D1397170163590700035565
:102DC0008400514693050008EF50B03F8327490522
:102DD000FC4B13974700E35D07E403C58400A38B16
:102DE0000400494693050008EF50B03D91B54111EC
:102DF00022C406C626C24AC09737FE1F83C7173FA4
:102E00002A848DEB0347040185476318F70E834737
:102E1000D40303475404858B631FF70C19469305AD
:102E200064041305E40397E0FD1FE780E039B33441
:102E3000A000A1A883475504DDC78347B504130745
:102E4000000493F7070C6390E70A085931C513098A
:102E50006404CA851305A5029700FE1FE780209A27
:102E60008547AA84631AF502085889472302F404A7
:102E7000834735001946CA8593E72700A302F40467
:102E8000510597E0FD1FE780202BB24022442685A4
:102E9000024992444101828003470401854763044B
:102EA000F70483470406918B9DEF8347C40385EFA6
:102EB000130544049700FE1FE78060A008D805C5ED
:102EC00089472302F40483473500194693056404B7
:102ED00093E72700A302F404510597E0FD1FE78064
:102EE000A02585445DB78347C403898B81DF1C58C7
:102EF00083C7170081FB814449BF83470406918B38
:102F000099F78347D40013F717000DC383463401A4
:102F10000D47639DE60068402C442244B240924431
:102F20000249410117E3FD1F6700C366898BD5DBAA
:102F3000034734019547E316F7FAF1BF411197377C
:102F4000FE1F2381073222C4930710F906C6A3058A
:102F5000F500938701C580430DC085451735FE1FD9
:102F60000345B500EF804EC5930710273305F502E2
:102F700022832244B24041010283B24022444101F3
:102F800082808347A50199C70347A5006314F70012
:102F90006FF0DFFA0347950111CF8346A5006382E6
:102FA000E6022305E50089451735FE1F0345F5FBBD
:102FB0006F70BEFDF1DF0347A50079FB2305F50027
:102FC000DDB7F9D7E5BF2C49314783C7150093F723
:102FD000F7032309F5006386E700930700083E85A1
:102FE000828083C705000D47BD8BA309F500E396DA
:102FF000E7FE41114AC01309650322C419462A8419
:10300000A1054A8506C626C297E0FD1FE780C01BC2
:103010009147630F05222C4819461305640483C7A2
:10302000050089059987858BA302F40497E0FD1FAD
:10303000E78080102285EFF09FDBA147630A05201F
:103040001305200483044401EF90FED862056185D6
:103050009307000863CEA41E64449D472308F40030
:103060002380F40085472381F400A381F400CA85FE
:1030700019461385440097E0FD1FE780E00B83C7E6
:10308000240003C734000149990793F7F70F13672A
:1030900087002381F400A381E4007844BA970357A2
:1030A000C406A381E70083C724007844834614063E
:1030B0003E978357C4069206A183BD8BD58F23020A
:1030C000F70003C7240009071377F70F2381E400F3
:1030D0008356E401E1C283470406795993F7070454
:1030E00091C375593309E9401379F90F6374D90A0B
:1030F00083463406751989471379F90F6391F616DB
:103100008347B40663960716916793870729F946A4
:103110009387771BB3C7D7021736FE1F0346861463
:10312000136606019735FE1F238EC512138641BB19
:10313000104285650CC6B386D702860634D283C694
:10314000340093E60601A381D400744403462406A8
:103150003697A301C70083C624007844369723021C
:10316000F70003C724007444A187BA9603473406C6
:103170001607D98FA382F60083C724008D07238109
:10318000F4005C54CA973CDC8357E401B3872741C1
:103190002319F4068347040693F7070485C703C77A
:1031A00034007C4483C6240013670704A381E40031
:1031B00003475401B697A381E70083C7240085071E
:1031C0002381F40003C524000356E4014C54930703
:1031D000350068443E954DC26360C90A97E0FD1F03
:1031E000E78080F50349E40103C724009377F703E0
:1031F00085073E99A30824012381E40083475403F3
:10320000858B91E70347440389476319F7007844A6
:103210008347070093E707042300F7007C448345B6
:103220001401A380B700930790F9A305F4000345A8
:1032300034068347B4065D8DEF709FDD01468145FE
:103240000D4597E0FD1FE7800077EF808F91814764
:10325000B2402244924402493E85410182800546A3
:1032600093078042E385C6EA85679387878445B5DF
:1032700085679387E71B61BD4A8697E0FD1FE7805E
:10328000A0EB9DB72C491307200283C7150093F7C5
:10329000F7032309F5006396E71A011122CC06CE45
:1032A00026CA4AC84EC683C7050015472A84BD8B67
:1032B000A309F500639CE7021946A1051305650300
:1032C00097E0FD1FE78040F09147630A05142C4802
:1032D00019461305640483C7050089059987858B02
:1032E000A302F40497E0FD1FE78000E52285EFF0DC
:1032F0001FB0A14763050512834634061739FE1F28
:103300001309C9CA05479739FE1F83D9A9CA83275C
:103310000900637ED710829737460F00AA841306F0
:10332000062481461305007D3385A9028145EF609F
:10333000D07BB307950033B5A7002E953E87832633
:10334000490019E163E4D7003387D7406444A147BB
:103350002308F40058D02380F40085472381F4002B
:10336000A381F4001946930564031385440097E094
:10337000FD1FE78060DC83C7240099072381F400E8
:1033800083C7340093E72700A381F40083475404E4
:1033900081CB78448347070093E707F82300F700C1
:1033A0001946930564041385A40097E0FD1FE78088
:1033B000A0D883C72400990793F7F70F13F7F703F3
:1033C0000507A308E4002381F40083475403858B99
:1033D00091E70347440389476319F700784483471B
:1033E000070093E707042300F7007C44834514019A
:1033F000A380B7009307A0F9A305F40003453406A2
:103400008347B4065D8DEF70BFC0014681450D4511
:1034100097E0FD1FE780205AEF70BFF48147F2402C
:103420006244D2444249B2493E8505618280829716
:1034300037460F00AA841306062481461305803EF2
:10344000E5B5930700083E85828041114AC0138983
:1034500041BB8327090022C41307000A06C626C2FF
:103460002A84F8D30945EF703FF7938681BA9042DA
:10347000B7050082FD155C56F19B93E717005CD6FB
:10348000032709005C4393E717005CC38347840666
:1034900093F7F703139797015C56ED8FD98F5CD69E
:1034A00037170040930770052300F704930780FA4D
:1034B0002300F70403068406B54763D0C716835775
:1034C000270293E707012311F7029C4237063300D6
:1034D00098431377F7E798C398431377F7E7136791
:1034E000071098C31387C1BB18431447D18E14C764
:1034F000832609001306A00DB0CA5457F59A54D775
:10350000034724069376F7079843137707F8558FF8
:1035100098C337C7898E130767ED98C7375755008B
:10352000644413075755D8C39D472308F4002380EC
:10353000F40085472381F400A147A381F4007C4473
:103540000357C4062382E70083C7240078448346D8
:1035500014063E978357C4069206A183BD8BD58F70
:103560002302F70003C524009307E00F0905137534
:10357000F50F2381A40003562407898F63CFC70466
:103580007C442C5C0D053E9597E0FD1FE780C0BA9A
:1035900003C72400834724079376F7038507B6976C
:1035A000A308F4002381E40083475403858B91E74B
:1035B0000347440389476319F700784483470700AA
:1035C00093E707042300F7007C4403471401A3801A
:1035D000E700930780F9A305F400832709007844E6
:1035E0008145171500001305C539B8DBEF705EE49F
:1035F0009737FE1FA38B07B2834534068347B40673
:10360000034614012244B24092440249DD8D014533
:10361000410117E3FD1F6700033A83572702C207E2
:10362000C183BD9BC207C18379BD397152D4138A4E
:1036300041BB83260A0022DC26DA06DE4AD84ED6B3
:103640009307000AFCD2938781BA9C43B7053300E5
:103650002A84D857719B13671700D8D798431377DC
:10366000F7E798C398431377F7E71367071098C3F2
:103670001387C1BB184310474D8E10C71306A00D0A
:10368000B0CA5057759A50D7034725061376F707E7
:103690009843137707F8518F98C3DC420D4793E79F
:1036A0001700DCC264459D472308F500854623804A
:1036B000F400A38104002381D4008347F5056385CA
:1036C000E70019476396E7528547A381F40019463E
:1036D000930564031385440097E0FD1FE780C0A5B0
:1036E00083C7240099072381F4000347F405994711
:1036F0006316F70483C734001385A40093E72700FB
:10370000A381F40083475403898B6385071E0C58FB
:1037100083C725016380071E1946D10597E0FD1F69
:10372000E78080A178448347070093E707F82300E8
:10373000F70083C7240099072381F40083C734006E
:1037400003C7240093E78700A381F4007C44BA9761
:103750000357C406A381E70083C724007844834647
:1037600014063E978357C4069206A183BD8BD58F5E
:103770002302F70003C7240009071377F70F2381FB
:10378000E4008356C4016386061A83470406795908
:1037900093F7070491C375597C483309E9401379BD
:1037A000F90F918B81C739191379F90F8149637426
:1037B000D90A83473406751989461379F90F639D31
:1037C000D7148347B4066392071691699389092930
:1037D000F9479389791BB3C9F9029736FE1F83C64F
:1037E00066A893E606011736FE1F230DD6A683268C
:1037F0000A00056690C6B387F9028607BCD283C764
:10380000340093E70701A381F4007C448346240637
:103810003E97A301D70003C724007C4493D6894078
:10382000BA972382370183C7240078443E978347A1
:1038300034069607D58FA302F70083C724008D07AF
:103840002381F4001C54CA973CDC8357C401B3871E
:1038500027412319F4067C48914613F7C700630BF0
:10386000D700B1466316D726834614060347F407EC
:103870006390E626A18BE1C79387C1AD9C43832962
:10388000840982971727FE1F1307477263E6A90A68
:10389000B7470F003385A94093870724B335F50256
:1038A0000356870081463305F502EF601024AA898C
:1038B000B7074B00138749ED9387B7C763EAE72043
:1038C00049468145680097E0FD1FE780608AB7C7D9
:1038D0000300938737FC63CD3713BD09F947B3C99C
:1038E000F902B2477977F98FCE0993D93901B3E953
:1038F0003701B9A28347D40381CB784483470700BB
:1039000093E707F82300F70019469305E40397E0CF
:10391000FD1FE780608231BD854693098042E389BF
:10392000D7EA85699389898465B585699389E91B97
:1039300045B58149014905B75C43BE9991BF83C72D
:10394000340083453406C18BA1CB79460947B3893E
:10395000C902835724076395E5020347B406990714
:103960008E0709CB9387770D13961700B299938929
:1039700049293DBF9387A70493963700B699C5BFE1
:1039800005476397E500BD0713972700BA99C5B7A8
:10399000B9078E07BE99E1BF03C724008357C4014E
:1039A000BA970947639EE5040347B406D9078E0713
:1039B00021C79387770D86071737FE1F0347978A1E
:1039C000136717009736FE1FA38EE68803270A00A9
:1039D000A1669389875214C793875754F946B3C792
:1039E000D702B387D70286077CD783471406230004
:1039F000B408A30FF4066DBD9387A7048E076DBFAF
:103A000005476395E500FD078A077DB7F907FDB710
:103A1000B7872500138747ED634637031307C012A6
:103A200093896909B3C9E902B24789661387F6FF2A
:103A3000D58F33F7E900F979B3F93701B3E9E90034
:103A40004EC619A863C037178357C1006977F98F2D
:103A50001167D98F2316F1008357640868446C00FE
:103A6000139707018357C100D98F3EC68327040AE5
:103A70000327C4083EC88327440A131687006183BE
:103A800093F6F7019727FE1F83C777769D8B9607DE
:103A9000D58FD18F3ECA832704094946A2075D8F7F
:103AA000835784083ACC231EF10083C724008D0776
:103AB0003E9597D0FD1FE780206883C7340093E7C9
:103AC0000702A381F40083C72400C9072381F400FF
:103AD0008347040693F7070485C703C734007C4473
:103AE00083C6240013670704A381E400034754013D
:103AF000B697A381E70083C7240085072381F400DC
:103B00000356C40161E2014983C624008347E405EA
:103B100013F7F60305073A999A07D58FA3082401EE
:103B20002381F40083475403858B91E703474403C3
:103B300089476319F70078448347070093E7070430
:103B40002300F7007C44034714018145171500004A
:103B5000130525E3A380E700930760F9A305F400AC
:103B6000784483270A00B8DBEF709E8C9727FE1FEE
:103B7000A38D075A9727FE1F238A075A83453406C9
:103B80008347B406034614010145DD8D97E0FD1F10
:103B9000E78060E2F2506254D2544259B259225A3C
:103BA00021618280B787DAFF93876709BE998347CF
:103BB000D10093F7F7F993E70706A306F1009307FF
:103BC000C01231BB03C524000C5493073500684470
:103BD0003E956369C90097D0FD1FE780E055034912
:103BE000C4011DB74A8697D0FD1FE780E05429BF66
:103BF0001387E7FF1377D70F6311071EA381D40044
:103C00009305650319461385440097D0FD1FE7808F
:103C1000A05283C7240003C734009729FE1F93894D
:103C2000E95C990793F7F70F136787002381F40086
:103C3000A381E40078440149BA970357C406A381DD
:103C4000E70083C724007844834614063E978357D1
:103C5000C4069206A183BD8BD58F2302F70083C6CD
:103C600024009147890693F6F60F2381D400034779
:103C7000F4056310F70C83470406795993F707049A
:103C800091C375598357C4013309D9401379F90F8A
:103C90006371F90A03473406751989471379F90FD7
:103CA0006318F7108347B406639D071091679387E5
:103CB000072979479387771BB3C7E70203C68907AC
:103CC000136606019725FE1F238EC55803260A009A
:103CD00085650CC63387E702060738D203C7340070
:103CE00013670701A381E400784403462406BA96CB
:103CF000A381C60083C62400784436972302F700C8
:103D000003C724007444A187BA96034734061607F4
:103D1000D98FA382F60083C724008D072381F40086
:103D20001C54CA973CDC8357C401B387274123192D
:103D3000F4068347040693F7070485C783C7340056
:103D400003C7240093E70704A381F4007C44BA97D7
:103D500003475401A381E70083C72400850723811B
:103D6000F4000347F40591476317F7060356C401AF
:103D70003DC203C524000C549307350068443E95AA
:103D80006365C90497D0FD1FE780003B0349C40168
:103D90000347F4059147631AF72883C7890793F708
:103DA000070F93E757001727FE1F230DF74AA9BBFC
:103DB000054693078042E30EC7EE856793878784A5
:103DC000CDBD85679387E71BEDB54A8697D0FD1F6C
:103DD000E780803675BF014965BF93F7B70F054788
:103DE000E393E7D2A381F400930565031946138595
:103DF000440097D0FD1FE780203483C72400990733
:103E00002381F40083C7340093E72700A381F400E3
:103E10008347D40381CB78448347070093E707F8AF
:103E20002300F700834754031385A400898B63871D
:103E3000071A0C5883C725016382071A1946D10552
:103E400097D0FD1FE780402F78448347070093E712
:103E500007F82300F70083C7240003C7340097291D
:103E6000FE1F9389A938990793F7F70F1367870007
:103E70002381F400A381E40078440149BA970357F1
:103E8000C406A381E70083C7240078448346140650
:103E90003E978357C4069206A183BD8BD58F23021C
:103EA000F70083C624008547890693F6F60F238121
:103EB000D4000347F4056310F70C834704067959CF
:103EC00093F7070491C375598357C4013309D94047
:103ED0001379F90F6371F90A034734067519894795
:103EE0001379F90F631EF7108347B4066393071223
:103EF00091679387072979479387771BB3C7E702B1
:103F000003C68907136606019725FE1F238CC53457
:103F100003260A0085650CC63387E702060738D2F8
:103F200003C7340013670701A381E4007844034604
:103F30002406BA96A381C60083C624007844369727
:103F40002302F70003C724007444A187BA960347ED
:103F500034061607D98FA382F60083C724008D0785
:103F60002381F4001C54CA973CDC8357C401B387F7
:103F700027412319F4068347040693F7070485C7EE
:103F800083C7340003C7240093E70704A381F40028
:103F90007C44BA9703475401A381E70083C72400F8
:103FA00085072381F4000347F4058547631DF70661
:103FB0000356C4012DCA03C524000C5493073500D1
:103FC00068443E95636BC90497D0FD1FE780C01617
:103FD0000349C4010347F405854775BB8347D403F0
:103FE00081CB78448347070093E707F82300F70065
:103FF00019469305E40397D0FD1FE780E013A1BDA8
:10400000054693078042E308C7EE85679387878458
:10401000DDB585679387E71BF9BD4A8697D0FD1FFD
:10402000E780801145BF014975B783C7890793F7BA
:10403000070F93E7670085BB011156C2972AFE1F41
:10404000938ACA1A83A74A0A06CE22CC26CA4AC82D
:104050004EC652C4639F07502A840945EF70CFB7FC
:10406000138941BB032609009307000A938981BA8B
:104070007CD283A70900B7053300568AD857719BB5
:1040800013671700D8D798431377F7E798C3984377
:104090001377F7E71367071098C31387C1BB18435B
:1040A0001447CD8E14C79306A00D34CA5457F59A01
:1040B00054D70347A4009376F7079843137707F87C
:1040C000558F98C38347E4007844BD8B2308F400E0
:1040D0002300F7001D476444639CE73C8547A381A8
:1040E00004002381F4000347F4058D45631FB728BE
:1040F0008357C401639207187C481147B18B638DC5
:10410000E71631476398E700034714068347F4072F
:104110006304F7168547A381F400194693056403E9
:104120001385440097D0FD1FE780000183C724005A
:10413000990793F7F70F2381F400034704061377D9
:10414000070415C303C7340013670704A381E40001
:104150007844BA9703475401A381E70083C724003A
:1041600085072381F4009727FE1F238D070E83C642
:1041700024008347E40513F7F60305079A07D58F54
:10418000A308E4002381F400930740F9A305F40099
:1041900083475403858B91E7034744038947631999
:1041A000F70078448347070093E707042300F700EC
:1041B0007C4403471401B7060082FD16A380E70084
:1041C000032709005C4393E717005CC38347840619
:1041D00003A6090093F7F703139797015C56F58F31
:1041E000D98F5CD637170040930770052300F7047A
:1041F000930780FA2300F70483068406B54763D249
:10420000D7368357270293E707012311F70203A745
:104210000900B7C7898E938767ED1CC7B75755004C
:10422000938757555CC38347A4068344440681455E
:10423000170500001305E574DD8C89471727FE1F5D
:10424000A307F7EE9727FE1FA38107EE8327090038
:104250007844B8DBEF70CE9D034614016244F2400F
:104260004249B249224A924AA685D2440145056193
:1042700017D3FD1F67002374A147A381F400835760
:10428000C4062382F4008357C4060347140674440B
:10429000A1831207BD8BD98FA382F60083C62400A9
:1042A0000547890693F6F60F2381D40083478A07D2
:1042B000032609006313F70603474406894763167C
:1042C000F71E0347A406938766008E07630B071C3F
:1042D0009387770D8607231AF4068357440703470D
:1042E0008401F9459387070AB387E7020945172830
:1042F000FE1F2309A8F6056508C6938707FBC207BA
:10430000C18393877716B3C7B70213970701B387A3
:10431000B702418386073CD21DA03852F947058376
:104320003357F7023C526C528583FD8BAE977CD29B
:104330008D471726FE1F2307F6F24207418383C7E6
:10434000340093E70701A381F4007C44BE968347C1
:10435000240693E70704A381F60083C624007C4467
:10436000B6972382E70083C624007C4421837D8B9B
:10437000B697834634069606558FA382E70083C717
:1043800024008D072381F400DDB399466319D70A11
:104390000357C4014DE7A381F40013854400194677
:1043A0009305640397D0FD1FE78000D983C72400DD
:1043B0001385A40099072381F40083C7340093E791
:1043C0002700A381F40083475403898BB9C70C5895
:1043D00083C72501B9C31946D10597D0FD1FE780D2
:1043E000A0D578448347070093E707F82300F70038
:1043F00083C72400990793F7F70F2381F40003473D
:10440000040613770704E30007D683C63400784414
:1044100093E60604A381D4002DBB8347D40381CB4C
:1044200078448347070093E707F82300F70019460D
:104430009305E40397D0FD1FE78000D055BFA14747
:10444000A381F4008357C4062382F4008357C40673
:10445000034714067444A1831207BD8BD98FA3822E
:10446000F60083C624000547890693F6F60F2381DC
:10447000D40083C78A0703260900E30FF7E2385206
:10448000F94705833357F7023C5268528583FD8B09
:10449000AA977CD29727FE1F2386B7DC4207418369
:1044A00079BD9387A7048E073DB59387E600E5BFE6
:1044B0000547639CE708B147A308F400834754030A
:1044C000898BADC30C5883C72501A9CF1946D105E7
:1044D0001385840097D0FD1FE78000C6784483478A
:1044E000070093E707F82300F7006844194693058F
:1044F0006403090597D0FD1FE78000C483278A0D58
:1045000013971701635D07008347E400B98B81EBC4
:1045100078448347070093E707022300F7009307D7
:1045200020F9ADB18347D40399C783C7040093E74B
:1045300007F82380F400684419469305E403210535
:1045400097D0FD1FE78040BF4DB70356C4010C5400
:10455000138584009307660093F7F703A308F4001C
:10456000C5B783572702C207C183BD9BC207C1835A
:1045700069B9F2406244D2444249B249224A924A5D
:104580000561828041119727FE1F938727C622C4A9
:10459000A05306C605478346C4006390E60283C75E
:1045A000870711476315F7002285EFE03F992285C1
:1045B0002244B24041016FF03FA8B2402244410181
:1045C00082809727FE1F938767C2BC4F99E33E8581
:1045D000828003C78700E30CA7FE9C43C5BF01117F
:1045E00006CE22CC26CA4AC84EC6EFF09FFD11E97E
:1045F0008144F240624426854249D244B249056171
:104600008280834755032A8489EF19469725FE1F28
:10461000938545CC1305640397D0FD1FE780C0B197
:10462000B5A80547639EE7009727FE1F83C727BCF1
:10463000C944E1D319469725FE1F938505CAD9BF02
:104640001C59A1EB8347C503230A050291EB0347DD
:1046500054038547230AF4028947E317F7FC75B72B
:104660001305C50397E0FD1FE780202008D815C17A
:10467000EF4020420C5883C7A50081CF8947230A09
:10468000F4021946B1051305640397D0FD1FE780B6
:10469000A0AA034744038947E31BF7FA9727FE1FA5
:1046A00083C7D7B49DCB8347C40385CB83473404EA
:1046B000130700041305C40393F7070C6397E7106F
:1046C00097E0FD1FE780A01F08D81C5899C783C733
:1046D000270181C78947230EF4028344C40089F867
:1046E00085470349E4002306F400A304F4001727D8
:1046F000FE1F034737859727FE1F238907AE9317B1
:104700000701231BE4069376F9001947C183637AF6
:10471000D706834644060947938947006394E60019
:104720009389C7038356C401834534061727FE1FA8
:10473000034727A01305A00F9307E70B231B34079C
:10474000138726000946B3D6A6020E071725FE1FBB
:10475000035545866390C5081307A7040E073E97C7
:104760009397A600BA9737460F0013060624814692
:10477000B3A5A7023305F502EF5030374E95231B42
:10478000A4068357E40623180406B1CB034564014D
:104790009307F00F6307F500EF609EBCFD57230BF6
:1047A000F4000356E406930664011206A285171569
:1047B000000013050597EF601EA785451715FE1F1E
:1047C0000345B57AEF606EFC2DB597E0FD1FE780DD
:1047D000C009DDBD6D073E979397960061B7854789
:1047E000E31DF9FC034564019307F00F6307F5002F
:1047F000EF601EB7FD57230BF400056693066401B6
:104800001306068065B7411106C622C42A84EF60EC
:104810005FB5228523060400A3050400A304040059
:10482000EFE0CFF185451715FE1F03451574EF60C6
:104830009EAE89451715FE1F03453573EF60BEAD6B
:10484000034564019307F00F6307F500EF605EB165
:10485000FD57230BF400B2402244410182802C49D1
:10486000411106C622C426C24AC083C715007D472F
:1048700093F7F7032309F500E91793F7F70F637B25
:10488000F70093040008B24022442685024992446E
:104890004101828083C70500BD8BA309F500F51790
:1048A00093F7D70FF9FF2A841946A105130565036D
:1048B00097D0FD1FE7804091914471D52C488547E2
:1048C0002302F40483C70500194689059987858B5F
:1048D000A302F4041305640497D0FD1FE780C0858C
:1048E0002285EFE0CFD085472A89E31CF5F80347FE
:1048F00034019547631EF702EF00906B9717FE1F78
:1049000083C737648D8B6375F50283470401E36ABF
:10491000F9F69387C1AD9C438144829748D02285A4
:10492000EFE08FAFE31125F72285EFF0DFEDA1BFB8
:104930008347040181C71947E395E7F41305200471
:1049400083044401EF802EC962056185E3CBA4F2A4
:104950002285EFE0AFA48347A406034544068345C0
:10496000140181445D8DEF60AFEA014681450D453C
:1049700097D0FD1FE7802004EF60BF9E29B73971F3
:1049800026DA9724FE1F9384648622DCA0504AD83E
:104990004ED652D456D25AD05ECE62CC66CA06DE0D
:1049A000314B979A0000938A2A8C914B1719FE1F5E
:1049B00013098977938941BB0D4C971CFE1F938C7B
:1049C000EC56130A44018347B4009387E70693F734
:1049D000F70F6367FB188A07D6979C43D6978287A1
:1049E0000146930550020145EF606FF71306500230
:1049F0008145054597D0FD1FE780E0FB83473900DF
:104A0000858BD1C328488146528681459717FE1F62
:104A1000A38D077097D0FD1FE78000F001E5228588
:104A2000EFF0FFE30347B40093073009E30DF7F815
:104A3000EF603F932285EFE0CFD4F2506254D2541E
:104A40004259B259225A925A025BF24B624CD24CF2
:104A50002161828083472900858B95C39717FE1FAC
:104A60002385076C8347040105476375F7001947E1
:104A7000E390E7FC9307B0F9A305F400A9B783A777
:104A80000900FC53A9F39717FE1F2381076A4DB74E
:104A900083472900858B6387073C9717FE1F238672
:104AA0000768938441C6EF60DF8B9C409DCBDC435D
:104AB0008DCB89472302F10083475404130561001D
:104AC0001946A302F10083474401930564042306B9
:104AD000F10097C0FD1FE78020669C404800DC4342
:104AE00082978347740689CF834554040345840025
:104AF00013066404EFA0BFAD83477406898B9DFB4A
:104B00002285EFE0AFC315BF8347B40603453406E3
:104B10000146930550025D8DEF606FE401468145CB
:104B2000054597D0FD1FE78000E983473900858B55
:104B3000638F073228488146528681459717FE1FAA
:104B4000A385075E97D0FD1FE78000DD01E5228584
:104B5000EFE04FF30347B4009307A009E305F7E63E
:104B6000EF603F8071BF8347B406034534060146BA
:104B7000930550025D8DEF608FDE0146814505454E
:104B800097D0FD1FE78020E383473900858B638042
:104B9000072E28488146528681459717FE1FA38617
:104BA000075897D0FD1FE78020D701E52285EFE069
:104BB0008FC10347B400930790094DB7834729007D
:104BC000858B6381072A9717FE1F23800756EF60A6
:104BD0004FF983C7840709476307F70083C7840732
:104BE0000D476315F70283A6090003574407BC521B
:104BF0001307C712858363FBE700930750F9A305EA
:104C0000F400BC528583E39007DCDDBD03479401CB
:104C10008347A4011DCF8346A4006302D72863877E
:104C2000F6002305E4002285EFF00FC183477900E9
:104C300093F7F70FE39907D883C7840709476307FA
:104C4000F70083C784070D47E31CF7EA930750F981
:104C500025B5E9DF0347A40071FB2305F400E1B7A4
:104C600083C78407E39EFBFE2285EFE01F9CA1BB68
:104C700083472900858B6387071E9717FE1F2386AE
:104C8000074A83C78407C18B85C7EF608FED83C751
:104C9000840793F70702E5DF83C78407228593F72C
:104CA000F70C1717FE1F230FF75AEFE00FFA21BB7F
:104CB00083C79407858B91C7EF60AFEA9307E0F94C
:104CC00065BB83C784071547BD8B639CE700EF0076
:104CD000302E83C77C018D8BE374F5E89307D0F900
:104CE00061BB83C784071947BD8BE39BE7E6930746
:104CF000C0F959B383472900858BE38607CC971702
:104D0000FE1F2384074283C78407C18B89CBEF60D2
:104D10004FE583C7840793F70702E5DFB5BF83C775
:104D20009407858BD1FB83C784071547BD8BE38729
:104D3000E7FA83C784071947BD8BE38AE7FAEF6078
:104D40004FE2E5B9FC58230E84072285829703477A
:104D5000B40093077009E308F7C6C5B1834739006B
:104D6000858B95C7EF60EFDF938781BA98437C53BB
:104D7000ED9B7CD39717FE1F238D073A3717004012
:104D800083578701C607C583231CF70095BB83A7FC
:104D90000900FC53E39907C2EF60AFDC938781BA47
:104DA00098437C53ED9B7CD39717FE1F23830738D2
:104DB0003717004083578701C607C583231CF700B8
:104DC0009717FE1F2384073625BB83472900858B51
:104DD000D1CB9717FE1F238A073483C78407C18B63
:104DE0009DC383C7840793F70702E5DF2285EFE0C1
:104DF000CFE583C7840793F7F70C1717FE1F23032C
:104E0000F746EF600FD62285EFE04F93938441C6BB
:104E10009C409DCBDC438DCB89472302F100834727
:104E20005404130561001946A302F10083474401AD
:104E3000930564042306F10097C0FD1FE780C02F8F
:104E40009C404800DC43829783477406858BE38649
:104E500007BE834554040345840013066404EFA091
:104E60000FF7E1BE83A70900FC53E39E07B4971731
:104E7000FE1F238D072AEDB19717FE1F83C7E72A70
:104E8000858BF5D79717FE1F2381072AEF606FCD1B
:104E90002285EFD07FD82285EFF0FF9679BEE38799
:104EA00007D865BB41119717FE1F9387273422C48B
:104EB000E04B06C626C2630804248346C4000547A7
:104EC0006393E6249716FE1F83C676261547638BE9
:104ED000E6001717FE1F13072725034777008D46A7
:104EE000639DE6002244B24092441715FE1F03451D
:104EF000D507854541016F604E8983C707008356FA
:104F000004021717FE1F23238734850793F7F70F33
:104F10001717FE1F230CF72C130700643347D70223
:104F200063C8E700EF60FE949717FE1F2380072CED
:104F30000347E4009D476317F7048347940685CF32
:104F40008356040763E6F602834584009307300422
:104F5000A30BF4001305300493F6F60F0146EFA0FF
:104F6000CFE622852244B240924441016FF0BF89CE
:104F700085062318D406930530020545EF60FE88A8
:104F80002301A40685471717FE1F230DF72C03479F
:104F900084018D476319F70AEF50BEEC0D8901EDCE
:104FA000930770022305F40093075002A30CF4004A
:104FB0009307600231A885476310F50893076002E4
:104FC0002305F40093075002A30CF400930770022A
:104FD000230DF4000347E40085479714FE1F83C4A4
:104FE000D4F86318F70E0356040285452685EF6052
:104FF0000E9183475403898BEDC78347C403F5C3E0
:105000000C58E5C183C7A500E9CF8947230AF402FC
:105010001946B1051305640397C0FD1FE780C01151
:105020000347C407894763E2E70C22852244B24064
:10503000924441016FF04F80930750022305F40022
:1050400093077002A5B789468347F4006319D70216
:1050500013F7170011CF130750022305E400898BC3
:1050600081CF93076002A30CF400230D04009DB7C9
:10507000930760022305F40093077002EDB79DC308
:1050800013F7170001CB930750022305F400A30C7C
:105090000400E1BF898B81C793076002FDB79307C6
:1050A0007002E5B783479401130740026365F70078
:1050B0009307500201A8850793F7F70F13077002B3
:1050C000E368F7FEA30CF400834794012305F40082
:1050D00069BFB9450545EF604EF3035604022A96B1
:1050E00029B78547230AF40225BF9387C1AD9C43A6
:1050F00083248409829763EDA40083576407338572
:10510000A440E374F5F2B24022449244410182800B
:105110009717FE1F938787E9DC43BE94F9BF0111FF
:1051200022CCFD5706CE230BF5008357E5062A84D3
:105130009DC783460507834585009307C003A30BDE
:10514000F50001461305C003EFA02FC80945EF6025
:10515000AFA822856244F24005616FF0CFEA834731
:10516000E5000547BD8B6386E70083470506918B05
:10517000F1DF9717FE1F9387670783A7070E93F743
:10518000072085C302C402C202C08148014881478A
:1051900001478146054681451305C003EFA08FC036
:1051A00075B702C0814801488147014781460546DD
:1051B00081451305C003EFA0CFBC49BF23A8A1C4FC
:1051C0008280411106C69717FE1F83C717DA89EB45
:1051D00017D5FFFF13050558EF60CEB7EFD04FE9A5
:1051E00097E7FFFF9387678D1717FE1F2322F706A8
:1051F00097F7FFFF9387E73E1717FE1F232CF7044F
:10520000B24097070000938727CA1717FE1F232570
:10521000F70497F7FFFF938727371717FE1F232FF2
:10522000F7024101828011C98327050A93E7070825
:105230002320F50AFD572303F502828023ACA1C485
:1052400082809717FE1F938767FABC4B9C5799E3A0
:105250003E85828003D78701E30CA7FE93878705ED
:10526000FDB7011122CC06CE2A84034565029307BF
:10527000F00F2E866309F5002EC6EF606E8E324663
:10528000FD572303F4028347A402035784049306C3
:10529000640293E707062305F40283570404A285FA
:1052A000F240BA972313F404624417050000130573
:1052B000C5F705616F503EF7011122CC06CE2A8456
:1052C000034575029307F00F2E866309F5002EC67D
:1052D000EF600E893246FD57A303F4029306740271
:1052E000A2856244F240171500001305A5EB056185
:1052F0006F507EF3011122CC06CE2A84034585022D
:105300009307F00F2E866309F5002EC6EF604E85D9
:105310003246FD572304F40293068402A2856244B8
:10532000F24017150000130585EA05616F50BEEFC6
:1053300003467514ED479715FE1F83D545ED971667
:10534000FE1F83D686ED1717FE1F035727ED231088
:10535000F51C231EF51A231CB51A231AD51A231B74
:10536000E51A8947630BF606930780148348651492
:105370002311F51C09481716FE1F130626E7639232
:10538000080703568602231DC51A0566130606A9DB
:10539000231FC51A6D482E866373B8006D4693159A
:1053A00006012314C51C6D48C18136866373D8007D
:1053B0006D462312C51C8356E51B0356A51B63735C
:1053C000D600B2862315D51CBA8663F3E700BE86E5
:1053D0002313D51C2307B50482808567938707A90B
:1053E00071B703566602231DC51A130680144DB704
:1053F0000347651489468357A51C631ED70283564D
:105400008514938787E899C6B3C7E702938757FD4A
:10541000214731A02147B3C7E702938757FDB3C7A0
:10542000E7020357851CC207C18363F3E7003E8789
:105430002307E504828085466316D7009387C7FB60
:105440001147F1BF938707FBE1B78357451B03570C
:10545000051C411106C663F3E7003E879318070158
:105460008357251C0357651B93D808016373F70006
:10547000BA87139807018356C51B8357851B13589A
:10548000080163F3D700BE860357A51B8357E51BAE
:1054900013930601135303016373F700BA8783461E
:1054A0007514C2070947C183639AE60005661306AF
:1054B00006A942876370C802328729A8032705100E
:1054C0009316470163CC060005661306868442875F
:1054D000E36406FF13180701135808018346651497
:1054E0000947639EE6060357A5039306204E33073C
:1054F000D70293F6F80F9A061386F63C9386C64FAA
:10550000634406019306C812158F63D3E7003E87F4
:10551000420705664183130606A9BA876373C7006D
:10552000B287C207C1830356451C13F7F80F937661
:10553000F30F6316E6040356651C63120605035653
:10554000851C631ED6020356A51C631AF602230EA1
:105550000506EFF0FFE90945B240410182800327CB
:10556000051093164701E3C006FC05661306868402
:10557000BE856373F600B2859397050165B705464E
:10558000230EC5062312E51C2313051D2314D51C69
:105590002315F51CEFF0DFE501457DBF0357A51B83
:1055A0008357E51B411106C66373F700BA870346AC
:1055B00065141397070189464183631BD6068566E8
:1055C000938606A96373D700B687139707014183B3
:1055D0008357A51C6387E70085472315E51C230E29
:1055E000F5060357651B8357251C6373F700BA87BD
:1055F0000346751413970701894641836317D60440
:105600008566938606A96373D700B687139707014B
:1056100041838357651C6387E70085472313E51C97
:10562000230EF506EFF0DFDCB24001454101828038
:10563000856713868784E37DE6F8832605109387C4
:105640000780F58FD1F7328761B785671386878426
:10565000E371E6FC8326051093870780F58FD5FB61
:10566000328745BF0357A50495470356E503B307A3
:10567000F7028356A50393D537406355B600118FC3
:1056800093173700B3C7D702C207C1832314F504A9
:105690008280832745110D469306F00F03C707004C
:1056A0000D8BA306E5006314C70083C62700A30B78
:1056B000D50003C70700418B2309E50083C7170006
:1056C000230BF50082808347C500CD9B2306F500A0
:1056D0008280832745110347C50083C7070093567F
:1056E00037408987B58F858B99C713478700230675
:1056F000E5000145828005458280832745110347E7
:10570000C50083C70700935627408D87B58F858BCB
:1057100099E7134747002306E500014582800545C8
:1057200082808327450E85072322F50E91E7832784
:10573000850E85072324F50E8327850E93F707082A
:1057400091C785472322F50E2324050E8347A50222
:1057500093F7070491CF8357050403578504BA973D
:105760002313F5048327450A93F7F7BF2322F50A8D
:1057700082808327C50E85072326F50E91E78327B0
:10578000050F85072328F50E8327050F93F70708D4
:1057900091C785472326F50E2328050E8347A502CA
:1057A00013F7070409C793E707022305F502828070
:1057B0009717FE1F938787A383A78709014505478E
:1057C00091E3828083C6B7006393E60005059C439E
:1057D000C5BF411122C491452A84014506C6EF6028
:1057E000CE82231BA4041717FE1F035727AB854740
:1057F00063F1E7060355A41C8357641C37460F006A
:1058000013060624AA97938717271705FE1F03552B
:10581000657AB3A5A70281463305F502EF40F02C67
:10582000835704040357E4058355840505461D8FFB
:105830003307B702832704091383F5FF130E800291
:105840003E979717FE1F9387679A83A88709636619
:105850006600B2402244410182803308C603C687F5
:10586000FD563A9881E7231BC404E5B76314F4009E
:105870001C40F5DB83AEC7086398BE0083A607090A
:10588000B306D840B3F6B60263E4A6009C43D9BF82
:10589000090675BF1717FE1F035747A0854763F119
:1058A000E70A411122C48357651C2A840355A51CAD
:1058B00037460F0013060624AA9793871727170564
:1058C000FE1F0355256FB3A5A702814606C6330503
:1058D000F502EF409021034654059717FE1F93876A
:1058E000E79083A887097D1685461303800263E647
:1058F000C600B2402244410182803387660283277A
:105900000409FD553E97C68781E7231BD404D5B70C
:105910006314F4001C40F5DB03AEC7080328C40879
:10592000631A0E0103A80709B305E8406364070181
:10593000B305074163E4A5009C43F9B7850645BF5D
:1059400082801717FE1F03576795854763F5E70E9B
:1059500041119717FE1F9387678922C403A4870903
:1059600006C626C2A28789EB09EC230E0500B240C9
:10597000224492444101828003C7D7016DFB9C43BE
:10598000DDB76314A40000406DD08347B400D5E3B5
:105990000327C4088327C508630DF7080347C5011B
:1059A00093070008AA84631DF7048357A4031946CC
:1059B00093050008231AF506231BF5068357C40335
:1059C000231DF5048357E403231EF50403558500C6
:1059D000EF20307F8547A38EF40083C7C40193F77F
:1059E000F707238EF400130584062244B240924444
:1059F00031469305F00F410117B3FD1F6700437750
:105A00008357A503194693050008231AF406231BA0
:105A1000F4068357C503231DF4048357E503035598
:105A20008400231EF404EF20D0798947A30EF400EC
:105A30005DBF004015BF230E05008280411126C2C4
:105A400006C622C41717FE1F035747858547AA8439
:105A500063F8E71A83278510898B6383071A9707F2
:105A6000FE1F9387A77883A78709BE85ADED03D670
:105A7000841C01447D581306260205862D067D559B
:105A8000A5EB630E04108347B4000357A403D5EBC2
:105A90008947231CE404A30AF4040357040683572C
:105AA00004042285BA97C1071D8B998F231FF40424
:105AB0008357C403231DF4048357E403231EF40413
:105AC000EFF03FD18327440A93E717002322F40A1B
:105AD0008547230AF4008D47A30EF400B240224408
:105AE00092444101828003C7D5016DFB8C41BDBF4B
:105AF00098436394970051D7BA8783A6070903A7F1
:105B0000040963E2E6023387E64083A6C40863F42F
:105B1000E6003377D7026376A7003A856373C70040
:105B2000BE859C43B1BF158F83A6C70863F4E6000A
:105B30003377D702E37707FF3A88E374C7FE3E84E2
:105B4000CDB783D7A403B3F7E702C9FB9D469947B6
:105B500063F5E600935717008D070567231AF406CF
:105B6000130707C88A076353F700BA87231BF40695
:105B70008357C4030355840013065002231DF40405
:105B80008357E40393050008231EF404C947A30EBA
:105B9000F4002244B240924441016F209062ADC1B2
:105BA00003D7A40383D7A503B3F7E702B1EB838739
:105BB000C40163D707049D46994763F5E6009357F0
:105BC00017008D070567239AF406130707C88A078D
:105BD0006353F700BA87239BF40683D7C40303D526
:105BE000840013065002239DF40483D7E403930535
:105BF0000008239EF404CD47A38EF400EF20705CD0
:105C0000238E0400E1BD9707FE1F83C7E73AAA85EC
:105C1000A5E723AE01C49707FE1F23A90766835794
:105C200065081706FE1F0356E63803270509B387E4
:105C3000C70237460F009306F62313060624B697CD
:105C4000B3D7C7021706FE1F0346D62F3E96636ED4
:105C5000C7003306C74003A7C508938695021715EA
:105C600000001305E53D6F50AEA49707FE1F938714
:105C7000E733DC433E97F1BF8280938781C5984329
:105C8000011126CA06CE22CC4AC84EC6AA8451C7E4
:105C9000BE891707FE1F035767608547631FF70616
:105CA00003D464089707FE1F83D7C730032505096F
:105CB0003304F402B7470F001387F72393870724B1
:105CC0001709FE1F1309892E3A943354F402636FA7
:105CD00085069387C1AD9C43330485408297636BEF
:105CE000A406B307A4401704FE1F0344B42505808F
:105CF00083A9090001456371F40237450F0033841D
:105D0000874013050524B335A40203568900814654
:105D10003305A402EF40605D8299930700FB23875F
:105D2000F4009707FE1F83C7272995EF83C79402C6
:105D300062448545F240D2444249B249B395F500E8
:105D4000C205C181014505616F502EA4832749001A
:105D50003E9541B7330785408147E35607F88327CF
:105D600049003E94BDBFF2406244D2444249B24928
:105D700005618280411106C6EF10404319C983278F
:105D80008511014581E7B240410182809C430505B0
:105D9000D5BF7D55CDBF9707FE1F9387274583A7A6
:105DA000470A411122C426C206C62A84AE846396DD
:105DB000A7009707FE1F23AD074C8327041281CB52
:105DC00003558400014693050008EF20903F835758
:105DD000440481CB035584004D4693051008EF2001
:105DE000503E03558400154693051008EF20703D82
:105DF000B240230A9404230504002308040022442B
:105E000092440145410182808347A5006388073899
:105E100083570508411122C406C626C285072310F0
:105E2000F5088347F500230C05002A8413F72700A3
:105E300005E703570504954763E4E700014501A81A
:105E40009305E003EFF03FF5A305A4020945B24036
:105E5000224492444101828013F7070239CF93F71D
:105E6000F7FDA307F5008327050A0347B500A3053F
:105E7000050293E747002320F50A8547631FF702D1
:105E80008357A5031306204E03274509B387C7028E
:105E90009706FE1F83C6060B93860605B3D7E70257
:105EA000034775033307C702B697C207C18323129E
:105EB000F5088607BA972311F50883471401858BE7
:105EC000F5CB8357E40503570404639CE728835705
:105ED000C4038355C405034584022310F406834795
:105EE0005405231FB4029205A30BF40283576405E3
:105EF000F915231CF4028357A405231EF402EF5066
:105F00004E8E8346B400231004088357840317077A
:105F1000FE1F0357270A6395061EB387E702130780
:105F200000321706FE1F13066608504293870719B2
:105F3000B3D7E70203270409D1073E97BA86636403
:105F4000F7006364C700B306C7408357840523285E
:105F5000D408231DF4028347D40181C72285EFF0C2
:105F60007F938357A4031707FE1F0357A7049306C5
:105F70000032B387E7022311040233D6D702B3F706
:105F8000D7029306204E2326C408B387D702B3C78F
:105F9000E7022310F402835704042312F402834718
:105FA000F40093E70702A307F40083471401F99B69
:105FB000A308F40083471401898BB9C70357E4127F
:105FC00083570404B306F740139606016340061A8C
:105FD000631CF7028147014893048413232CF412B5
:105FE000232E0413154693058412268597B0FD1FB2
:105FF000E78080142685EF10E06B83471401A30629
:10600000A412F59BA308F4008347140113F70701BA
:1060100025CB8356C414035704043386E6409315F6
:10602000060163C50514639DE604BD9BA308F40047
:106030008347A41481CB13F7270063030714854714
:106040002303F4148347B41481CB13F727006300B0
:1060500007148547A303F4142285EFF02FD4834758
:10606000C40799C78327040A93E707102320F40A7B
:106070008327040AA305040293E707202320F40AD8
:106080008347140113F7070221C31707FE1F1307E5
:10609000E715384B13068005834647001857B3862B
:1060A000C60236978356C701035704043387E64078
:1060B00013160701634A06000357C4146316D7007A
:1060C00093F7F7FDA308F4008347A40293F70704AE
:1060D000E38607D60357640483570404E310F7D616
:1060E000034704019307A0046315F70085472308BD
:1060F000F4008327440A93E707402322F40A3DBBB8
:106100008346441783558405A18A99CE0356040417
:10611000835664170355A403918EB386A602B3C6B3
:10612000B602B296231BD41695CBB307F70213071A
:1061300000321706FE1F130666E7504293870719C1
:10614000B3D7E702032704093E97BA866364F700D2
:106150006364C700B306C7402328D408231DB402D4
:1061600009B5998F13970701E35607E49305800259
:106170002285EFF05FC2A305A40213058002C1B916
:10618000918B99C389476DBD2303041465BD918B21
:1061900099C38947C1B5A30304147DBD0545828019
:1061A00005C541119305200222C406C62A84EFF0DA
:1061B0009FBEFD57A305A40223080400A303F40215
:1061C000B24022444101828082800DC9411122C423
:1061D00006C68347F5002A849305E003898B91C3A3
:1061E000A145EFF05FBBFD57A305A40223080400FF
:1061F0002304F402B240224441018280828083273A
:10620000050A797122D406D626D24AD04ECE52CC77
:1062100056CA2A846387073613F7270019CBF59BE4
:106220002320F50A03558500194693050008EF2041
:1062300040798327040A13F747004DC3ED9B2320C1
:10624000F40A8347A40293F7070491CB8327440AF7
:10625000228593E707402322F40AEFF0AFC00347FB
:10626000B40085470346440183562406631AF76C3D
:106270008357A4031307204EB387E702032744097B
:10628000B3D7E7021707FE1F0347C7CB130707055E
:10629000BA97C207C1830347B4022312F4088607E2
:1062A0002311F4089307000819C393070004230E71
:1062B000F40019E68347A40293E717002305F402CC
:1062C00081EA035584000D4693050008EF20606FB6
:1062D00023110406230A0400A30E04008327040AE2
:1062E00013F787000DC303558400DD9B2320F40AB8
:1062F000154693050008EF20C06C8347A40293E77E
:1063000047002305F4028327040A13F7070139C75E
:10631000BD9B2320F40A8347D404035584002146FF
:1063200089C7A30604041306000393051008EF2091
:1063300040698347C40489CF83278410C18B89CBEC
:106340008355A40422859205C205C181EFE07FF147
:106350008347A40293E717002305F4028327040A66
:1063600013F7070415CB0347F40493F7F7FB232037
:10637000F40AA14763FBE7008347B40099E783274A
:10638000440A93E707012322F40A035584003146A7
:1063900093051008EF20E0628327040A13F7070231
:1063A00045CB8346B40093F7F7FD2320F40A032777
:1063B000C4108327841099EA1377070801CB0327B9
:1063C000440A37064000518F2322E40A93F707025C
:1063D0006383075AADE28357641B0357641C63044D
:1063E000F7028346741409476391E658056713075B
:1063F00007A9637AF7008327440A05671307078014
:10640000D98F2322F40A8357A41B0357A41C6304C7
:10641000F702834664140947639CE6540567130733
:1064200007A9637AF7008327440A056713070780E3
:10643000D98F2322F40A03558400114693050008DE
:10644000EF2020588347A40293E717002305F402A6
:106450008327040A13F7071005C70355840093F731
:10646000F7EF2320F40A230E04061D4693050008C7
:10647000EF2020558347A40293E717002305F40279
:106480008327040A13F7070809CF0355840093F7FD
:10649000F7F72320F40A1306700593051008EF2080
:1064A00040528327040A13F7072031C393F7F7DF1D
:1064B0002320F40A83476414230F0400A297038562
:1064C0006716A301A414EF405FAE2301A414228534
:1064D000EFE01FF203558400314693050008EF20DA
:1064E000404E8347A40293E717002305F402832755
:1064F000040A139727016357070079777D17F98FEF
:106500002320F40A8327040A13970701635A070418
:10651000834504031705FE1F034575CDEF508EA676
:106520008357A4031307204E232AA408B387E70246
:1065300061777D17B3D7A7021705FE1F034585A016
:1065400013050505AA972312F4088347A40293E7CD
:1065500017002305F4028327040AF98F2320F40A85
:106560008327040A858B91CF8347A4028345440582
:10657000228593E717002305F402EFF0DF81A305DE
:10658000A4028307141685C70307440399463306FC
:10659000F74063D9C63E8327440AB7061000D58F5B
:1065A0002322F40AED57A302F416A300E41683474E
:1065B000A41613F7270045C38306440303072416D4
:1065C00063DCE6000327440A37061000518F2322BC
:1065D000E40A1147A302E41603073416635CD700EC
:1065E0000327440A37061000518F2322E40A71570B
:1065F000A302E416030704161306F007630CC70290
:106600000346D4160345E416158F62076187B30667
:10661000A6406355D73893F607016391063893F780
:10662000F7F893E707012305F41683570417850746
:106630002319F4168357241799CFFD17C207C18376
:106640002319F41689EB0355840013060002930501
:106650000008EF2000378347A400B9C38327041242
:1066600099CF8347A40181EF035584000146930528
:106670000008EF20003501E58547230DF40083571E
:10668000440499CF8347140381EF035584004D469A
:1066900093051008EF20E03201E58547A308F402D6
:1066A0008347441713F7070169CBBD9B230AF416F0
:1066B0008327440A898BF1E303470401D547630E1E
:1066C000F70A83471401898BCDEB81448149014945
:1066D0008D4A130A5002139784016187937737001C
:1066E000098722970347D7178607B397FA007D8F4C
:1066F000638BE700268605458145EF30703CB3E9A2
:10670000A9003369B9008504E39744FD0325841388
:106710008325C413337535012AC4B3F52501280038
:106720002EC6EF0030798347541363E0A702034578
:1067300044037D578547591562052C0061853AC48D
:106740003EC697B0FD1FE780803603278413A2471B
:106750006317F7000327C413B2476300F702154617
:106760002C001305841297B0FD1FE780E09C83275F
:10677000440A93E727002322F40A83464417A547D7
:1067800013F796006316F70403570404835764173E
:106790006360F704B307F74013960701634A0602E4
:1067A000834754171306000A0507B387C702035629
:1067B000A403DD9A230AD416B3C7C702BA97231BD2
:1067C000F4168327440A37078000D98F2322F40A5E
:1067D0008347A402E1CB918B91CF03460401C165AD
:1067E000938505A02285EFE03FAD8347A402ED9B92
:1067F0002305F4028347A402858B8DC303457402ED
:106800009307F00F6307F500EF409EB5FD57A30314
:10681000F4028347A402F99B2305F4028347A402F0
:10682000898B91CF8355E403034584029205F915C2
:10683000EF402EFB8347A402F59B2305F402834718
:10684000A402A18B85C38355E4030D4622859205DE
:10685000F915C205C181EFE03FA68347A402DD9B85
:106860002305F4028347A40213F7070101CF034570
:10687000640293F7F7F82305F402EF407EAEFD576C
:106880002303F4028347A40213F7070201CF8355C1
:10689000A4040345640293F7F7FD2305F40292056F
:1068A000EF402EF48347C40193F7070C89CB0347CD
:1068B000B400854722856313F712EFF02F988357B2
:1068C0000404B5C713074006B3F7E702ADE39387A7
:1068D00041C59C43898BA1C797F4FD1F9384046530
:1068E000985815CF9707FE1F83D74791C207970582
:1068F000FE1F83D5C590DD8D254502979C589705D1
:10690000FE1F83D5858F294582979C5883152403C4
:106910002D4582979C5883054403314582979707FC
:10692000FE1F239C078C9707FE1F23A9078CB250DC
:10693000225492540259F249624AD24A45618280F5
:1069400093070004230EF40019E68347A40293E79B
:1069500017002305F402E39F0696035584000D46B5
:1069600093050008EF20E005B5B21307801451B479
:10697000130780147DB48327440A7D771307F77FBC
:10698000F98F45BC998FE3D4F6C28327440AB70632
:106990001000D58F2322F40A954731B18346B416EF
:1069A0008345C4163388B600635BE80013F8070418
:1069B0006317080093F7F7F893E70704ADB12A9639
:1069C000E34AC7C68D8EE3C7E6C613F70702E31393
:1069D00007C693F7F7F893E70702B1B1EFE07FF648
:1069E000F9BD01119707FE1F9387478022CC03A4AE
:1069F000070A26CA97F7FD1F83D7C75B835464082D
:106A0000032504094AC8B384F402B7470F0013876B
:106A1000F7239387072406CE4EC652C456C217F9F1
:106A2000FD1F1309A958BA94B3D4F402636F9502F9
:106A30009389C1AD83A70900B3049540829763EAA7
:106A4000A402898C63CB040283570404A30F0400BF
:106A500085072310F40483470414639507122285E5
:106A600097C0FD1FE780A0A81DA2832749003E957F
:106A7000C1B783274900BE94E9B783A7090082976D
:106A800003278408636AE50A198D8357E40317F71F
:106A9000FD1F035727528E07B387E7021307003203
:106AA00093870719B3D7E70263EDA708374A0F00AA
:106AB000930AFA23130A0A24835704048507231030
:106AC000F4048347041491E7228597C0FD1FE780F3
:106AD00000A22285EFF04FB3631A0526832604092E
:106AE0008327C40803274900B6973E8563E4D7008F
:106AF00063E4E7003385E7408347F4018354640887
:106B00002328A4088507A30FF40097F7FD1F83D758
:106B1000674AB384F402D694B3D44403636C9504F7
:106B2000B304954083A70900829763E9A4043385E1
:106B3000A440E34305F809BF83274900998F3E9598
:106B4000A9B7A1452285EFF00FA5A305A40297F7E9
:106B5000FD1F9387A73D03A307036309031E624438
:106B6000F240D2444249B249224A924A89451545E7
:106B700005610283B3049740AA946DB78327490047
:106B8000BE9475B7228597C0FD1FE780A0A022851F
:106B9000EFF08FA7631C051A8357640817F5FD1FD4
:106BA00003554541B7460F00B387A7021386F62366
:106BB0009386062403270409230B0402032A4900B1
:106BC000B297B3D7D702636CF718B307F7408326A1
:106BD000C4082324F408814AB387E600BE8463E432
:106BE000D70063E44701B384474183570402232855
:106BF0009408B1CB835604040357440237460F0070
:106C00002312D4023387E640B387E70203572402F6
:106C10001306062481468145BA97C207C18333858E
:106C2000A7022311F402EF30406C11CD2695B33446
:106C30009500AE94AA8763949A0063644501B307F4
:106C400045412328F40883A709008297AA8483A7D3
:106C500009008297E30D95FE83A709008324840829
:106C6000829763E3A4103385A440630C0510835717
:106C7000640897F9FD1F83D9E933B7440F00B38740
:106C800037031387F42393840424BA97B3D7970266
:106C900017F7FD1F0347172BBA9763E4A70EB33509
:106CA0009502035924024E86814633059502EF3042
:106CB000C063330AA9003305390337460F001306B2
:106CC000062481468145EF30406205C1B337950205
:106CD0004E868146B385B4023385A402BE95EF305B
:106CE000C0603305A9402311A4023545EF40CFEE23
:106CF00097F7FD1F23AC87588346B400054797F7E5
:106D0000FD1F83C7672B6395E606130700FD230766
:106D1000E40099E78145938701C68843EF404EF12F
:106D2000938641BB9042954717F7FD1FA301F7409B
:106D30005846F977FD17F98F5CC60F1000009C428A
:106D40008966060A94C723A24707D8C7F24062445F
:106D5000D2444249B249224A924A05618280B3062E
:106D60004701B387F640A5B583274900BE94E5BD2A
:106D7000130710FC2307E400C5F78145938701BA88
:106D800069BF97F7FD1F23A3075097F7FD1F83C720
:106D9000A722CDFF8347940285456244F240D24446
:106DA0004249B249224A924AB395F500C205C181CF
:106DB000014505616F406E9D011122CC4AC84EC647
:106DC00006CE26CA52C456C25AC00347B5008547EC
:106DD0002A842E8983290509631DF71E8357050818
:106DE000035BC50397FAFD1F83DACA1C17FAFD1F60
:106DF000130ACA1B63F7671B834605016393E61AF0
:106E000003278511631F07180327450A631B07180B
:106E10008346F5001D476396E6180355A503330B1B
:106E2000FB409307204E330565038324440937460E
:106E30000F008146130606243305F50297F7FD1F60
:106E400083C74710B3549502B3B5AA02BE94C204D7
:106E5000C180231394083385AA02EF300049B30799
:106E6000350133B5A7002E953E8783264A0019E1E8
:106E700063E4D7003387D740B3845403B7460F0089
:106E80009387F623938606242320E900A697B3D799
:106E9000D702DA976361F7101D8F2320E9009389E9
:106EA000C1AD83A7090083240900829763E6A41279
:106EB0003385A4406355050C83A7090082970327F7
:106EC00009006362E512198D8357E40317F7FD1F6C
:106ED0000357470E8E07B387E702130700329387E5
:106EE0000719B3D7E70263E8A710374A0F00130B5F
:106EF000FA2397FAFD1F938A6A0B130A0A24835711
:106F0000040485072310F4048347041491E72285C1
:106F100097B0FD1FE780A05D2285EFE0FFEE65E9F9
:106F2000832604098327C40803A74A00B6973E8531
:106F300063E4D70063E4E7003385E7408347F40167
:106F4000835464082328A4088507A30FF40097F747
:106F5000FD1F83D72706B384F402DA94B3D4440325
:106F60006366950CB304954083A70900232099001C
:106F7000829763E1A40C3385A440E34205F897F7B8
:106F8000FD1F83C737FC63E5A70897F7FD1F23AFF5
:106F9000872E0145B5A883264A00B387F6403E9761
:106FA000EDBD8354640837470F009307F723B3847C
:106FB0005403BE9493070724B3D7F40263E7F900A0
:106FC000B387F9402320F900D9BD03274A00BA99B5
:106FD000C5BF23A03501E1B597F7FD1F938707FDD6
:106FE000DC43BE94F1B597F7FD1F938727FCDC4384
:106FF000998F3E95D1BDA1452285EFE0DFD9A3054C
:10700000A40297F7FD1F938767F29C5B81EF7D5584
:10701000F2406244D2444249B249224A924A024B67
:1070200005618280894515458297D5B7B30497409D
:10703000AA941DBF83A74A00BE9435BF25C1011184
:107040006C0022CC06CE2A84EFF01FD729C5FD574D
:107050006308F50297F6FD1F938646EDD45232473A
:1070600097F7FD1F83C717EE91C28583636EF70004
:10707000B307F7403EC6B24503459402EF404E8247
:10708000F24062440561828097F6FD1F938606F206
:10709000D4423697F1BFEFF0DF94DDB78280411123
:1070A00022C406C62A8483278411CDEF83270412C5
:1070B000E1EF0325041109C597B0FD1FE780000823
:1070C000034574029307F00F6304F500EF404EA9E7
:1070D000034564029307F00F6304F500EF404EA8E8
:1070E000034584029307F00F6304F500EF404EA7B9
:1070F000034594029307F00F6307F500EF404EA697
:10710000FD57A304F40203558400552497F7FD1F8F
:1071100083D7C718A1E723AE01C497F7FD1F938754
:10712000E7E8DC4317F7FD1F2328F71697F7FD1F45
:107130009387C7DF9C479DC397F7FD1F9387C7E2DF
:10714000885309CD97B0FD1FE78040FF97F7FD1FDB
:1071500023AC07E297F7FD1F23AA07E2B2402244BF
:1071600041018280C84309C597B0FD1FE78000FD3B
:107170008327841103D7A700136707F02395E7003F
:107180009C43232CF41005B7C84309C597B0FD1FD5
:10719000E780C0FA8327041203D7A700136707F01C
:1071A0002395E7009C432320F41209B797F7FD1FAE
:1071B0009387C70383A7870999E33E85828003D716
:1071C0008700E30CA7FE9C43C5BF97F7FD1F93877D
:1071D000E70183A7870A17F7FD1F034717D6416604
:1071E000050781467D1683D5A7006389A5006387BF
:1071F000C5008506C107E3E8E6FE81473E8582803B
:1072000097F7FD1F938787FE83A7870AC9EF411170
:1072100022C417F4FD1F0354440013041402158400
:107220004AC0160417F9FD1F034939D10509420464
:1072300026C24180931449003305940042054181E0
:107240009305402406C697B0FD1FE780C0E205C540
:1072500097F7FD1F23A0A70497F6FD1F83C6F6CD61
:1072600033079500B306D9408147130640F59305CF
:1072700020F563E82701B2402244924402494101CB
:10728000828063FDD70058C12315B500229785077A
:10729000C207A3040500C1834105E1BF2315C50052
:1072A00023220500EDB78280411193053026130596
:1072B000001D06C622C426C297B0FD1FE780A0DBD2
:1072C0001306001D81452A8497A0FD1FE78040EA30
:1072D000014515C897F4FD1F938444F183A68409E2
:1072E00095CA3687854703568700630EF60618430E
:1072F0007DFB2314F400A9EB228597B0FD1FE780E6
:10730000E0E303558400B24022449244410182806C
:107310003687D1BF85472314F40017F7FD1F2323B9
:1073200087F617F7FD1F232187F617F7FD1F231791
:10733000F7F6EFF0FFEC83A7C40923A007002305AD
:1073400004002307040075BF83A7C40980C397F70F
:10735000FD1F23AB87F283D7040B850717F7FD1FAB
:10736000231EF7F2C9BF13871700931707011316DF
:107370000701C183E35E06F88147A5BF97F7FD1FAC
:107380009387C7E603A5870A11CD411106C697B0BA
:10739000FD1FE780A0DAB24097F7FD1F23AC07EE90
:1073A0004101828097F7FD1F23A607EE82804111DD
:1073B00022C417F4FD1F130464E38326840906C660
:1073C0000147B687A5C703D687006317A60615EF42
:1073D000984297F6FD1F23A7E6EA3E8597B0FD1F6A
:1073E000E780C0D58327C40923A0070097F7FD1FB6
:1073F00083D7C7EA9DE7EFF07FF897F7FD1F23A338
:1074000007E8B2402244410182808326C409639781
:10741000F60097F6FD1F23A9E6E6C1B7944314C30F
:107420006DBFFD1717F7FD1F231AF7E697F7FD1F2E
:1074300083D7C7E6F9F7C1B73E879C4361B771466A
:10744000814517F5FD1F1305E5E317A3FD1F670031
:1074500023D28327C50803568508797193D607017F
:10746000BD8EC206C182358E135776409357564063
:10747000898B058B5D8F93573640918B5D8F93572A
:107480001640A18B5D8F93171600C18B5D8F9317EC
:10749000360093F707025D8F9317560093558600C9
:1074A00093F707041E065D8F1376F60F518F93D75F
:1074B000554013D63540118A898BD18F13D675402C
:1074C000D18F13D61540218AD18F13961500418A8A
:1074D000D18F1396350013760602D18F139655007F
:1074E000137606049E05D18F93F5F50FCD8FA20775
:1074F00045465D8F3307C70222D42A8426D252CC58
:1075000056CA032A040A832A440A5AC806D636975A
:107510004207418393577740135557400989858B1C
:10752000C98F135537401189C98F135517402189C9
:10753000C98F131517004189C98F131537001375AB
:107540000502C98F1315570093558700137505045D
:107550001E07C98F1377F70FD98F13D5354013D76F
:1075600055401189098B498F13D57540498F13D523
:1075700015402189498F139515004189498F13952D
:10758000350013750502498F1395550013750504D1
:107590009E05498F93F5F50F4D8F2207D98FB3873D
:1075A000C7024AD04ECE5EC662C4B697C207C18338
:1075B00013D7774013D557400989058B498F13D5C9
:1075C00037401189498F13D517402189498F139569
:1075D00017004189498F1395370013750502498FAC
:1075E0001395570093D58700137505049E07498F9F
:1075F00093F7F70FD98F13D5354013D7554011891D
:10760000098B498F13D57540498F13D515402189B2
:10761000498F139515004189498F139535001375CE
:107620000502498F13955500137505049E05498F72
:1076300093F5F50F4D8F2207D98FB387C702130635
:1076400050025285D685B697BD8E93940601C180AF
:1076500033F6C402137BF60FEF20F04305891DE9D2
:107660008347140801498149B3849702130C5002DF
:10767000C1804A865285D685EF20F0410589937BEB
:10768000F90F11C563863403850993F9F90F0509CC
:10769000E31189FF230F6407B25022549254025918
:1076A000F249624AD24A424BB24B224C4561828037
:1076B0005E8BCDB783471500034725008346450001
:1076C000A2074207BA9703470500FD8A0548BA9703
:1076D000034735009305000201456207BA97014749
:1076E0003316E8007D8E01C605051375F50F0507F5
:1076F000E318B7FE8147214633D7F640058B01C713
:1077000005051375F50F8507E398C7FE8280011103
:1077100052C656C4032A8513832AC51322CC26CA0F
:107720004AC806CE2A84A30B0512A306051281447B
:107730001309500226865285D685EF20D03505895B
:1077400011C58347D4128507A306F4128504E39379
:1077500024FFF2406244D2444249324AA24A0561BF
:10776000828017F7FD1F0347979C9547630BF7002F
:1077700097F7FD1F9387479B83C777000D47631FCC
:10778000F70097F7FD1F83C7B79A639B071093070E
:10779000701017F7FD1F231DF7988280411197F78E
:1077A000FD1F9387A7A40D4522C426C203A4070981
:1077B00006C64AC0EF305FC2938781BA944337C789
:1077C000898E130767ED98C637575500130757552D
:1077D000D8C20347A4039306F00FBE846307D70003
:1077E000FD57A30CE402230DF402034594038947DB
:1077F0006306F5008547A30CF4020145138941BBDC
:10780000032709000146930550025C4393E71700E4
:107810005CC3930720FB2303F4009D4717F7FD1F6C
:10782000A307F79097F7FD1F2380079097F7FD1F99
:10783000238E078EEF30BF920326090097F7FD1FB6
:10784000A386078E97F7FD1FA380078E85471CC26E
:107850009C40B705330098431377F7E798C39843E4
:107860001377F7E71367071098C31387C1BB184353
:107870001447CD8E14C79306900D34CA5457F59A09
:1078800054D7034754009376F7079843137707F8C4
:10789000558F98C3B24022449244024941018280EC
:1078A0008280411126C297E4FD1F9384E46B22C4B9
:1078B0002A8403C53400C14506C6EF30DEA503C5E2
:1078C000340093050002EF301EA597F7FD1FA3803B
:1078D00007862302040023130400B240224492448A
:1078E00041018280411197F7FD1F9387279022C4A1
:1078F00006C617F7FD1F0347B78303A4070997F7C9
:10790000FD1F9387678201CF97F6FD1F83C64682CE
:107910000D476396E60017F7FD1FA30B078003C70B
:107920007700A1466387E60003C777009946639D09
:10793000E60083C7770017E7FD1F230BF77E854717
:1079400017E7FD1FA306F77EEF30BFA12285EFF0FA
:107950005FF513063002930500080145EF1060063D
:10796000034504049307F00F6307F500EF305E9FB3
:10797000FD572300F404B2402244410182805D712E
:10798000CAC0138941BB83260900A2C452DC56DA5F
:1079900086C6A6C24EDE5AD85ED662D466D26AD0F9
:1079A0006ECE9307000A138A81BAFCD283270A009D
:1079B000938AC1BBB7053300D8572A84719B1367DC
:1079C0001700D8D798431377F7E798C398431377EE
:1079D000F7E71367071098C303A70A0010474D8EF7
:1079E00010C71306A00DB0CA5057759A50D7034759
:1079F000E5071376F7079843137707F8518F98C375
:107A0000D842370600827D16799BD8C20347850687
:107A10001377F70393169701D857718F558FD8D7DF
:107A200037170040930770052300F704930780FA87
:107A30002300F70483068506B54763DAD72E8357FC
:107A4000270293E707012311F70283270A00032780
:107A5000C40893053002054598C703270409D8C315
:107A600097E7FD1FA383076CEF303EDA64449D4720
:107A70002308F400230FA4062380F4008547A38184
:107A800004002381F4007C4893F707209DCB9147A5
:107A9000A381F4008347E40A8346D40A78449A0712
:107AA000D58F2302F70083C72400814685072381F1
:107AB000F4000346040B8345D40A0345E40AEF307F
:107AC000CFFA7C4893F70740B1C303C734007C4426
:107AD00083C6240013678700A381E4000357A4082A
:107AE000B697A381E70083C7240078448346F40750
:107AF0003E978357A4089206A183BD8BD58F23029E
:107B0000F70083C7240089072381F40003C62400FB
:107B1000035744089307D00F918F97E9FD1F93896E
:107B2000E96C63D2E7220347040889476309F72019
:107B30008546930780426305D700856793878784CE
:107B400079479387771BB3C7E70283C6890793E614
:107B5000060197E5FD1F2387D570832609008565FB
:107B60008CC63387E7020607B8D283C6340093E693
:107B70000601A381D40078448346E4073297A30129
:107B8000D70083C62400784436972302F70003C742
:107B900024007444A187BA96034704081607D98FB6
:107BA000A382F60083C724008D072381F400834756
:107BB000040693F7070485C703C734007C4483C6D3
:107BC000240013670704A381E40003475401B69718
:107BD000A381E70083C7240085072381F40083473E
:107BE000C4070547C11793F7F70F6366F70603CB82
:107BF0002400154697E5FD1F9385A56F93073B006D
:107C0000032BC4043E9BA1472300FB009307800283
:107C1000A300FB0013052B009790FD1FE780C051C8
:107C20000347C407C1476319F71283578408A107A4
:107C30002311F408C547230EF40683472408A30341
:107C4000FB0083572408A1832304FB0083C724007F
:107C5000A5072381F40003564408014B31C203C732
:107C6000240068448325840A930737003E9583C720
:107C70003400C18B638C070E795B330BEB40137BB5
:107C8000FB0F5A869790FD1FE780004B8327840ADD
:107C9000DA973CDC83574408B38767412319F4061D
:107CA00003C72400814517D5FFFF130585CD9377C2
:107CB000F70385073E9B137BFB0FA3086401238119
:107CC000E4007C44856B9164A3806701930770F99D
:107CD0007844A305F40083270900B70C3300130D83
:107CE000A00DB8DBEF30CEF4034614018345040841
:107CF00001451D4B97A0FD1FE780E0CB938404292D
:107D0000EF302FE6938D8B8483C78907C18BB5E74E
:107D1000B640264496440649F259625AD25A425B0A
:107D2000B25B225C925C025DF24D6161828083579E
:107D30002702C207C183BD9BC207C18329B39167D4
:107D400093870729F5BB83C7890793F7F70E17E7D2
:107D5000FD1F2309F750A1BD03578408835724084A
:107D6000998F0947E34BF7ECC947F1B59790FD1F91
:107D7000E780803C034B440825B783C7890793F706
:107D80000702E5DF83C789070326090093F7F70C8D
:107D900017E7FD1F2308F74C9307000A7CD28327BF
:107DA0000A00D857719B13671700D8D798431377E9
:107DB000F7E798C398431377F7E71367071098C35B
:107DC00003A70A001447B3E6960114C72328A605A3
:107DD0005457F59A54D70347E4079376F707984327
:107DE000137707F8558F98C3032CC4042308640144
:107DF000054723006C01A3010C002301EC00784827
:107E00001377074005CF2147A301EC007844835640
:107E1000A4082302D70003472C0074440346F40748
:107E2000BA960357A408120621833D8B518F2382F3
:107E3000E60003472C0009072301EC0083452C00D2
:107E4000835624071307E00F0D8F6355D708834629
:107E50000408094626876388C60005461307804242
:107E60006383C6006E87F9461307771B3347D70233
:107E700003C689071366060197E7FD1F2384C73EE3
:107E80000326090023247601B306D702860634D2DE
:107E900003463C0013660601A301CC00744403466C
:107EA000E407AE96A381C60003462C007444B29644
:107EB0002382E60083462C00704421873696834651
:107EC00004089606558FA302E60003472C000D0711
:107ED0002301EC0003562407014721C203482C006C
:107EE00083463C00684413073800C18A3A952C5CED
:107EF000B5C67957330707411377F70F3A863AC665
:107F00009790FD1FE7804023345C3247BA9634DCFB
:107F100083562407998E2319D40603462C00014565
:107F20009376F603850636971377F70FA308E400D8
:107F30002301CC007C44A380E70003461401834561
:107F40000408930770F9A305F40097E7FD1FA38EBB
:107F5000071C97A0FD1FE78000A67DB39790FD1F2B
:107F6000E780801D03472407231904067DB7834754
:107F7000C507638A0722411122C406C626C24AC029
:107F800049472A84639CE7020357250883578508DD
:107F90006316F7029304050A154697E5FD1F9385BE
:107FA000453526859790FD1FE78000192685EFF05F
:107FB0006FF09147A300A408230EF4062285EFF08A
:107FC0004FC90945EF304FC10347C4078D476314BC
:107FD000F70A9147230EF4067C4817E7FD1F1307A5
:107FE000E72093E787007CC883479707898BEDDFFD
:107FF0008347970793F7C70F17E7FD1FA304F726DB
:108000009387C1AD9C4382970357640897E7FD1F90
:1080100083D747FA232AA4083307F70293070032CD
:10802000130707193357F70297E7FD1F938707F8E0
:10803000DC43B306E500368663E4A60063E4F6009D
:108040003386F640232CC40897E6FD1F83C696EFBF
:108050006360D602158E9306D407A285170500002B
:10806000130525F1EF20DEE42285EFF05F91B5A83E
:10807000958F3E96CDB71389C1AD832709008297AE
:10808000AA84832709008297E38DA4FE8327090031
:1080900083248409829763E5A4063385A44097E787
:1080A000FD1F83C737EA97E4FD1F83D4A4F063E381
:1080B000A70031ED835764081307003217E6FD1F50
:1080C0001306C6EEB3879702504293870719B3D7BA
:1080D000E702032784093E97BA866364F700636466
:1080E000C700B306C740232CD40883578408B24086
:1080F000924485072314F4082244024941018280F6
:1081000097E7FD1F938787EADC43BE9479B797E72B
:10811000FD1F83C7371593E7170017E7FD1FA3035C
:10812000F71437470F0013070724B335E502938789
:1081300041BB03A90700A16726862324F9008146D5
:108140003305E502EF20601A06052326A90617E786
:10815000FD1F1307A70983479707898BEDDF834727
:10816000970717E6FD1F130666E4504293F7C70F03
:1081700017E7FD1FA308F70E8357640813070032A3
:10818000B387970293870719B3D7E70203278409B8
:108190003E97BA866364F7006364C700B306C740BE
:1081A000232CD408D1B5828097070000938767DC21
:1081B00017E7FD1F2326F70A8280014582804111BF
:1081C00006C6EFE0BFFEB2401335150006054101BB
:1081D00082806FF0DFFE411106C6EFE03FFD0DC16A
:1081E0000357C5058356A5050356650783554507FF
:1081F00003558500EF708FBA0145B240410182807E
:108200000945E5BF011106CE22CCEFE03FFA59C186
:108210000346B50005472A8497E7FD1F938707FDAE
:108220006316E604B853094515CF03460403834695
:1082300057048358E4030358C4038357A4038355A6
:1082400084000345B4021307670432C00546EF708B
:108250004FB38347F400A3050402014593E71700D9
:10826000A307F400F24062440561828003A7070976
:1082700009456DDB834657078358E4030358C4035D
:108280008357A403835584000345B402130767078B
:1082900002C075BF0945F9B7011122CC06CE2A8468
:1082A000EFE0DFF02DCD8347B5020347A51523137B
:1082B0008100A302F10083479515A304E100230484
:1082C000F100A9E38347D5150307F5152306F1004F
:1082D000830735142305F100631DF7008947A305C3
:1082E000F1004800EF704FAF0145F2406244056174
:1082F00082800307E5156314F7008547CDB7A30512
:108300000100C5B7834705162305F1008347B5155E
:10831000A305F100834755162306F100D9B7094597
:10832000E9B7011122CC06CE2A84EFE03FE829CD3F
:1083300083070516A304810021802305810013070C
:10834000F007638FE70203474503998FA305F10008
:108350008347A51613F7070101C72306010039A0BB
:1083600093F7070281CF85472306F1002800EF70BD
:108370008FA60145F2406244056182808947EDB7CE
:10838000FD57A305F100D1BF0945EDB7411106C660
:10839000EFE0DFE119C98345051403558500EF704F
:1083A0004FA30145B240410182800945E5BF937565
:1083B000F50F01112E8506CE22CC2EC6EFC06FA080
:1083C0000DC12A8483460507B2450345750105465C
:1083D000EF70AF9F0145A30B0400F24062440561BA
:1083E00082800945DDBF411106C6EF70CF9DB240C6
:1083F000014541018280411197E7FD1F938707DF07
:1084000022C4E05F06C6094511C80355A40BEF70EE
:108410004F9B9307F00F231DF40A0145B2402244FD
:108420004101828097E7FD1F938747DCFC5F99CB72
:1084300041111385870B06C6EF706F98B240014556
:108440004101828009458280411106C622C4EFE0C5
:10845000FFD50DC983467514034665142A848355D8
:1084600085000345B5028506050693F6F60F1376DB
:10847000F60FEF708F940145A3050402B240224429
:10848000410182800945DDBF397106DE22DC26DA32
:108490004AD8EFE0BFD1630A05168346B500054709
:1084A0002A8497E7FD1F938767D46391E60CA45352
:1084B0000945D9C483C744041946898BC1CB8C585C
:1084C00083C7A500C1C7B10528089790FD1FE780A5
:1084D000A0C683C75404138964041946898BB5CF99
:1084E000CA8508109790FD1FE78000C58C58194673
:1084F000910528109790FD1FE78000C4834704036F
:108500008358A40383C654040346B40083558400EF
:108510000345B4023EC48357E40313080102381034
:108520003EC28357C4033EC03C08EF70AF87834709
:10853000F400A3050402014593E71700A307F40024
:10854000F2506254D25442592161828081452808F8
:108550009790FD1FE780C0C1ADBF8145081097907F
:10856000FD1FE780E0C01946CA8561B783A40709EB
:108570000945F9D483C744061946898BB5C3938549
:10858000640628089790FD1FE78000BB83C7440757
:10859000138964071946898BB9CBCA85081097904F
:1085A000FD1FE78060B983A544081946281091058E
:1085B0009790FD1FE78040B883A7440883C7370022
:1085C00093E72700A38AF4068358A40383C65407BD
:1085D0000346B400835584000345B40202C425BF9A
:1085E000814528089790FD1FE78080B845B708109F
:1085F00081459790FD1FE780A0B71946CA852810CE
:108600009790FD1FE78040B3C1B7094515BF4111E1
:1086100006C6EFE0BFB90DC10357651C8356451C64
:108620000356A51C8355851C03558500EF605FF735
:108630000145B240410182800945E5BF411106C6AE
:1086400022C4EFE0BFB60DC92A840357C50583567F
:10865000A505035665078355450703558500EF605B
:10866000BFF383471401014593E74700A308F400D3
:10867000B2402244410182800945DDBF411106C656
:10868000EFE0DFB20DC183478519034675199305E5
:10869000F51803558500A2075D8EEF60BFEF014519
:1086A000B240410182800945E5BF411106C622C49E
:1086B000EFE0DFAF0DC12A84130605108355850056
:1086C0000345B502EF60DFEC0145A3050402B240AB
:1086D0002244410182800945DDBF411106C622C402
:1086E000EFE0DFAC05CD0347B50285472A8463146C
:1086F000F700A30505020345B4020357C4058356DA
:10870000A4050356840583558400EF603FE80145C6
:10871000A3050402B2402244410182800945DDBF25
:1087200001111375F50F06CEEFB0BFE939C997E710
:10873000FD1F9387A7AB83A7070E93F707209DC361
:1087400002C402C202C081480148814701478146F4
:10875000054681451305C003EF60DFE40145F240A3
:10876000056182808346D5031307E50302C0814873
:1087700001488147054681451305C003EF607FE04E
:10878000F1BF0945E9BF97E7FD1F938727A603A718
:108790000709094529CB83A7070E011106CE93F7D8
:1087A00007208DC302C402C202C08148014881472C
:1087B0000147814601468145EF60DFDEF240014519
:1087C00005618280835807020358A7018357070574
:1087D00083465707014602C01307670781450945CD
:1087E000EF603FDAE1BF82800145828001458280EF
:1087F0000145828001458280014582800145828059
:108800000145828001458280014582800145828048
:108810000145828001458280014582800145828038
:108820000145828001458280411106C622C403476A
:108830000500930700086315F70203471500930628
:108840005002854763E4E60697570000938707A523
:108850000A073E971C430355250082978147B9A01C
:108860009306100885476313D70403471500CD46C8
:108870006308D70E63E3E602A146630DD708B1464D
:10888000630DD70A95466313D70203552500EFE021
:10889000FF912A8415E9894711A893060003630F05
:1088A000D70E63EAE600E946630FD70CB2402244D4
:1088B0003E854101828093077005630FF70E930791
:1088C00017F0B337F000DDB78327851195C703563E
:1088D00045040506420641829C43130716004207E1
:1088E00041839DE72312C40401CA835584000545D2
:1088F000EF601FC8231204040345B4020346440575
:1089000083558400EF609FC52285EFE04FF9B9B72A
:108910003A86D9B703552500EFE05F892A8425DD23
:108920000346C504835585000345B5023336C000B0
:10893000EF601FC3A305040215B703552500EFE040
:10894000FF862A8429D90357250583560505034642
:10895000F504835585000345B502EF60BFC0D9BF5C
:1089600003552500EFE09F842A8415D5035645045E
:1089700001CA835585000545EF609FBF231204049B
:10898000A3080402E1BD03552500EFE03F82E304A4
:1089900005F00345B502EF60FFBDC9B503552500DD
:1089A000EFE0DF802A84E30805EE83558500034568
:1089B000B502EF607FBCBDBF03552500EF601FBC53
:1089C00071BD011122CC2A84114506CE2EC632C4B7
:1089D000EF20AEA51DC1B24522462311850023001C
:1089E000B500A300C5006244F240AA8517D5FD1F5B
:1089F0000345B55705616F202EAEF2406244114524
:108A000005618280411106C622C4EFE02FFA41C100
:108A100083270512230D05002A84A5C30347F5000B
:108A2000058B19EB03558400014693050008EFF010
:108A30005FF939C5014581A8D44303C6C70083C582
:108A40008700035585008906EF607FB305E583271E
:108A5000041203D7A700A3840700136707F0239528
:108A6000E7009C432320F4128357240481C7FD1799
:108A70002311F40483270412D5F7231104045DBFE6
:108A80008547230DF400B24022444101828009450C
:108A9000DDBF97D7FD1F9387677583A7870C91E389
:108AA00082806384A700DC5FDDBF411122C406C65B
:108AB0008347A5002A8491C79305C5006905EF1077
:108AC000C0598347240191CB930544011305A402A7
:108AD0002244B24041016F104058B240224441014B
:108AE0008280AA862E86AA85170500001305C50078
:108AF0006F206EF397D7FD1F9387476F03A7870CEF
:108B0000411126C206C622C4BE8411E7B2402244E7
:108B10009244410182806304A700585FFDB78347F8
:108B2000A5002A8491C79305C5006905EF10E0529E
:108B30008347240199C7930544011305A402EF104C
:108B4000C05122852244CC58B240924441016FF07A
:108B50005FF901114AC817D9FD1F1309296922CCF1
:108B60000324890C26CA4EC652C456C206CEAA8415
:108B7000014A93094500854A631D040E930520258B
:108B8000130500049790FD1FE780E04E2A841D45E1
:108B900061C883C734001946938544001305440017
:108BA000A301F4009780FD1FE7800059938AA40178
:108BB0004146814556859780FD1FE780806579EDA8
:108BC0009309A401D68541464E859780FD1FE78015
:108BD000806285472305F400834734009305C40071
:108BE0004E8593E72700A305F400EF100047938418
:108BF000A4024146814526859780FD1FE78060617C
:108C00004DE19307A402A6853E854146BE84978028
:108C1000FD1FE780405E85472309F4008347340049
:108C200093054401268593E72700A309F400EF107C
:108C3000C042A3000400832549032285EFF07FEAA8
:108C400063140A0697D7FD1F23A68766232E040206
:108C50008347490C0145850717D7FD1F230AF76491
:108C6000F2406244D2444249B249224A924A0561E2
:108C700082800347340083C734006305F700228AEB
:108C8000405CDDBD4146CE85130544009780FD1F45
:108C9000E7808053E31555FF4945D9B72305040004
:108CA000B9B72309040071B7232E8A0245B74111D1
:108CB00097D7FD1F9387875322C403A4870C26C22E
:108CC00006C64AC0FD5419ECB240224497D7FD1F96
:108CD00023A2075E97D7FD1F238C075C92440249AD
:108CE0004101828003450400EF208EE70329C4037D
:108CF0002300940022859790FD1FE78020444A843A
:108D0000D9B797D7FD1F9387674E2382070C23A4FB
:108D1000070C6F10403E411126C206C622C4EFE088
:108D2000AFD8AA843DC5EFE06FC82A84630A051254
:108D3000930710112315F500930700FB2307F50097
:108D400085472308F50097D7FD1F83D7271FA50761
:108D50003E85C207C183130740106374F7001305F3
:108D60004010131705014183930700046374F70053
:108D70001305000442059305302541819790FD1F9E
:108D8000E780602F2328A41019E903558400EFE041
:108D90000FE2B2402244268592444101828097D757
:108DA000FD1F938767389C4F228523130414232AC1
:108DB000F41097D7FD1F9387674303A6870D83A6FB
:108DC000C70D03D7A70383C7A704232CC40E232EE4
:108DD000D40EA307F414FD572310F4042313F40254
:108DE0002314F4028347E4022324C4102326D4105E
:108DF00093E707FC2307F4028567938787BB231556
:108E0000F4042312E414EFC01F8C17D5FD1F034593
:108E100025132301A414EF208F92D147A306F41643
:108E200093078002A305F4169307006F231FF41421
:108E30009307F0072300F416F5779387A7EB231128
:108E4000F416A301A4142303A416A303A416230455
:108E5000A416A304A41697D7FD1F239D073815BF9A
:108E6000854405BF411122C42A848345040317D5D4
:108E7000FD1F0345D537A307A40206C626C2EF206F
:108E80007E908357A40317D8FD1F0358A81293069A
:108E900000323307F80297D4FD1F83C4A40A232AA3
:108EA000A4083356D7023377D7029306204E2326E1
:108EB000C40837460F0013060624B387D702B3D77A
:108EC000A7023307D702BE94835784039384C41741
:108ED000C2048507C1802312940833470703B38770
:108EE000D7022310E4028146858FB3B5070333858B
:108EF0000703EF10803F8327840897D6FD1F9386D2
:108F0000E60AD442AA9733B5A7002E9501E53E871D
:108F100063E4D7003387D740834774032328E408EA
:108F20001307204EB387E70286042285BE942311DF
:108F30009408EFC0EFBF2285EFC0CFF28355E40362
:108F400022859205F915C205C181EFC0AFBA22850D
:108F5000EFE0EFFB97D7FD1F23AC8732938741C526
:108F60009C43898B85C397D4FD1F938424FC9C5814
:108F700091CB83258409354582979C588325C40964
:108F80003945829722852244B240924497D7FD1FEB
:108F90002395072697D7FD1F23A2072641016FC0FF
:108FA0009FC60357050889468357450863F3E600C3
:108FB0000947B397E7002313F5086F209E8B011133
:108FC00022CC26CA4AC806CE4EC652C48347650381
:108FD0002A84138941BB8507230BF502834735019A
:108FE000938481BA639C075A8347C5001307000422
:108FF000A309E50003471501BD9B93E7370023064E
:10900000F50093178701A30D0500E18763D90700D9
:109010001377F707A308E500EF10BF9D39A8832752
:10902000850A93F62700BDC6F59B2324F50A8327FE
:109030000510918BA9CFEFF07EBA0347B4018547A5
:109040006310F706832784110347C400DC432380A1
:10905000E7008327841103475401DC43A380E70022
:1090600003278411832709005843B8DB9C40B706C7
:1090700080009843558F98C3D857719BD8D7F2403A
:109080006244D2444249B249224A05618280EFF0EB
:109090009EB265B793F617008DC6F99B2324F50A97
:1090A000832704110347C4002380E70083270411AA
:1090B00003475401A380E700832709000327041115
:1090C0006DB783490501054A6398491DF9C713F730
:1090D000070119C7BD9B2324F50AEFF0BEEFB1BF0E
:1090E00013F7070201CB93F7F7FD2324F50AEF00EE
:1090F0002F83A1B713F7070401CB93F7F7FB2324C2
:10910000F50AEFF03EB315BF13F7070809CB93F745
:10911000F7F72324F50A2285EF106F8439BF13F780
:10912000072009CB93F7F7DF2324F50A2285EFF018
:10913000BEBA21B713F7074001CB93F7F7BF23243B
:10914000F50AEF006F9AD5BD13974701635C0700DE
:109150007D771307F77FF98F2324F50A2285EFF037
:109160001EC8E1BD13973701635A07007D777D174D
:10917000F98F2324F50AEFF07EC9C1B513972701B3
:10918000635A070079777D17F98F2324F50AEFF0EA
:109190005ED865B52324050A21B78327450A638E67
:1091A000071A93F6070481CA93F7F7FB2322F50AFF
:1091B000EFF01E9859B593F6071081CA93F7F7EFB1
:1091C0002322F50AEFF01EE68DBD93F6072099CA1B
:1091D0004D8B631F070E93F7F7DF2322F50AEFF09D
:1091E0007EE9A1BD93F6074081CA93F7F7BF23221A
:1091F000F50AEFF05EA191B59396470163DB060097
:109200007D771307F77FF98F2322F50AEF001FE818
:109210002DB59396370163DC06004D8B55EB7D77BA
:109220007D17F98F2322F50AEFF07EA239B5139747
:109230001701635A070071777D17F98F2322F50A0A
:10924000EFF0BEB2DDBB1397E700635A070001776A
:109250007D17F98F2322F50AEFF0BEB5F9BB1397FE
:10926000B700635B07003707F0FF7D17F98F2322F4
:10927000F50AEFF0FEC1D1B313978700635B0700D7
:10928000370780FF7D17F98F2322F50AEFF05EF391
:109290006DB32322050A29B5638C09029306600485
:1092A00063EF36071307500463F9E9141307A002AC
:1092B000638AE91C63673703930710026380F91A16
:1092C00063EA3701ED476387F914F547638AF914B8
:1092D000228599B393075002638FF91C930770029C
:1092E000F5B7130760036389E914636B37019307CC
:1092F000E0026384F91E93071003E380F9DEC9BF1F
:1093000013070004638CE908930710046387F90AC4
:1093100093078003E39EF9FAEF10AFED19AA9307C4
:10932000A0056387F91E63E1370593075005638540
:10933000F90263EB37019307B0046388F91C9307C4
:109340001005E38AF9DC69B793076005E380F9DE6D
:1093500093078005E39EF9F622859790FD1FE7802D
:1093600060EBE30C05CCADB79307B00663ED3701B6
:109370009307A00663FBF92093076006E39AF9F4CC
:10938000EFF09EF699A093076007E389F9DC930755
:109390006008E39FF9F2EFF0DEB705A813974701E5
:1093A000E35807F27D771307F77FF98F2324F50A37
:1093B000EFF0FEA22308340149B18347B5028DC7FF
:1093C00005476398E700EFF0BED585472308F40012
:1093D000ADB183270510918BD5C3BD472306F40299
:1093E0002285EFF0AEFFD5B7EF10AFE08327040A78
:1093F00093E727002320F40AC9BFEF108FDF8327EC
:10940000040A230844012311040693E7470023209C
:10941000F40A25B1EFF0EEE5D947230AF40431B997
:109420002285EF100FDD8327040A93E7170023201E
:10943000F40A2308040011B19790FD1FE78080DD36
:10944000E30D05BE8547A306F4042285EFF02EEC5C
:109450008347C404F99B2306F404C5B6832785100B
:10946000858B81C7EFF09EB1C9BEE947A305F50220
:1094700083270510918B99C38D478DB72285EFF017
:109480008EF3A1B7EFF00EE28347D40491CB4146AF
:109490009305C40A1305C40C9780FD1FE780C0C95B
:1094A0008347C4042326040E2328040E93E71700E1
:1094B0002306F40459B683270510918B81CF8D477D
:1094C0002306F502EFF08EF183471401DD9BA3081C
:1094D000F400E5BDEFF02EEEC5BF8347C50423229F
:1094E000050E2324050E93E727002306F504EFF06D
:1094F0008EDD83471401A3050402DD9BA308F4005D
:109500008327040A93E70701F5B5EFF0AEF275BDC6
:109510008347A51499CB83466514331ADA00630692
:10952000FA0013670701A308E5000347B41411CF3D
:10953000834674148547B397D7006388E700834751
:10954000140193E70701A308F4008347E40199CFCE
:1095500083471401C18B99EB8327040A93E7072003
:109560002320F40A2285EF10CFC885B5830714168F
:10957000F5DB83274410898BF5D78327440A370707
:109580001000D98F2322F40AF1BFEF108FC6832772
:10959000040A056713070780D98FA9BD97D7FD1F58
:1095A00083D7C7C5850717D7FD1F2319F7C471B423
:1095B00083474517858B638207108347651393D6CE
:1095C0003700AA9683C5061313F7770033D6E54014
:1095D000058A69CE397122DC06DE26DA4AD84ED6F3
:1095E00052D456D25AD05ECE62CC66CA2A84034583
:1095F00045037D57FD47591562052C0061853AC426
:109600003EC69780FD1FE780804A032684132247C9
:109610008326C413B247718FF58F6314E600638706
:10962000F6062800EFE00F89894763F1A70629466F
:1096300081451305D4179780FD1FE78060B3224A48
:10964000B24A81490D4C854C930B50029394890189
:10965000E1844E865285D68513DB2440EF00B0436B
:109660008D88229B058986040309DB170DCDB394F1
:109670009C00B3649900A30E9B168509E39879FDBD
:109680008347441793E78700230AF416F250625485
:10969000D2544259B259225A925A025BF24B624C4E
:1096A000D24C21618280B3149C00E1B78547B39707
:1096B000E700CD8F2388F6128280828079714ECEAA
:1096C00097D9FD1F938989B222D403A4090A52CCE9
:1096D00056CA5AC8797AA16A370B008226D24AD074
:1096E00006D65EC662C466C217D9FD1F1309C9A398
:1096F000938441BB7D1AFD1A7D1B8347E400130749
:10970000000D639FE7209C4098430D8B05C3B84B29
:10971000619BB8CB98431367870098C39C438D83A4
:10972000858B89C701000100010001009790FD1F92
:10973000E78020DB8347C404858B89C7A285054564
:10974000EF104FEC83472414938B81BA83A60B0050
:1097500093F7F70313979701DC56B3F76701D98F97
:10976000DCD637170040930770052300F7049307F2
:1097700080FA2300F70483462414B54763FBD7100F
:109780008357270293E707012311F70203A70B0072
:109790008327840994401CC78327C4095CC3DC4227
:1097A00093E71700DCC25C57F19B93E717005CD787
:1097B0008355441C95470356641C91050345741456
:1097C00017D7FD1FA305F796C205930710FD2307C2
:1097D000F400C181930700FC17D7FD1F2306F794FF
:1097E000EF10FF97034674148546835724080357E8
:1097F00064086318D60A060793875703BA979840F8
:10980000544733F6460150C70100010098400966ED
:10981000860710C7130600F897D5FD1F2388C5904B
:109820007CD354C797D7FD1FA3820790904097D74A
:10983000FD1FA38B078E85471CC28346C404138774
:10984000C1BB83A70B00858A1843CDCA9443B705D3
:10985000330093F6F6E794C3944393F6F6E793E662
:10986000061094C31447CD8E14C79306900F34CAC4
:109870005457F59A54D7034764139376F7079843E0
:10988000137707F8558F98C39780FD1FE780200551
:10989000ADB583572702C207C183BD9BC207C183F1
:1098A000E5B58945060794406318B602D046B375FE
:1098B0004601CCC601000100944089659387971842
:1098C0008CC6930500F817D5FD1F2301B586BA97FE
:1098D0008607FCD2D0C6B9B7D046B3754601CCC610
:1098E0000100010094408965938797048CC6930515
:1098F00000F817D5FD1F230BB582D1BF9443B705E0
:10990000330093F6F6E794C3944393F6F6E793E6B1
:10991000061094C31447CD8E14C79306900D81BFD3
:109920001307100D639BE75883470900858B6382FB
:10993000074C83470900E207E18763D4070A83479E
:10994000F40093F7070285C78357A4031307204E3B
:10995000B387E70203274409B3D7E70217C7FD1F00
:109960000347475E13070705BA972312F408938746
:1099700081BA9C4397C6FD1F9386466383AC46001D
:109980009843032C0901894631830D8B832BC4082E
:109990008357440817C5FD1F0355C561631DD716BE
:1099A00093879718B3A5A70237460F00130606241E
:1099B00081463305F502EF0050133385AB40B30702
:1099C00085013E8763E4A70063E4970133879741ED
:1099D000835764082328E40823100408858323138D
:1099E000F4088345C4040325441193062403130695
:1099F000440385899780FD1FE78000F297C7FD1F0C
:109A00002387A77203C7690483474403998F230AF6
:109A1000F4028327441183C7070013F7070C19E3E7
:109A20008D8B91E7854717C7FD1F2302F77083478A
:109A30006900858B6397072C8347A40293E727006F
:109A40002305F40283470900E207E18763D3070295
:109A50008347641313D7370093F67700229785471F
:109A6000B397D7008346071393C7F7FFF58F2308F3
:109A7000F7128347F400898BDDCF2285EFB07FC5D5
:109A80005DE98347F400A309040093E74700A307B7
:109A9000F400832784118DCF0347B40115CB03C78E
:109AA0009700058B15E703D7A700C843136707F096
:109AB0002395E7009780FD1FE780406883574404A3
:109AC00085072312F404832784119C43232CF4106C
:109AD0008347540181CB8347C404898B81C7228586
:109AE000EFB03FC483470401130720026398E702E5
:109AF0008327040AA305040293E787002320F40ABE
:109B00008347140193E78700A308F40093074002FA
:109B10002308F4000DA09387970469B51307000686
:109B2000639AE70C85472308F4008347A40293E770
:109B300017002305F40283476900898B63840710AB
:109B40008347C404858B638F070E83479401850781
:109B5000A30CF4008347F40013F7270029E793E7E9
:109B60002700A307F400930700F8230EF40083579F
:109B7000A4031307204EB387E70203274409B3D792
:109B8000E70217C7FD1F0347E73B13070705BA970F
:109B9000C207C1832312F40886072311F40897C76C
:109BA000FD1F23A7076E228597C7FD1F238E07562B
:109BB000EFF0EFC003456414894783455401631FE8
:109BC000F51403458414910513652500EF104FC467
:109BD000834754016386071E8347C404898B6381CE
:109BE000071EA2850145EF100F9A630B0512EF10B7
:109BF0004FF76DA413077006639CE702938781BA41
:109C000098437C53ED9B7CD397C7FD1F238307525A
:109C10003717004083578701B3F7FA00231CF7007A
:109C20008347C40093F7F7FD2306F4008547CDB5BD
:109C30007147E392E7F08327040A93E71700232094
:109C4000F40AD5BD2285EFB05FABE31505F0A30C98
:109C500004002285EFB0FFA383471401A18B85CFB9
:109C6000834764018DCB83477401094793F7B70F8E
:109C70006383E7029307D003230AF4049307700277
:109C80002308F4008347C404858BE38507EC228511
:109C9000EFB03FAEC1B50347D4008D476317F7045B
:109CA00083477401130780026373F70283477401CB
:109CB0001D476388E702A306F4028327840A2285EE
:109CC00093E717002324F40AEFE01EE219A88A079D
:109CD0001737000013074721BA979C4322858297C4
:109CE00071F583476401D9FFB5B583476401E38308
:109CF00007E622859780FD1FE7808064E31C05E46A
:109D0000CDB7834784018507230CF40083D7E9008E
:109D1000850717C7FD1F2312F74E2DBD91057DB591
:109D2000938781BA9843B70633001C4393F7F7E74C
:109D30001CC31C4393F7F7E793E707101CC39387F3
:109D4000C1BB98431C47D58F1CC79C401307A00F6D
:109D5000B8CB938781BA9C43B70680009843558F50
:109D600098C3D857719BD8D7930720FD2307F400D9
:109D700083270412E38A07B00347F400058BE30549
:109D800007B0D44303C6C70083C5870003558400CA
:109D90008906EF50CFFEE31905AE8327041203D7DF
:109DA000A700136707F02395E7009C432320F412D4
:109DB00083572404E38A07ACFD172311F404E9B4A4
:109DC000938781BA9843B70633001C4393F7F7E7AC
:109DD0001CC31C4393F7F7E793E707101CC3938753
:109DE000C1BB98431C47D58F1CC79C401307A00DCF
:109DF00085B79C40FC53E392079097C7FD1F2387CC
:109E00000732EF100FD6834709002285E207E1876A
:109E100063DA071EEFF0EF9883D7290122858507C3
:109E200017C7FD1F231DF73CEFF08FF8835704047D
:109E3000B5C713074006B3F7E702ADE3938741C503
:109E40009C43898BA1C797C4FD1F9384240E985807
:109E500015CF97C7FD1F83D7673AC20797C5FD1F68
:109E600083D5E539DD8D254502979C5897C5FD1FA3
:109E700083D5A538294582979C58831524032D4501
:109E800082979C58830544033145829797C7FD1FED
:109E90002395073697C7FD1F23A207362285225434
:109EA000B25092540259F249624AD24A424BB24BE2
:109EB000224C924C45616FB05FDC1307200DE39894
:109EC000E7D283471900858B6381071497C7FD1F6D
:109ED000A38C07248327040A13972701634A070EDC
:109EE00022859780FD1FE780605385476312F50E3A
:109EF0008355441C0356641C034574149105C20524
:109F0000C181EF10CFA58347C404938B81BA138C12
:109F1000C1BB858BBDCBA2850545EF00BFEE03A776
:109F20000B00B70633001C4393F7F7E71CC31C4331
:109F300093F7F7E793E707101CC303270C001C47B0
:109F4000D58F1CC79C401307900FB8CB930710FD0B
:109F50002307F4009C40D44733F74601D8C70F10BD
:109F600000009C40096798C7130700F817C6FD1F3B
:109F7000230EE61A03A60B00184231830D8B0DEF5A
:109F800013076019F8D3D4C701B203A70B00B706B3
:109F900033001C4393F7F7E71CC31C4393F7F7E721
:109FA00093E707101CC303270C001C47D58F1CC761
:109FB0009C401307900D51BF1842094631830D8B09
:109FC0006315C7001307E04375BF1307E01B5DBFB0
:109FD000EF102FB9834794018DC793F7070F81CBFB
:109FE0009305D0032285EFB01FDBA305A40297C71A
:109FF000FD1F9387A7F39C5B89C795451305500800
:10A0000082972285EFC0AF9F51BD9C40FC53639661
:10A0100007EE97C7FD1F238B0710EF108FB4D5B73E
:10A02000411106C6EFB0EF9997C7FD1F9387071C34
:10A0300017F7FFFF130767CE23AAE70AB24017F707
:10A04000FFFF130767E223ACE70A97F7FFFF938749
:10A05000276723A0F1C641018280397122DC3704D1
:10A06000400026DA4ED6AE84AA899305E4FF054562
:10A0700006DE4AD8EF10EEFD498C13170401418328
:10A0800021839317840013590401D98F23160100EB
:10A090001379F90F10088A854E852317F100A3065E
:10A0A000210102C002C202C402C802CA02CC02CE0E
:10A0B000EF003FC98347E1010347D101A381840039
:10A0C000A2074207BA970347F10121802382840047
:10A0D000BA97F25062542380F40013D78700C183EB
:10A0E000A3822401A380E4002381F4004259D254C6
:10A0F000B259216182800111194697C5FD1F9385D0
:10A1000085E417C5FD1F1305E51C06CE22CC26CA23
:10A110004AC891644EC69770FD1FE780E0019385A1
:10A12000F4FF0145EF10AEF02A84FD550145EF1014
:10A130004EF2A287FD147D5933F79700B366E50010
:10A14000F9C6631425016304970C17C7FD1F230B81
:10A15000F718A18393E707FC9169416417C7FD1FB6
:10A160002320A71817C7FD1FA30EF716FD1917C93F
:10A17000FD1F1309A9077D14CE850145EF102EEBB5
:10A18000AA84FD550145EF10CEECB3679500EDD7DD
:10A19000FD576314F500E38134FF97C7FD1F239437
:10A1A000A7149357050117C7FD1F230FF7129357E5
:10A1B000850117C7FD1FA309F71297C7FD1F238647
:10A1C0009712A18093F4F40397C7FD1FA38F9710F4
:10A1D0008317890E42054185618DE18F6312F50277
:10A1E0000317C90F8317A90E618FE18F631AF70058
:10A1F0000317E90F8317C90E618FE18FE30EF7F69E
:10A20000F2406244D2444249B24905618280A68547
:10A210000145EF10CEE12A84FD550145EF106EE3B4
:10A22000A28719BF8DA08347050091EB83471500D6
:10A2300091C302908547A300F5003E8582800145C9
:10A2400082808547A30005002300F500828041112C
:10A2500022C406C62A8411E105442285EF00D048B5
:10A2600009C5B240224441018280052019E1EF0076
:10A2700030460295DDB7411106C6EF007045411129
:10A2800006C6EF00F0446F00B046938781C688434E
:10A290000F003002828009CAFD4763D8C70001164B
:10A2A00033D5C5000147BA85828093070002918F9C
:10A2B00033D7C5003355C500B395F5004D8DE5B7CF
:10A2C00009CAFD4763D8C7000116B315C500014789
:10A2D0003A85828093070002918F3317C500B395AA
:10A2E000C5003355F500C98DE5B73287B6882A8891
:10A2F0002E836393061CB7D702009387C73663FB90
:10A30000C50AC166637ED6089336061093B616005A
:10A310008E06335ED600F29783C70700B697930682
:10A320000002638DD7009D8E3393D500B357F5009F
:10A330003317D60033E367003318D50013550701F0
:10A34000B357A30293150701C181935608013373D4
:10A35000A3023386F5024203B3E6660063F8C60043
:10A36000BA9663F4C60063F4E604FD17918E33D603
:10A37000A602420813580801B3F6A602B385C50227
:10A38000C2063368D8006378B8003A986374B8009E
:10A390006372E8127D16C207D18F3E85C685828022
:10A3A000370E0001E146E376C6F7C1469DB7F917BF
:10A3B000BA966DBF814609CAC166637ED6049336DC
:10A3C000061093B616008E06B358D600C69783C7FC
:10A3D0000700B697930600026396D7043386C540FC
:10A3E000854813550701B357A60293150701C1818C
:10A3F000935608013376A6023383F5024206D18EC6
:10A4000063F86600BA9663F4660063F2E60AFD1725
:10A41000B3866640A9BFB7080001E146E37616FBA4
:10A42000C1465DB73388F64033170601B3D6F50051
:10A43000B3950501B357F50033180501135507010E
:10A44000B3D8A602131607014182CD8FB3F6A60238
:10A45000330316039395060193D60701CD8E63F857
:10A460006600BA9663F4660063FDE602FD18B386E3
:10A470006640B3D5A602C207C183B3F6A60233066F
:10A48000B602C206D58F63F8C700BA9763F4C70057
:10A4900063FCE700FD15C2083386C740B3E8B80087
:10A4A00089B7F918BA96E1B7F915BA97EDB7F91760
:10A4B000BA96B9BF7916C5B563EBD512C16763FE0D
:10A4C000F60293B7061093B717008E0737D702002E
:10A4D00033D8F6001307C73642970347070013081F
:10A4E00000023E9763120703B337C50093B7170006
:10A4F000B3B6B600D58F81484DB537070001E147A7
:10A50000E3F6E6FCC147D9B73308E840B358E600A4
:10A51000B3960601B3E8D80013DE0801B3D6E50010
:10A52000B3D7C6031393080113530301B395050171
:10A530003357E5004D8F33160601B3F6C603B30E4D
:10A54000F3029395060193560701CD8E63F8D60169
:10A55000C69663F4D60163F61609FD17B386D64195
:10A56000B3D5C60342074183B3F6C6033303B30230
:10A57000C206558F637867004697637467006375FA
:10A580001707FD15C207CD8F33076740C2051313A8
:10A590000601C18193D80701135303014182338E11
:10A5A00065023383680293560E01B385C5029A95FE
:10A5B000AE96B388C80263F466004166B29813D6BB
:10A5C00006014696636DC700420EC206135E0E0179
:10A5D00033150501F296E370D5F2E31EC7F0FD17BF
:10A5E00019BFF917C6969DBFF915469761BF8148F7
:10A5F000814765B3011126CA935475014AC84EC6F6
:10A6000056C21319950006CE22CC52C493F4F40F0F
:10A61000AE8A135999009359F501A5C49307F00F19
:10A62000638EF4060E09B70700043369F9009384BA
:10A6300014F8014A93D77A0113949A0093F7F70F0D
:10A64000258093DAFA01BDC31307F00F638CE70688
:10A650000E0437070004598C938717F801479D8C27
:10A6600093172A00D98FFD17B94633C5590163E204
:10A67000F606B7D602008A0793860633B6979C4340
:10A680008287630209024A85EF00D0009307B5FF75
:10A690009304A0F83319F900898C61BF094AE30BD0
:10A6A00009F80D4A41BF8144054A69B705C02285B2
:10A6B000EF00407E9307B5FF3314F4009307A0F832
:10A6C000898F69BF094741DC0D4751BF8147054765
:10A6D00079B7131754006371890CFD1481479355A2
:10A6E00007013354B90293160701C182C18333793C
:10A6F000B902338686024209B3E7270163F8C7002F
:10A70000BA9763F4C70063FEE7087D14918F33D6D0
:10A71000B702B3F7B702B386C602C20763FCD7001D
:10A72000B385E70033B8F500AE8763F4D500630D59
:10A7300008067D164204958F518CB337F0005D8C6E
:10A740001387F4076357E0089377740099C79377EA
:10A75000F40091466383D70036949317440063D87E
:10A760000700B70700F8FD177D8C138704089307CF
:10A77000E00F63C8E70A93573400F2406244A6072B
:10A780005E07A5835D8F7E05D2444249B249224AC5
:10A79000924A598D056182809317F9011359190066
:10A7A0003DBF7914BA979DB77916B387E50059B7BD
:10A7B000568589476307F7068D47630EF70485477B
:10A7C000E310F7F8814701474DBF4E854A84528711
:10A7D000CDB721C39957E347F7FE8547998F9384F7
:10A7E000E409B357F4003314940033348000C18F6C
:10A7F00013F7770019C713F7F70091466303D700E3
:10A80000B697139757008D83E35F07FA8147054793
:10A81000ADB78547E9B7B70740001307F00F01450B
:10A82000A9BF81471307F00F89BF01114AC8135907
:10A83000750126CA4EC656C29314950006CE22CC88
:10A8400052C41379F90FAE8AA5809359F5016302BA
:10A8500009129307F00F630AF9128E04B707000478
:10A86000DD8C130919F8014A93D77A0113949A00E1
:10A8700093F7F70F258093DAFA0163800712130725
:10A88000F00F6387E7120E0437070004598C938793
:10A8900017F801473E9993172A00D98FA946130646
:10A8A000190063C8F6148945B3C95901854663C9BF
:10A8B000F510FD1763F3F61213D704019357040143
:10A8C000C2044204C1804180B3059402330487026C
:10A8D0003307F702B3879702B386870093D7050142
:10A8E000B69763F48700C1663697C2059396070151
:10A8F000C181AE96C18313946600BA979A07333428
:10A900008000E982558C139747005D8C635C070ECD
:10A910009357140005885D8C1307F6076356E00E05
:10A920009377740099C79377F40091466383D700B7
:10A9300036949317440063D80700B70700F8FD1753
:10A940007D8C130706089307E00F63C7E710935742
:10A950003400F2406244A6075E07A583FE095D8FBE
:10A96000D2444249224A924A33653701B2490561CD
:10A9700082808DC02685392B9307B5FF1309A0F877
:10A98000B394F4003309A940F9BD094AE38E04ECFD
:10A990000D4AD9BD0149054AC1BD05C02285DD2941
:10A9A0009307B5FF3314F4009307A0F8898FD5B54A
:10A9B0000947E30104EE0D47F1BD81470547D9BDC5
:10A9C000B397F60093F607539DEA93F60724BDEE7E
:10A9D00093F78708E38207EED6898947630EF70667
:10A9E0008D476305F7068547E318F7F2814701476E
:10A9F0008DB7BD46638CD704AD46E38FD7FC268464
:10AA00005287E1BF4A8609BF21C39957E340F7FE49
:10AA10008547998F1306E609B357F4003314C40031
:10AA200033348000C18F13F7770019C713F7F7008D
:10AA300091466303D700B697139757008D83E35869
:10AA400007FA8147054731B78547E9B7B70740009F
:10AA50001307F00F8149F5BD81471307F00FD5BDEE
:10AA6000370780007D1793D67501B377A70093F65B
:10AA7000F60F6D8F41110E07138616F022C426C201
:10AA8000135475019354F5013336C0001335170084
:10AA9000498EFD811374F40FB18D06C64AC08E072E
:10AAA0003306D440639C95146359C0061305F00F18
:10AAB00089EE09CB9305F6FF81E5BA97054425A8F1
:10AAC000631BA60032843E8769ACE30EA4FEB70682
:10AAD0000004558FB2856D468546634DB6009306DA
:10AAE00000028D8E3356B7003317D7003337E0009E
:10AAF000B366E600B697139757006359070C050431
:10AB00001307F00F630DE426B706007E13D7170076
:10AB1000FD16758F858BD98F55A829CA3386864037
:10AB20001305F00F19E8638D07229305F6FFD1D5C1
:10AB3000631BA6001304F00F2DA4E38DA6FEB7053A
:10AB40000004CD8FB2856D450546634DB5001306F3
:10AB500000020D8E33D5B700B397C700B337F000AE
:10AB60003366F500B307E600368471B79306140028
:10AB700013F6E60F21E615EC6382071E2DC33E9700
:10AB80009317570063DF071CB707801F0D83FD175E
:10AB9000F98F05441374F40FA6075E04A5835D8C3A
:10ABA0001395F401B240418D22449244024941017F
:10ABB0008280C9D3631507143E87ADBF1306F00F1B
:10ABC000638EC61A3E9793571700368413F77700A3
:10ABD00019C713F7F70091466303D700B697139789
:10ABE0005700E35207EE05041307F00F6309E4185A
:10ABF0003707801F8D837D17F98F69BF6352C006A9
:10AC0000B9E6E30107EC9305F6FF81E5998F05446A
:10AC10002DA09306F00FE307D6EA6D468546634DF7
:10AC2000B600930600028D8E3356B7003317D70057
:10AC30003337E000B366E600958F13975700E3576C
:10AC400007F8370900047D1933F92701C1A89306D5
:10AC5000F00FE30AD4E6B7060004558FB28575BF3E
:10AC600031CE3386864019EC81CF1305F6FF09E516
:10AC7000B307F740AE8461BF1308F00F631C0601F1
:10AC80003284B9A01305F00F6388A60E37050004BF
:10AC9000C98F32856D480546634DA8001306000232
:10ACA000098E33D8A700B397C700B337F0003366D7
:10ACB000F800B307C7403684AE8441B7930614004A
:10ACC00093F6E60FB9E215E891E78144E30407EC57
:10ACD000AE8441A809D7B386E7401396560063595E
:10ACE0000600B307F740AE840144E38507EAF9BDE7
:10ACF0003687A5EA8147814471BDE39D07EA814417
:10AD00001304F00FB707400071B53389E74093167D
:10AD1000590063DA06023309F740AE844A859D2A5A
:10AD20006D153319A90063448502018D05051307CC
:10AD30000002098FB357A9003319E9003339200104
:10AD4000B3E7270155B7E31B09FC014465B7B70713
:10AD500000FCFD17098CB377F9008DBDBA8769B780
:10AD60003284935737001307F00FE315E4E2E383CF
:10AD700007E2B707400041B7368499BF3684814760
:10AD800011BDB7058000935775019386F5FF93F7C2
:10AD9000F70F1306E007E98E1357F501635DF6021E
:10ADA0001306F009198E1305F7FF63D7C702014593
:10ADB00005E71307500933E5B6006357F70093879B
:10ADC000A7F63315F500828013076009B307F74033
:10ADD0003355F500828001458280411106C622C4A8
:10ADE00026C25DC19357F54133C4A7001D8C93540F
:10ADF000F501228545209307E009AA863385A740FF
:10AE00009D4763D3D702A1476383F608E116331445
:10AE1000D400260425805E05B240418D2244FE0404
:10AE2000458D9244410182809147154763C7D704FD
:10AE30009387B601B317F400158FB337F00033547E
:10AE4000E4005D8C370700FC7D1793777400618FF9
:10AE500095C33D889147630FF4003E9793175700C1
:10AE600063DA0700B70700FCFD177D8F9307F00931
:10AE70003385D7401354370069BFE385E6FC9387D9
:10AE8000B6FF3314F4007DBF8144014459B7130564
:10AE9000600941B7C1676376F5029337051093B730
:10AEA00017008E0737D702003355F5001307C73652
:10AEB0002A9703450700930600029D8E3385A6401E
:10AEC000828037070001E147E37EE5FCC147D9BF37
:10AED0004111194506C6712C0545EF00903AAA8527
:10AEE00081460146014519A6AA8503A5C18AA9A8DC
:10AEF000AA8503A5C18ABDA6411122C483A7C1C6E4
:10AF000026C24AC006C62A89AE8489E781454524FF
:10AF100023A6A1C6A6854A85592CFD54631A95001F
:10AF20007D54B240228522449244024941018280EC
:10AF3000130435007198E30685FEB305A4404A85E5
:10AF4000BD24E31095FEE9BF011126CA93843500A4
:10AF5000F19806CE22CC4AC84EC652C4A104B147CD
:10AF600063F3F400BE8463C4040063FDB400B1471E
:10AF70001CC10145F2406244D2444249B249224ACE
:10AF8000056182802A89E12883A701C73E8429E8D8
:10AF9000A6854A85EFF05FF6FD572A84631FF50A00
:10AFA00003A401C7A287D1EB5DC0032A0400814539
:10AFB0004A85229AED2A631CAA081C404A859D8C6A
:10AFC000A685EFF07FF3FD576303F5081C40A697B5
:10AFD0001CC083A701C7D84325E723A801C615A035
:10AFE0001440858E63C806042D47637DD70204C0D4
:10AFF000330794006396870223A8E1C65C4014C31C
:10B000005CC34A85B1281305B400930744006199D5
:10B010003307F540E300F5F63A94898F1CC099BFD9
:10B02000D8C3E9BF58406395870023A8E1C6D1BFC4
:10B03000D8C3C1BFA287404099BF3E84DC43A5B7B7
:10B040003E87DC43E39E87FE232207005DBFB147B6
:10B050002320F9004A85292029BF04C15DB78280D9
:10B0600082803571A6DA3ECB86DEA2DC36C73AC9CD
:10B0700042CD46CF83A4C18A63DB05009307B008A5
:10B080009CC07D55F6506654D6540D618280B3370E
:10B09000B000B387F5403EC83ECEC1779387872086
:10B0A0002AC42ACC74012E8426852C003ECA82D65E
:10B0B00036C29126FD576355F5009307B0089CC032
:10B0C00071D0A2472380070075BF01476314E600D3
:10B0D00001458280B307E5000507B386E50083C715
:10B0E000070083C6F6FFE383D7FE3385D74082800F
:10B0F000AA8709CA03C7050085058507A38FE7FE50
:10B100007D1665FB3E966393C70082808507A38FFB
:10B1100007FED5BFFD4763F6B700D9471CC17D5573
:10B1200082805C5D011122CC06CE2E862A8491C7D6
:10B1300013972500BA97984319EB228532C6B5209C
:10B14000AA85228562443246F240056105A805457C
:10B15000630FA700FD566318D700D9471CC0F24003
:10B1600062440561828023A007002E850297014575
:10B17000FDB7AA8503A5C18A6FF0DFF9411122C48A
:10B1800026C2AA842E85B28506C623AC01C6EF006E
:10B19000900EFD576316F50083A781C791C39CC02D
:10B1A000B24022449244410182806F00100C411150
:10B1B00022C426C2AA842E8506C623AC01C6EF800F
:10B1C0005DCDFD576316F50083A781C791C39CC071
:10B1D000B2402244924441018280AA8703C70700FB
:10B1E00085076DFF3385A7407D15828083A741C702
:10B1F0002A8E91EFB76700209387073123AAF1C603
:10B200001305000009C50327000023A4E708D8435D
:10B210007D487D556347E804630E0E0203A8870846
:10B220006301080493182700C29823A0C8000323D1
:10B23000081005463316E6003363C3002320681068
:10B2400023A0D80889466317DE0083264810D18ED4
:10B250002322D810930617000A07D4C3BA978CC7C5
:10B2600001458280C5C183A7C5FF011122CC06CE4E
:10B270001384C5FF63D307003E942AC6EFF03FDE78
:10B2800083A701C7324591EB2322040023A881C67E
:10B290006244F24005616FF0BFDC637DF400104052
:10B2A000B306C4006396D7009443DC43B29614C03F
:10B2B0005CC0E9BF3E87DC4399C3E37DF4FE1443E1
:10B2C0003306D700631F86001040B29614C33306BE
:10B2D000D700E39FC7FA9043DC43B29614C35CC324
:10B2E00045BF6375C400B1471CC15DB71040B306CC
:10B2F000C4006396D7009443DC43B29614C05CC08C
:10B3000040C379B7828001114AC803A9850022CCC5
:10B310004EC65AC006CE26CA52C456C22E84328B9E
:10B32000B68963E8260D8397C5004A8793F60748D8
:10B33000B5C644480D478C49B384E4020947032A43
:10B340000400AA8A330ABA40B3C4E402138719007E
:10B350005297268663F4E400BA843A8693F707404E
:10B36000B5C7B2855685EFF03FBE2A8925C90C487E
:10B370005286EF704DEB8357C40093F7F7B793E70E
:10B3800007082316F4002328240144C85299B384E3
:10B3900044412320240104C44E894E87BA890840C1
:10B3A0004E86DA85EF708DE91C440145B38727414D
:10B3B0001CC41C40CE971CC0F2406244D244424997
:10B3C000B249224A924A024B056182805685212D5C
:10B3D0002A8955F90C485685EFF0DFE8B14723A0DC
:10B3E000FA008357C4007D5593E707042316F40041
:10B3F000E1B736896DB783D7C500717126D362C5B1
:10B4000006D722D54AD14ECF52CD56CB5AC95EC7A8
:10B4100093F707082A8CAE84A9C39C499DEF930536
:10B42000000436C632C4EFF03FB288C088C8224656
:10B43000B2460DE1B1472320FC007D55BA502A5495
:10B440009A540A59FA496A4ADA4A4A4BBA4B2A4C80
:10B450004D61828093070004DCC893070002A30CAF
:10B46000F102B7C902009307000302DA230DF102CB
:10B4700036CE7D5A9389491C054BA94A32848347AD
:10B480000400B33BF0009387B7FDB337F000B3FB84
:10B49000FB0063960B08B306C440630DC400A68589
:10B4A000628536C4EFF03FE663074519D257A246DE
:10B4B000B6973EDA83470400638F0716050402D06F
:10B4C00002D652D202D4A301010682DC83450400D5
:10B4D00015464E85E52982579306140039E113F786
:10B4E000070109C713070002A301E10613F787004C
:10B4F00009C71307B002A301E106034604001307BE
:10B50000A0026308E602B2578146254603470400BD
:10B51000130707FD6376E60695C63ED625A005040B
:10B52000B9BF330535413315AB005D8D2AD0368464
:10B5300071BF724713064700184332CE634B0702B0
:10B540003AD63684034704009307E002631CF704ED
:10B55000034714009307A002631AF702F247090495
:10B56000138747009C433ACE63D30700FD573ED272
:10B5700015A83307E04093E727003AD63ED0D1B76D
:10B58000B387570305048546BA9749B7050402D225
:10B590008147A54603470400130707FD63F4E60649
:10B5A000E3970BFC83450400B7CB02000D461385DF
:10B5B000CB1C292909CD8257938BCB1C33057541B0
:10B5C000130700043317A700D98F05043ED0834525
:10B5D000040037C5020019461305051D230CB102EE
:10B5E000F52635C19307000085EB0257F247137724
:10B5F000071019CF91073ECED25713061400CA97F1
:10B600003EDAADBDB38757030504854BBA9759B7EA
:10B610009D07E19BA107C5B7B7B6020078089386DE
:10B62000663026860C10628597000000E700000057
:10B630002A89E31345FD83D7C40093F70704E39EEB
:10B6400007DE5255E5BBB7B6020078089386663030
:10B6500026860C106285192AE1BF79714ECE9C496D
:10B66000BA89984522D44AD05AC85EC606D626D290
:10B6700052CC56CA2A8B2E843289B68B63D3E7000C
:10B68000BA872320F9000347340401C78507232024
:10B69000F9001C4093F7070291C783270900890727
:10B6A0002320F9000440998891E8130A9401FD5A77
:10B6B0005C4403270900998F63CDF4041C40834642
:10B6C000340493F70702B336D000ADEB130634040D
:10B6D000DE855A858299FD576304F5041C401147A5
:10B6E0008144998B639AE7008327090044449D8C29
:10B6F00093C7F4FFFD87FD8C1C4418486354F70082
:10B70000998FBE94014969047D5A639824050145C7
:10B7100009A885465286DE855A858299631E5501A1
:10B720007D55B250225492540259F249624AD24A8B
:10B73000424BB24B4561828085049DBF3307D400E4
:10B7400013060003A301C70403475404938716009C
:10B75000A2978906A381E70495BF85462286DE85E8
:10B760005A858299E30E45FB050945B7397122DCFC
:10B7700026DA52D456D206DE4AD84ED683C7850181
:10B78000B684930680072A8A2E84B28A63EEF60076
:10B79000930620061386350463EBF600638E071AC2
:10B7A00093068005638AD716130924043DA0938667
:10B7B000D7F993F6F60FD545E3E8D5FEB7D50200E5
:10B7C0008A069385C546AE96944282861C43130929
:10B7D0002404938647009C4314C32301F404854743
:10B7E00079AA1C40084393F60708930545008DC2CB
:10B7F0001C410CC3B7C6020063D807001307D00270
:10B80000B307F040A301E4049386861D294799A05D
:10B8100093F607041C410CC3F1DEC207C187D9BFF0
:10B820000C40144313F505089C42910611E593F56D
:10B83000050499C1C207C18314C383458401B7C6F7
:10B8400002001307F0069386861D6391E50E2147DB
:10B85000A30104044C400CC463C805000840DD8DFE
:10B8600032896D9908C099CD3289B3F5E7027D1907
:10B87000B69583C505002300B900BE85B3D7E7029E
:10B88000E3F5E5FEA147631EF7001C40858B91CBD5
:10B8900058401C4863C7E70093070003A30FF9FE55
:10B8A0007D193306264110C82687D6867008A285E2
:10B8B0005285EFF09FDAFD596317350D7D55F25033
:10B8C0006254D2544259B259225A925A216182800A
:10B8D0001C4093E707021CC0B7C60200930780070D
:10B8E0009386C61EA302F4040C40084313F805080F
:10B8F0001C4111056318080013F8050463040800CF
:10B90000C207C18308C313F7150001C793E50502F9
:10B910000CC081CB41472DBFB7C602009386861D60
:10B92000D1B718401377F7FD18C0EDB729470DB709
:10B9300014401C434C4813F806081385470063065F
:10B94000080008C39C438CC301A808C393F60604EF
:10B950009C43F5DA2390B700232804003289A9B765
:10B960001C43504081459386470014C303A9070038
:10B970004A85A92801C53305254148C05C401CC83B
:10B98000A301040415B714484A86D68552858294CB
:10B99000E30635F31C40898B95E7F2474844E350B2
:10B9A000F5F23E8529BF8546D685528532C68294FA
:10B9B000E30635F1324605095C447247998FE3444A
:10B9C000F9FEE1BF014913069401FDB793F5F50FA8
:10B9D0002A966314C5000145828083470500E38DE4
:10B9E000B7FE0505FDB781E5B2856FF0EFD5011112
:10B9F00022CC52C406CE26CA4AC84EC632842A8AEF
:10BA000009EEEFF03F868144F24062444249B24978
:10BA1000224A2685D24405618280AE842D282A8957
:10BA20006366850093571500E3E087FEA285528583
:10BA3000EFF08FD1AA8919E1CE84F9B7228663731A
:10BA400089004A86A6854E85EF60FDFDA685528554
:10BA5000EFF05F81D5B783A7C5FF1385C7FF63D517
:10BA60000700AA959C413E9582801307800523AC70
:10BA7000E1C67D5582801307800523ACE1C67D5564
:10BA8000828001A000002110422063308440A55034
:10BA9000C660E770088129914AA16BB18CC1ADD114
:10BAA000CEE1EFF13112100273325222B5529442BC
:10BAB000F772D662399318837BB35AA3BDD39CC364
:10BAC000FFF3DEE36224433420040114E664C77408
:10BAD000A44485546AA54BB528850995EEE5CFF5B4
:10BAE000ACC58DD55336722611163006D776F6665C
:10BAF0009556B4465BB77AA719973887DFF7FEE704
:10BB00009DD7BCC7C448E5588668A7784008611827
:10BB100002282338CCC9EDD98EE9AFF94889699953
:10BB20000AA92BB9F55AD44AB77A966A711A500AFB
:10BB3000333A122AFDDBDCCBBFFB9EEB799B588BA3
:10BB40003BBB1AABA66C877CE44CC55C222C033C47
:10BB5000600C411CAEED8FFDECCDCDDD2AAD0BBDF3
:10BB6000688D499D977EB66ED55EF44E133E322E9B
:10BB7000511E700E9FFFBEEFDDDFFCCF1BBF3AAF43
:10BB8000599F788F8891A981CAB1EBA10CD12DC1A1
:10BB90004EF16FE18010A100C230E3200450254037
:10BBA00046706760B9839893FBA3DAB33DC31CD397
:10BBB0007FE35EF3B1029012F322D2323542145287
:10BBC00077625672EAB5CBA5A89589856EF54FE5E3
:10BBD0002CD50DC5E234C324A014810466744764D7
:10BBE00024540544DBA7FAB79987B8975FE77EF737
:10BBF0001DC73CD7D326F2369106B0165766767627
:10BC0000154634564CD96DC90EF92FE9C899E98902
:10BC10008AB9ABA94458654806782768C018E10876
:10BC20008238A3287DCB5CDB3FEB1EFBF98BD89BD6
:10BC3000BBAB9ABB754A545A376A167AF10AD01AC6
:10BC4000B32A923A2EFD0FED6CDD4DCDAABD8BAD22
:10BC5000E89DC98D267C076C645C454CA23C832C16
:10BC6000E01CC10C1FEF3EFF5DCF7CDF9BAFBABF76
:10BC7000D98FF89F176E367E554E745E932EB23E66
:10BC8000D10EF01E020000000C00000008000000B1
:10BC9000090000000A0000000B0000000400000082
:10BCA0000500000010000000110000000600000068
:10BCB0000700000000000000010000000E0000006E
:10BCC0000F0000000D000000F401FA00960064006F
:10BCD0004B0032001E001400967AFDFFBE7AFDFF75
:10BCE000E67AFDFFFC7AFDFF147BFDFF267BFDFF5E
:10BCF0004E7BFDFF767BFDFF8C7BFDFFA47BFDFF74
:10BD00005E85FDFF7A85FDFF9A85FDFFB685FDFF07
:10BD1000D285FDFFEE85FDFF0E86FDFFFE006578F6
:10BD2000706572696D656E74616C000058626F7841
:10BD3000536572696573580005010905A101850104
:10BD40000901A10009300931150027FFFF00009506
:10BD50000275108102C00901A100093209351500E0
:10BD600027FFFF0000950275108102C0050209C57A
:10BD7000150026FF039501750A810215002500753F
:10BD80000695018103050209C4150026FF039501EC
:10BD9000750A8102150025007506950181030501CC
:10BDA0000939150125083500463B01661400750464
:10BDB0009501814275049501150025003500450067
:10BDC0006500810305091901290F15002501750179
:10BDD000950F810215002500750195018103050C61
:10BDE0000AB2001500250195017501810215002593
:10BDF00000750795018103050F09218503A102093B
:10BE0000971500250175049501910215002500750F
:10BE10000495019103097015002564750895049136
:10BE2000020950660110550E150026FF0075089591
:10BE300001910209A7150026FF00750895019102DE
:10BE400065005500097C150026FF007508950191D5
:10BE500002C0C00005010905A10105091901291445
:10BE60001500250175019514810215002501750144
:10BE70009504810105010905150026FF0075089547
:10BE800010910205010905150026FF00750895109F
:10BE9000B102C00043483538785F424C455F4C4999
:10BEA000425F56322E3100004348353878204761D2
:10BEB0006D65706164000000434835385820474183
:10BEC0004D4550414400000075706C6F6164206CFA
:10BED0006F676F00766961205765624849440000CA
:10BEE000484F4C442E0000004E45545552414C00E2
:10BEF0004C41535400000000464952535400000086
:10BF000055500000534F43442053657474696E6765
:10BF100000000000424C452F524632340000000021
:10BF20004155544F20534C4545500000534C454516
:10BF3000502054494D4500006D696E005854414CE5
:10BF40002043415000000000704600005749524510
:10BF50004C4553532053455454494E47000000006C
:10BF60004D4F44204B4559005357415020442F4CCE
:10BF700053000000494E5055542053455454494EE7
:10BF800047000000574952454C45535300000000FC
:10BF9000534F43440000000052454D415000000003
:10BFA000494E5055540000005341564500000000D2
:10BFB000536176652026205265626F6F7400000021
:10BFC0005245424F4F5400006E6F207361766521D9
:10BFD000210000005245534554000000484F4C4496
:10BFE000204100004D41494E00000000484F4C44A4
:10BFF0002E2E0000484F4C442E2E2E00484F4C440D
:10C000002E2E2E2E000000006578742D6D6170704C
:10C01000696E6700627574746F6E3A202564000063
:10C0200070726F67726573733A2025642F25640000
:10C030005B707265737320616E79206275746F6EC8
:10C040005D000000707265737320686F6D65207409
:10C050006F20736B6970000063757272656E743A5D
:10C0600000000000554E4B4E4F574E0072656D61FB
:10C070007020627574746F6E730000006D61707073
:10C08000696E673A2025730070726573732062755C
:10C0900074746F6E20746F206D61700076656374C8
:10C0A0006F723A3A5F4D5F7265616C6C6F635F618E
:10C0B0007070656E640000006E6F20617661696C5F
:10C0C0002065787420627574746F6E206C65667478
:10C0D00000000000457874204D617070696E670043
:10C0E00053544152542E2E2E00000000637572727C
:10C0F000656E742065787420636F6D706C6574650F
:10C100007E0000006D617020746F2025643A202548
:10C110006420627574746F6E000000002121636FEB
:10C120006D706C6574652121000000007E7361767E
:10C1300065642026207265626F6F747E00000000C7
:10C140004C42000052420000484F4D4500000000A4
:10C1500041000000420000005800000059000000AB
:10C16000444F574E000000004C454654000000006C
:10C1700052494748540000005354415254000000B3
:10C180004241434B000000004C530000525300005A
:10C190004C54000052540000494E56414C49440052
:10C1A0004F4E00004F4646002573205B25735D000F
:10C1B00025733A2025640000616263007266322EA6
:10C1C00034670000232D302B20000000686C4C00E9
:10C1D00065666745464700003031323334353637BF
:10C1E0003839414243444546000000003031323383
:10C1F00034353637383961626364656600000000A3
:10C200004094FDFFD894FDFFFC93FDFF5A95FDFF80
:10C210009495FDFF4E5400004A540000465400001F
:10C22000EE530000F4530000FA53000000540000E5
:10C2300016540000B05500001E5500002C5400009C
:10C24000425400003E5400003A5400005E53000087
:10C25000645300006A5300007053000086530000CE
:10C260009C530000A2530000005800001A55000023
:10C2700016550000125500004253000048530000BC
:10C280004E53000092540000F45400005453000038
:10C29000525400005A5300002BE1000028292C08BA
:10C2A0001A160407282900000000000005010906ED
:10C2B000A101050719E029E7150025017501950879
:10C2C000810295017508810195057501050819011F
:10C2D00029059102950175039101950675081500D0
:10C2E00025650507190029658100C000000021109F
:10C2F000422063308440A550C660E77008812991D0
:10C300004AA16BB18CC1ADD1CEE1EFF13112100277
:10C3100073325222B5529442F772D662399318831F
:10C320007BB35AA3BDD39CC3FFF3DEE36224433443
:10C3300020040114E664C774A44485546AA54BB56F
:10C3400028850995EEE5CFF5ACC58DD55336722617
:10C3500011163006D776F6669556B4465BB77AA7BF
:10C3600019973887DFF7FEE79DD7BCC7C448E55863
:10C370008668A7784008611802282338CCC9EDD90F
:10C380008EE9AFF9488969990AA92BB9F55AD44AB7
:10C39000B77A966A711A500A333A122AFDDBDCCB5F
:10C3A000BFFB9EEB799B588B3BBB1AABA66C877C83
:10C3B000E44CC55C222C033C600C411CAEED8FFDAF
:10C3C000ECCDCDDD2AAD0BBD688D499D977EB66E57
:10C3D000D55EF44E133E322E511E700E9FFFBEEFFF
:10C3E000DDDFFCCF1BBF3AAF599F788F8891A981C1
:10C3F000CAB1EBA10CD12DC14EF16FE18010A100AB
:10C40000C230E3200450254046706760B98398939A
:10C41000FBA3DAB33DC31CD37FE35EF3B1029012FA
:10C42000F322D2323542145277625672EAB5CBA566
:10C43000A89589856EF54FE52CD50DC5E234C3244A
:10C44000A01481046674476424540544DBA7FAB73A
:10C450009987B8975FE77EF71DC73CD7D326F2369A
:10C460009106B01657667676154634564CD96DC986
:10C470000EF92FE9C899E9898AB9ABA944586548EA
:10C4800006782768C018E1088238A3287DCB5CDBDA
:10C490003FEB1EFBF98BD89BBBAB9ABB754A545A3A
:10C4A000376A167AF10AD01AB32A923A2EFD0FEDA6
:10C4B0006CDD4DCDAABD8BADE89DC98D267C076C8A
:10C4C000645C454CA23C832CE01CC10C1FEF3EFF7A
:10C4D0005DCF7CDF9BAFBABFD98FF89F176E367EDA
:10C4E000554E745E932EB23ED10EF01E070001022F
:10C4F0000000030405060000080000000900000019
:10C500000A0000000B00000004000000050000000D
:10C5100002000000E0BE0200ECBF0200F4BF020017
:10C52000FCBF0200E8BE0200F0BE0200F8BE02003E
:10C5300000BF020082BAFDFF82BAFDFF82BAFDFF92
:10C5400096BAFDFF82BAFDFF82BAFDFF82BAFDFFF7
:10C5500082BAFDFF96BAFDFF96BAFDFF96BAFDFFBF
:10C5600096BAFDFF82BAFDFF82BAFDFF82BAFDFFD7
:10C5700082BAFDFF9ABAFDFFAABAFDFF40C10200D0
:10C5800044C1020048C1020064C0020050C1020060
:10C5900054C1020058C102005CC1020000BF020089
:10C5A00060C1020068C1020070C1020078C10200CF
:10C5B00080C1020088C102008CC1020090C102004B
:10C5C00094C1020064C0020098C102000000000093
:10C5D0000000005F00000007000700147F147F14B4
:10C5E000242A7F2A122313086462364956205000F9
:10C5F00008070300001C2241000041221C002A1CE5
:10C600007F1C2A08083E08080080703000080808CF
:10C610000808000060600020100804023E514945EF
:10C620003E00427F400072494949462141494D330D
:10C630001814127F1027454545393C4A49493101B4
:10C64000710905033649494936064949291E00360C
:10C65000360000005636000008142241001414145D
:10C660001414004122140802015909063E415D5983
:10C670004E7C1211127C7F494949363E414141228C
:10C680007F4141413E7F494949417F090909013EB6
:10C690004149497A7F0808087F00417F41002040D6
:10C6A000413F017F081422417F404040407F021CEF
:10C6B000027F7F0408107F3E4141413E7F09090906
:10C6C000063E4151215E7F091929462649494932D2
:10C6D00003017F01033F4040403F1F2040201F3F98
:10C6E0004038403F63140814630708700807615915
:10C6F000494D43007F4141000204081020004141A0
:10C700007F00040201020440404040400102040056
:10C710000020545454787F484444383844444428D2
:10C72000384444487F3854545418087E090200188D
:10C73000A4A4A47C7F0804047800447D40004080C9
:10C74000847D007F1028440000417F40007C0478F5
:10C7500004787C080404783844444438FC242424B5
:10C760001818242424FC7C08040408485454542435
:10C77000043F4440203C4040207C1C2040201C3C86
:10C780004030403C44281028441CA0A0A07C4464B5
:10C79000544C4400106C82000000FF000000826CCA
:10C7A00010000006090906000000000012CDFDFF80
:10C7B0006ECDFDFF6ECDFDFF5ECDFDFF84CDFDFF97
:10C7C00026CDFDFFD0CDFDFFB2CDFDFFE2CDFDFFBB
:10C7D000EACDFDFFDACDFDFFDECDFDFFEECDFDFFA5
:10C7E000E6CDFDFFF2CDFDFF0000FF00FF00FF00E2
:10C7F00000080CFE0C0800000000010244887000D4
:10C8000000003E4141413E0000003E0101013E006A
:10C8100000003C4242423C0000040C7C0C0400003E
:10C82000001C22A2A2A25C8000007E414949493638
:10C83000001C14147F14141C0002040810080402C5
:10C8400000007C424242420000003C3C3C3C000074
:10C850007735CF6EF566DE19FF98C9C5CCC12B744C
:10C86000AB7BB850BAB1630C6A1218D8CE463451BB
:10C87000BA7816BF8F01CFEA414140DE5DAE222378
:10C88000B00361A396177A9CB410FF61F20015AD56
:10C89000982F8A4291443771CFFBC0B5A5DBB5E92B
:10C8A0005BC25639F111F159A4823F92D55E1CAB9F
:10C8B00098AA07D8015B8312BE853124C37D0C552D
:10C8C000745DBE72FEB1DE80A706DC9B74F19BC175
:10C8D000C1699BE48647BEEFC69DC10FCCA10C2465
:10C8E0006F2CE92DAA84744ADCA9B05CDA88F97649
:10C8F00052513E986DC631A8C82703B0C77F59BFB3
:10C90000F30BE0C64791A7D55163CA0667292914DE
:10C91000850AB72738211B2EFC6D2C4D130D38537B
:10C9200054730A65BB0A6A762EC9C281852C72923D
:10C93000A1E8BFA24B661AA8708B4BC2A3516CC76B
:10C9400019E892D1240699D685350EF470A06A10A4
:10C9500016C1A419086C371E4C774827B5BCB034F3
:10C96000B30C1C394AAAD84E4FCA9C5BF36F2E6891
:10C97000EE828F746F63A5781478C8840802C78C20
:10C98000FAFFBE90EB6C50A4F7A3F9BEF27871C623
:10C990000138CC576B29C0ACC9C159CA6BD98EF6C6
:10C9A000EC6D3A64CBB41F09C4C425D8DC7EC252F6
:10C9B0009ED5FDFF34D6FDFF50D6FDFF1AD7FDFFF3
:10C9C0001AD7FDFF1AD7FDFF1AD7FDFF1AD7FDFFB3
:10C9D000D0D5FDFF00D6FDFF1CD6FDFFCAD8FDFF58
:10C9E000FCD7FDFFEED6FDFF60D8FDFFEED6FDFFC4
:10C9F000D6D7FDFF50D6FDFFEED6FDFFE0D7FDFFF9
:10CA0000F2D7FDFFC4D8FDFFA4D5FDFF72D6FDFF10
:10CA1000E4D6FDFF2ED7FDFF6CD6FDFF6CD6FDFFE3
:10CA200072D7FDFF7CD7FDFF160350004100440084
:10CA30002D0043004F004E00460049004700000013
:10CA40000A03500041004400200000000A060002D2
:10CA5000FF00FF400100000005010905A1010509D3
:10CA6000190129141500250175019514810215007D
:10CA7000250175019504810105010905150026FFB1
:10CA80000075089510910205010905150026FF00A3
:10CA900075089510B102C00009022900010100804B
:10CAA000FA0904000002030000000921110100013D
:10CAB000223F000705810310000107050103100054
:10CAC0000A0000001201100100000040091258CFB6
:10CAD0000001010200010000C8DAFDFF18DBFDFFC4
:10CAE00060DBFDFFA0DBFDFFE2DAFDFF2EDBFDFFDB
:10CAF0006EDBFDFFAEDBFDFF0ADCFDFF1EDCFDFF94
:10CB0000DADCFDFFDADCFDFFDADCFDFFDADCFDFF5D
:10CB1000DADCFDFFCEDBFDFFC0DBFDFFFEDBFDFF52
:10CB2000A4DFFDFF02DEFDFFB2DCFDFFD4DEFDFF72
:10CB3000B2DCFDFFD8DDFDFF18DCFDFFB2DCFDFF40
:10CB4000E2DDFDFFF8DDFDFF9EDFFDFFA6DBFDFF63
:10CB500038DCFDFFA8DCFDFF0ADDFDFF30DCFDFF5A
:10CB600030DCFDFF76DDFDFF86DDFDFF4EDDFDFFE8
:10CB70000ADDFDFF1CDDFDFF2CDDFDFF3CDDFDFFC3
:10CB8000B203580062006F00780020005300650077
:10CB900063007500720069007400790020004D0088
:10CBA0006500740068006F006400200033002C00F2
:10CBB0002000560065007200730069006F006E006F
:10CBC000200031002E00300030002C002000A90091
:10CBD0002000320030003000350020004D00690098
:10CBE000630072006F0073006F0066007400200025
:10CBF00043006F00720070006F00720061007400EB
:10CC000069006F006E002E00200041006C006C0077
:10CC10002000720069006700680074007300200043
:10CC200072006500730065007200760065006400A4
:10CC30002E0000001003300038004600450043007D
:10CC400039003300160343006F006E007400720059
:10CC50006F006C006C006500720000002E03A900DC
:10CC60004D006900630072006F0073006F00660082
:10CC70007400200043006F00720070006F007200AB
:10CC80006100740069006F006E0000000A06000277
:10CC9000FF00FF400100000009029900040100A00C
:10CCA000FA0904000002FF5D0100112100010125C5
:10CCB0008114000000001301080000070581032013
:10CCC0000001070501032000080904010004FF5DBD
:10CCD00003001B2100010101824001022016830094
:10CCE000000000000016030000000000000705829D
:10CCF0000320000207050203200004070583032028
:10CD00000040070503032000100904020001FF5D35
:10CD10000200092100010122840700070584032085
:10CD200000100904030000FFFD1304064100010187
:10CD30000300000012010002FFFFFF405E048E02AC
:10CD40001401010203010000BE31FEFF3232FEFF7A
:10CD5000A632FEFFA632FEFF4232FEFFA632FEFFE3
:10CD60005A32FEFF7C32FEFFA632FEFF9632FEFFF5
:10CD7000EA32FEFF0A33FEFF8633FEFF1C33FEFF5E
:10CD80008633FEFF8633FEFF8633FEFF3E33FEFF13
:10CD90008633FEFF8633FEFF8633FEFF6233FEFFDF
:10CDA0008A2202006E060100C6220200F013010072
:10CDB00042230200BC130100FC230200881301007F
:10CDC00098240200061F0100E6240200061F01004D
:10CDD00040250200581E0100FC2302002813010018
:10CDE000D4250200741601000000000000000000BD
:10CDF0001E2602000017010090260200F206010024
:10CE00003085FEFF3085FEFF5685FEFF6E85FEFFF6
:10CE10007685FEFF7E85FEFF8685FEFF8E85FEFF02
:10CE20009685FEFF9E85FEFFA685FEFFDE85FEFF42
:10CE3000E685FEFFAE85FEFF01010201020101024F
:10CE400001020404060104010101010104040201BC
:10CE500004000000010102010201010201010404B9
:10CE600006010401010101010401020101000000A9
:10CE7000BC92FEFFC892FEFF0A93FEFF3094FEFFB5
:10CE80003A94FEFF7E94FEFFC094FEFFFE94FEFFE8
:10CE90003695FEFFCE93FEFF6A95FEFFF495FEFFEA
:10CEA00016A2FEFFF2A1FEFF16A5FEFF72A5FEFF71
:10CEB0007AA8FEFF94A6FEFFDAA6FEFF1EA7FEFFDD
:10CEC00056A7FEFF9AA7FEFFF2A1FEFFDEA7FEFF18
:10CED00054A8FEFF00000000000000000000000059
:10CEE00000000087C893010006A601009E9401007F
:10CEF00068A60100C29401006295010090950100AE
:10CF0000D495010072A50100E2A401000097010080
:10CF10002C9701009E9701004498010052A4010043
:10CF200064A3010072A2010054890100F698010077
:10CF30004A9901007CA9010014A901007C99010013
:10CF4000249B0100789C0100029D01002E9D0100A0
:10CF5000D2A90100D6A90100C49D0100069E0100CE
:10CF6000DAA90100DEA90100E2A90100E6A9010099
:10CF7000D4A70100509E01002E9F0100EAA90100E4
:10CF8000EEA90100DA9F010038A2010043483538BC
:10CF9000785F424C455F4C49425F56322E31330038
:10CFA0008E32FFFF9C32FFFFA432FFFFAA32FFFF49
:10CFB000B032FFFFD032FFFFD832FFFFDE32FFFF7B
:10CFC000E832FFFFEE32FFFFF432FFFFFA32FFFFDD
:10CFD0000033FFFF0C33FFFF1233FFFF1833FFFF57
:10CFE0005A33FFFF1E33FFFF2433FFFF2A33FFFFB7
:10CFF0003033FFFF3C33FFFF5A33FFFF5A33FFFF4D
:10D000005A33FFFF5A33FFFF5A33FFFF5A33FFFFF4
:10D010005A33FFFF5A33FFFF4633FFFF3633FFFF1C
:10D020005A33FFFF4C33FFFF5433FFFF9C38FFFFA1
:10D03000C838FFFFEA38FFFF0039FFFF1439FFFF50
:10D040003039FFFF4E39FFFF5E39FFFF7839FFFFB0
:10D050008E39FFFFB039FFFFC639FFFFDA39FFFF16
:10D06000EE39FFFF0C3AFFFF1C3AFFFF363AFFFF95
:10D07000C83BFFFFDC3BFFFFF23BFFFF103CFFFF25
:10D08000823DFFFF583CFFFF563AFFFF6E3CFFFF1B
:10D090007E3CFFFFA83AFFFFA83AFFFF683BFFFF77
:10D0A000723BFFFF863CFFFF323CFFFF963CFFFFD9
:10D0B000083DFFFF4A3DFFFFE43FFFFF5E3DFFFFEE
:10D0C0005E3DFFFF323FFFFFF23DFFFF403DFFFFB0
:10D0D000DA3FFFFF5E3DFFFFD43EFFFF6A3FFFFFE9
:10D0E0005E3DFFFF5E3DFFFF5E3DFFFF5E3DFFFFDC
:10D0F0005E3DFFFF5E3DFFFF5E3DFFFF5E3DFFFFCC
:10D100005E3DFFFF5E3DFFFFB43DFFFF7E41FFFF41
:10D110006042FFFF3242FFFF9842FFFF9842FFFF4D
:10D120001043FFFF5443FFFF6042FFFF6042FFFFD9
:10D130006042FFFF6042FFFF6042FFFF6042FFFF6F
:10D140006042FFFF6042FFFF6042FFFF6042FFFF5F
:10D150006042FFFF6042FFFF7443FFFF7443FFFF25
:10D160006042FFFF6042FFFF6042FFFF6042FFFF3F
:10D170006042FFFF6042FFFFCE43FFFFCE43FFFF51
:10D180003A48FFFF4448FFFF5A48FFFF6648FFFF49
:10D190007A48FFFF8248FFFF8848FFFF9048FFFF63
:10D1A0009848FFFF9E48FFFFA448FFFFAC48FFFFE1
:10D1B000B248FFFFB848FFFFC048FFFFFA48FFFF33
:10D1C000FA48FFFFC648FFFFD048FFFFD648FFFFE1
:10D1D000DC48FFFFE248FFFFEA48FFFFF448FFFF9B
:10D1E000DA48FFFFF648FFFF0A49FFFF224BFFFF27
:10D1F0002249FFFF7C49FFFF9049FFFFA449FFFF41
:10D20000BC49FFFFD449FFFFE449FFFFFC49FFFF92
:10D21000224BFFFF144AFFFF224BFFFF224BFFFF71
:10D22000264AFFFF4A4AFFFF6E4AFFFF824AFFFF7E
:10D23000904AFFFFA24AFFFFE44AFFFFFB349B5FD7
:10D24000800000800010000000000000070B0D119E
:10D2500013171D1F25292B2F353B3D4347494F539E
:10D260005961FF00F077FFFF2C78FFFF5879FFFF2F
:10D27000FC79FFFF0C7AFFFFF87AFFFF907AFFFF3F
:10D28000667BFFFF147CFFFF7C77FFFF0279FFFFC7
:10D29000A478FFFFE07AFFFF048A02000482020004
:10D2A000BA810200DA860200AA8602007C860200A9
:10D2B0003C8602000E860200F0870200F48702001E
:10D2C00088840200F887020048840200FC8702007C
:10D2D0002484020000880200F6830200E683020034
:10D2E000AE830200048802008C83020008880200DA
:10D2F0000C8802001088020014880200BE8102001F
:10D30000D2810200188802001C88020020880200D6
:10D3100024880200E887020022830200988202002B
:10D32000EC8702008687020020870200D681020077
:10D3300022A80200C4A70200B0A70200C4A70200EE
:10D3400016A80200C4A70200B0A7020022A802008B
:10D3500022A8020016A80200B0A70200CAA7020075
:10D36000CAA70200CAA7020016A802000001020212
:10D37000030303030404040404040404050505056D
:10D380000505050505050505050505050606060649
:10D39000060606060606060606060606060606062D
:10D3A0000606060606060606060606060707070719
:10D3B00007070707070707070707070707070707FD
:10D3C00007070707070707070707070707070707ED
:10D3D00007070707070707070707070707070707DD
:10D3E00007070707070707070707070708080808C9
:10D3F00008080808080808080808080808080808AD
:10D40000080808080808080808080808080808089C
:10D41000080808080808080808080808080808088C
:10D42000080808080808080808080808080808087C
:10D43000080808080808080808080808080808086C
:10D44000080808080808080808080808080808085C
:10D45000080808080808080808080808080808084C
:10D46000080808080808080808080808CCB70200D7
:10D47000E2B70200A8B70200A8B70200A8B70200EE
:10D48000A8B70200E2B70200A8B70200A8B70200DE
:10D49000A8B70200A8B7020030B9020020B8020005
:10D4A000D0B80200A8B70200A8B7020060B9020015
:10D4B000A8B7020020B80200A8B70200A8B702006F
:10D4C000D8B8020002000000E4D40200012A0000E3
:10D4D000A62A00000328000002290000002A0000FC
:10D4E00007290000001800000118000002280000B1
:10D4F000042A00000028000008290000012800007C
:04D50000052A0000F8
:10D50400411122C426C21794FD1F1304E4A9979461
:10D51400FD1F938424A5944858409387C1AD06C643
:10D524009C43639FE60682975440B74736FE938731
:10D5340007C8B6973387A7003A856364F700636426
:10D54400D7003305D7409794FD1F9384A4BD9C4C0A
:10D5540091CB9387C1BB94433707CDFF7D179C467E
:10D56400F98F9CC611E148409797FD1F9387C79B8D
:10D57400DC53829719E59C4C99CFEFE0CEA7EFD00E
:10D58400DE909C4C89CB9387C1BB9843B70633008C
:10D594001C47D58F1CC7B24022449244410182806B
:10D5A400829798489797FD1F83C7579954401D8FBA
:10D5B400B307A7003E8563E4E700E3E6D7F83385C5
:04D5C400D74051B744
:10D5C8006C6B0000746B00009E860000DE8E00000D
:04D5D800EA8E0000D7
:10D5DC006A3F0000D83F000000000000020000007D
:10D5EC00F4D402000100000074330020020000009B
:10D5FC00D4D4020001000000B73200200200000069
:10D60C007C33002001000000B63200200200000034
:10D61C00D8D40200030000002C37002002000000C8
:10D62C00F8D4020001000000B4320020CC4100000C
:10D63C00000000000000000002000000F4D4020012
:10D64C0001000000A433002002000000D4D402002A
:10D65C0001000000C732002002000000CC33002083
:10D66C0001000000A834002002000000D4D4020005
:10D67C0001000000C632002002000000C833002068
:10D68C00010000009C33002002000000D4D40200F2
:10D69C0001000000C532002002000000C43300204D
:10D6AC0001000000CC2A002002000000D4D40200AB
:10D6BC0001000000C432002002000000C033002032
:10D6CC00010000009433002002000000D4D40200BA
:10D6DC0001000000C332002002000000BC33002017
:10D6EC00010000008C33002002000000D4D40200A2
:10D6FC0001000000C232002002000000B8330020FC
:10D70C00010000008433002002000000D4D4020089
:10D71C0001000000C132002002000000B4330020E0
:10D72C00010000002CBD020002000000D4D4020055
:10D73C0001000000C032002002000000B0330020C5
:10D74C00010000001CBD020002000000D4D4020045
:10D75C0001000000BF32002002000000AC330020AA
:10D76C0001000000B83200204849445F43485F3054
:10D77C00310000001A490000544A0000000000006B
:10D78C0002000000F4D4020001000000D433002099
:10D79C0002000000ECD4020001000000BE340020A6
:10D7AC0002000000D4D4020001000000DB32002093
:10D7BC0002000000F033002040000000DC330020A9
:10D7CC0002000000D4D4020001000000D532002079
:10D7DC0002000000E833002080000000BD3400206F
:10D7EC0002000000D4D4020001000000D43200205A
:10D7FC0002000000E0330020C0000000D332002003
:10D80C0002000000D4D4020001000000DA32002033
:10D81C0002000000EC3300204000000038BD020084
:10D82C0002000000E0D4020001000000D832002009
:10D83C0002000000D4D4020001000000D23200200B
:10D84C0002000000E433002040000000BC34002043
:10D85C0002000000D8D40200810000004C370020E8
:10D86C0002000000F8D4020001000000D0320020B9
:10D87C0002000000D4D4020001000000CE320020CF
:10D88C0002000000E433002080000000B4340020CB
:10D89C0002000000F8D4020001000000CC3200208D
:10D8AC0002000000D4D4020001000000CB320020A2
:10D8BC0002000000F433002040000000B1340020CE
:10D8CC0002000000D8D40200810000003C37002088
:10D8DC0002000000D4D4020001000000CA32002073
:10D8EC0002000000E4330020C0000000B03400202F
:10D8FC0002000000F8D4020001000000C832002031
:10D90C00824500005C45000000000000224600003B
:10D91C0000000000AC440000944B0000984B000049
:10D92C000000000002000000F4D40200010000001E
:10D93C00FC33002002000000D4D4020001000000DF
:10D94C00DF320020020000000834002080000000BC
:10D95C00E434002002000000D4D4020001000000D6
:10D96C00DE32002002000000043400200000000021
:10D97C00E034002002000000D8D402008100000036
:10D98C00743700201A490000544A000000000000BF
:10D99C0002000000F4D4020001000000103400204A
:10D9AC0002000000ECD4020001000000F034002062
:10D9BC0002000000D4D4020001000000F732002065
:10D9CC00020000002C34002040000000183400201D
:10D9DC0002000000D4D4020001000000F13200204B
:10D9EC00020000002434002080000000EF340020EE
:10D9FC0002000000D4D4020001000000F03200202C
:10DA0C00020000001C340020C0000000EF32002097
:10DA1C0002000000D4D4020001000000F632002005
:10DA2C0002000000283400204000000054BE020018
:10DA3C0002000000E0D4020001000000F4320020DB
:10DA4C0002000000D4D4020001000000EE320020DD
:10DA5C00020000002034002040000000EE340020C2
:10DA6C0002000000D8D4020081000000B43700206E
:10DA7C0002000000F8D4020001000000EC3200208B
:10DA8C0002000000D4D4020001000000EA320020A1
:10DA9C000200000020340020C0000000A437002049
:10DAAC0002000000F8D4020001000000E83200205F
:10DABC0002000000D4D4020001000000E432002077
:10DACC00020000003434002040000000ED3400203F
:10DADC0002000000D8D4020081000000943700201E
:10DAEC0002000000D4D4020001000000E332002048
:10DAFC000200000030340020C0000000EC34002094
:10DB0C0002000000D4D4020001000000E232002028
:10DB1C000200000020340020C000000084370020E8
:10DB2C0002000000F8D4020001000000E0320020E6
:10DB3C0043482D4B6579626F6172640043482D43F5
:10DB4C006F6E66696775726500000000020105035F
:10DB5C0019C1030B0943482D4B4559424F415244BF
:10DB6C000201050319C4030B095041442D434F4EC8
:10DB7C0046494700705B0000EA5A000000000000B4
:10DB8C00EC5A0000051206000600050212180F18C8
:10DB9C00020A00001A490000544A0000000000006C
:10DBAC0002000000F4D40200010000004C340020FC
:10DBBC0002000000ECD40200010000001C35002023
:10DBCC0002000000D4D40200010000002733002022
:10DBDC000200000068340020400000005434002093
:10DBEC0002000000D4D40200010000002133002008
:10DBFC000200000060340020800000001B35002073
:10DC0C0002000000D4D402000100000020330020E8
:10DC1C000200000058340020C00000001F33002018
:10DC2C0002000000D4D402000100000026330020C2
:10DC3C00020000006434002040000000ACC202006E
:10DC4C0002000000E0D40200010000002433002098
:10DC5C0002000000D4D40200010000001E3300209A
:10DC6C00020000005C340020400000001A35002047
:10DC7C0002000000D8D4020081000000A03800206F
:10DC8C0002000000F8D40200010000001C33002048
:10DC9C0002000000D4D40200010000001A3300205E
:10DCAC00020000005C340020C00000001935002088
:10DCBC0002000000F8D4020001000000183300201C
:10DCCC0002000000D4D40200010000001433002034
:10DCDC0002000000703400204000000018350020C5
:10DCEC0002000000D8D4020081000000903800200F
:10DCFC0002000000D4D40200010000001333002005
:10DD0C00020000006C340020C00000001735002019
:10DD1C0002000000D4D402000100000012330020E5
:10DD2C00020000005C340020C0000000163500200A
:10DD3C0002000000F8D402000100000010330020A3
:10DD4C00010203040506070809000000090700008A
:10DD5C0000000000000000000000000000000000B7
:10DD6C0000000000000000000000000000000000A7
:10DD7C000000000000000000090700000000000087
:10DD8C000000000000000000000000000000000087
:10DD9C000000000000000000000000000000000077
:10DDAC000000000000000000000000000000000067
:10DDBC000000000000000000000000000000000057
:10DDCC000000000000000000000000000000000047
:10DDDC000000000000000000000000000000000037
:10DDEC000000000000000000000000000000000027
:10DDFC000000000000000000000000000000000017
:10DE0C000000000000000000000000000000000006
:10DE1C000000000002000000F4D402000100000029
:10DE2C00C4D4020002000000D4D40200010000009F
:10DE3C003733002002000000DCD402000100000097
:10DE4C000000000002000000D4D402000100000019
:10DE5C003433002002000000CCD40200010000008A
:10DE6C00F435002002000000D4D4020001000000B0
:10DE7C003833002002000000F0D402000100000042
:10DE8C003C33002002000000D4D40200010000004A
:10DE9C003633002002000000D0D402000100000044
:10DEAC0035330020CCFA000022FC000000000000FA
:10DEBC0002000000F4D402000100000048330020EE
:10DECC0002000000D4D402000100000053330020F3
:10DEDC000200000000D5020000000000000000005D
:10DEEC0002000000D8D40200030000000000000073
:10DEFC00000000008008010000000000000000008D
:10DF0C000000000068000000D000000000000000CD
:10DF1C0000000000000000000000000000000000F5
:10DF2C0000000000000000000000000000000000E5
:10DF3C0000000000000000000000000000000000D5
:10DF4C000000000000000000000000009C630020A6
:10DF5C0004016412025E04130B09050202020202A0
:10DF6C000202020200030A1203020C000101120158
:10DF7C0006060000192A02021B01100400030A0EF7
:10DF8C001200000000020E00000112010604000045
:10DF9C00192A02023F00FF006CC20200FEFF0000C3
:10DFAC0060EA000001000000FF003F0000030A0EC1
:10DFBC001200000000020E00000112010604000015
:10DFCC00192A020229417671FFFF0000C3812F013B
:10DFDC0002010202020000005000A0000000E80351
:10DFEC00FFFF000002000000E8D402000100FF2047
:10DFFC00010502010110010160320020000080398E
:10E00C00666686409A9939406466A63F0000C8420D
:10E01C000200000080330020192A00000F180000B5
:10E02C00312E302E30000000312E302E300000000A
:10E03C00312E302E30000000312E302E30000000FA
:10E04C0002000000D0330020502A00002A2A0000D1
:10E05C00292A0000282A0000272A0000262A00006E
:10E06C00252A0000242A0000232A00000A18000098
:10E07C0002000000F8330020110100014E2A0000BC
:10E08C004D2A00004C2A00004B2A00004A2A0000AE
:10E09C00222A000012180000020000000C3400209C
:10E0AC00312A00004F2A0000131800000200000063
:10E0BC0038340020110100014E2A00004D2A0000C6
:10E0CC004C2A00004B2A00004A2A0000322A000089
:10E0DC00222A00001218000001D7070000100100CE
:10E0EC00025E04130B0905000200000074340020CA
:10E0FC00110100014E2A00004D2A00004C2A00009C
:10E10C004B2A00004A2A0000322A0000222A000072
:10E11C0012180000AABBCCDDEEFF000004030904BA
:04E12C0004030904DB
:00000001FF
